CD_MAKE_VEH,CD_MODEL_VEH,CD_CLR_BDY_VEH_P,NB_YEAR_MFC_VEH,TOTAL
ABARTH,500E  ,BLU,2025,1
ABARTH,500E  ,GRN,2025,3
AION  ,AION V,BLK,2026,1
AION  ,UT    ,SIL,2026,1
AION  ,UT    ,WHI,2026,2
AION  ,V     ,BLK,2026,1
AION  ,V     ,GLD,2026,5
AION  ,V     ,GRY,2025,1
AION  ,V     ,GRY,2026,1
AION  ,V     ,SIL,2026,2
AION  ,V     ,WHI,2026,5
AJP   ,PR7   ,WHI,2025,1
AJP   ,PR7   ,WHI,2026,5
ALFA R,GIULIA,BLK,2025,2
ALFA R,GIULIA,GRN,2026,1
ALFA R,GIULIA,WHI,2025,1
ALFA R,JUNIOR,GRY,2025,1
ALFA R,JUNIOR,WHI,2025,1
ALFA R,STELVI,BLK,2025,1
ALFA R,STELVI,RED,2025,1
ALFA R,STELVI,WHI,2025,2
ALFA R,TONALE,WHI,2025,2
ANTONI,ERGIT ,RED,2026,1
APRILI,RS660 ,BLU,2026,1
APRILI,RS660F,BLU,2026,1
APRILI,RS660F,YLW,2026,1
APRILI,TUAREG,BLK,2026,1
APRILI,TUR660,BLK,2026,1
ASTON ,DBX 70,BLK,2025,1
ASV   ,RT-135,YLW,2026,1
ASV   ,RT40  ,YLW,2026,1
AUDI  ,A3    ,BLK,2026,7
AUDI  ,A3    ,BLU,2026,1
AUDI  ,A3    ,GRN,2026,1
AUDI  ,A3    ,GRY,2026,1
AUDI  ,A3    ,RED,2026,1
AUDI  ,A3    ,WHI,2025,1
AUDI  ,A3    ,WHI,2026,1
AUDI  ,A3 SPO,BLK,2026,1
AUDI  ,A5    ,BLK,2025,6
AUDI  ,A5    ,BLK,2026,3
AUDI  ,A5    ,BLU,2025,1
AUDI  ,A5    ,BLU,2026,1
AUDI  ,A5    ,GRY,2025,3
AUDI  ,A5    ,GRY,2026,2
AUDI  ,A5    ,WHI,2025,1
AUDI  ,A5    ,WHI,2026,2
AUDI  ,A5 AVA,BLK,2025,1
AUDI  ,A5 AVA,BLK,2026,1
AUDI  ,A5 AVA,GRY,2026,1
AUDI  ,A5 HYB,GRY,2025,1
AUDI  ,Q2    ,BLK,2026,2
AUDI  ,Q2    ,GRY,2026,3
AUDI  ,Q3    ,BLK,2026,6
AUDI  ,Q3    ,GRY,2025,3
AUDI  ,Q3    ,GRY,2026,2
AUDI  ,Q3    ,WHI,2025,1
AUDI  ,Q3    ,WHI,2026,3
AUDI  ,Q3 SPO,BLK,2025,1
AUDI  ,Q4    ,BLK,2026,8
AUDI  ,Q4    ,BLU,2026,1
AUDI  ,Q4    ,GRY,2026,3
AUDI  ,Q4    ,WHI,2025,1
AUDI  ,Q4    ,WHI,2026,4
AUDI  ,Q4 ETR,BLK,2026,2
AUDI  ,Q4 ETR,BLU,2026,2
AUDI  ,Q4 ETR,GRY,2026,1
AUDI  ,Q4 ETR,WHI,2026,1
AUDI  ,Q4ETRO,WHI,2026,1
AUDI  ,Q5    ,BLK,2026,12
AUDI  ,Q5    ,BLU,2026,2
AUDI  ,Q5    ,GRN,2026,1
AUDI  ,Q5    ,GRY,2025,3
AUDI  ,Q5    ,GRY,2026,21
AUDI  ,Q5    ,RED,2026,1
AUDI  ,Q5    ,WHI,2025,1
AUDI  ,Q5    ,WHI,2026,9
AUDI  ,Q6    ,BLK,2025,2
AUDI  ,Q6    ,BLK,2026,3
AUDI  ,Q6    ,GRY,2025,2
AUDI  ,Q6    ,GRY,2026,7
AUDI  ,Q6    ,WHI,2025,1
AUDI  ,Q6    ,WHI,2026,4
AUDI  ,Q6 E-T,GRY,2026,1
AUDI  ,Q6 ETR,GRY,2026,1
AUDI  ,Q6E-TR,WHI,2025,1
AUDI  ,Q7    ,BLK,2026,5
AUDI  ,Q7    ,GRY,2026,5
AUDI  ,Q7    ,WHI,2026,2
AUDI  ,Q8    ,BLK,2026,1
AUDI  ,Q8    ,BLU,2026,1
AUDI  ,R7 SPO,BLK,2025,1
AUDI  ,RS Q8 ,BLK,2026,1
AUDI  ,RS3   ,BLK,2025,2
AUDI  ,RS3   ,BLK,2026,4
AUDI  ,RS3   ,GRN,2025,1
AUDI  ,RS3   ,GRN,2026,1
AUDI  ,RS3   ,GRY,2025,3
AUDI  ,RS3   ,GRY,2026,4
AUDI  ,RS3   ,RED,2025,1
AUDI  ,RS3   ,WHI,2025,1
AUDI  ,RSQ8  ,BLK,2025,1
AUDI  ,RSQ8  ,BLK,2026,2
AUDI  ,RSQ8  ,GRY,2026,1
AUDI  ,S3    ,BLK,2026,7
AUDI  ,S3    ,BLU,2026,3
AUDI  ,S3    ,GRY,2025,1
AUDI  ,S3    ,GRY,2026,5
AUDI  ,S3    ,WHI,2026,2
AUDI  ,S5    ,BLK,2026,6
AUDI  ,S5    ,GRY,2025,1
AUDI  ,S5    ,GRY,2026,5
AUDI  ,S5 AVA,GRY,2026,1
AUDI  ,SQ5   ,BLK,2026,8
AUDI  ,SQ5   ,BLU,2026,1
AUDI  ,SQ5   ,GRY,2025,2
AUDI  ,SQ5   ,GRY,2026,4
AUDI  ,SQ5   ,WHI,2026,7
AUDI  ,SQ6   ,BLK,2025,1
AUDI  ,SQ6   ,GRY,2025,1
AUDI  ,SQ6 ET,BLK,2026,1
AUDI  ,SQ7   ,WHI,2026,1
AUSA  ,C351HX,RED,2026,1
AVANT ,860I  ,GRN,2025,1
AVANT ,860I  ,GRN,2026,1
B C I ,PK6127,WHI,2026,1
B M W ,1 SERI,GRY,2025,1
B M W ,118   ,BLK,2025,1
B M W ,118   ,GRY,2025,2
B M W ,118   ,PUR,2025,1
B M W ,118   ,WHI,2025,1
B M W ,118 HA,BLK,2025,1
B M W ,118 HA,WHI,2025,1
B M W ,118I  ,BLK,2025,2
B M W ,118I  ,BLU,2025,1
B M W ,118I  ,BLU,2026,1
B M W ,118I  ,PUR,2025,2
B M W ,120   ,BLK,2025,3
B M W ,120   ,BLK,2026,3
B M W ,120   ,GRY,2026,1
B M W ,120   ,WHI,2025,1
B M W ,120 HA,GRY,2026,1
B M W ,1X1   ,WHI,2025,1
B M W ,1X2   ,WHI,2025,1
B M W ,218   ,BLK,2025,1
B M W ,218   ,BLU,2025,1
B M W ,218 GR,BLK,2025,1
B M W ,218I  ,GRY,2025,1
B M W ,220   ,BLK,2025,1
B M W ,220   ,GRY,2026,5
B M W ,220I  ,BLK,2026,2
B M W ,230I  ,BLK,2025,2
B M W ,230I  ,BLK,2026,1
B M W ,230I  ,BLU,2026,1
B M W ,230I  ,GRY,2025,1
B M W ,230I  ,GRY,2026,2
B M W ,230I  ,RED,2026,1
B M W ,330   ,BLU,2026,1
B M W ,330   ,GRY,2026,1
B M W ,330I  ,BLK,2025,1
B M W ,330I  ,BLK,2026,9
B M W ,330I  ,BLU,2026,3
B M W ,330I  ,GRY,2026,5
B M W ,330I  ,RED,2026,1
B M W ,330I  ,WHI,2026,6
B M W ,330I T,GRY,2025,1
B M W ,420I  ,BLK,2026,1
B M W ,420I  ,WHI,2026,1
B M W ,420I C,RED,2025,1
B M W ,430I  ,BLK,2025,2
B M W ,430I  ,BLU,2025,1
B M W ,430I  ,GRY,2025,1
B M W ,430I  ,WHI,2025,2
B M W ,520I  ,BLK,2026,1
B M W ,520I S,GRY,2025,1
B M W ,740   ,GRY,2025,1
B M W ,740I  ,GRY,2025,1
B M W ,840I  ,GRY,2026,1
B M W ,C 400 ,BLK,2026,1
B M W ,C400GT,BLU,2026,1
B M W ,F 800 ,BLK,2026,1
B M W ,F 800 ,BLU,2026,2
B M W ,F 900 ,BLU,2026,3
B M W ,F 900 ,GRN,2026,1
B M W ,F800 G,BLK,2026,1
B M W ,G 310 ,BLK,2026,3
B M W ,G 310 ,GRY,2026,2
B M W ,G 310R,BLU,2026,1
B M W ,G310GS,RED,2026,1
B M W ,G310R ,BLK,2026,4
B M W ,G310R ,BLU,2026,1
B M W ,G310R ,GRY,2026,1
B M W ,I4    ,BLK,2026,7
B M W ,I4    ,BLU,2026,1
B M W ,I4    ,GRY,2025,1
B M W ,I4    ,WHI,2025,7
B M W ,I4    ,WHI,2026,3
B M W ,I4 35 ,BLK,2025,1
B M W ,I4 35 ,BLK,2026,3
B M W ,I4 35 ,GRY,2026,1
B M W ,I4 35 ,WHI,2025,1
B M W ,I4 35 ,WHI,2026,1
B M W ,I4 EDR,BLK,2026,2
B M W ,I4 M50,BLK,2025,3
B M W ,I4 M50,GRY,2025,4
B M W ,I5 M60,WHI,2025,1
B M W ,I7    ,WHI,2025,1
B M W ,IX    ,BLK,2025,1
B M W ,IX    ,BLK,2026,5
B M W ,IX    ,GRY,2025,1
B M W ,IX    ,GRY,2026,2
B M W ,IX    ,WHI,2026,1
B M W ,IX 45 ,BLU,2025,1
B M W ,IX 45 ,BLU,2026,1
B M W ,IX 45 ,GRY,2026,1
B M W ,IX 45 ,WHI,2026,1
B M W ,IX X45,BLK,2026,1
B M W ,IX X45,BLU,2026,2
B M W ,IX1   ,BLK,2025,4
B M W ,IX1   ,BLK,2026,6
B M W ,IX1   ,BLU,2025,2
B M W ,IX1   ,BLU,2026,3
B M W ,IX1   ,GRN,2026,1
B M W ,IX1   ,GRY,2026,1
B M W ,IX1   ,SIL,2025,4
B M W ,IX1   ,SIL,2026,2
B M W ,IX1   ,WHI,2025,10
B M W ,IX1   ,WHI,2026,7
B M W ,IX1 30,BLK,2025,1
B M W ,IX1 30,BLK,2026,3
B M W ,IX1 30,BLU,2026,1
B M W ,IX1 30,GRN,2026,3
B M W ,IX1 30,SIL,2025,1
B M W ,IX1 30,SIL,2026,1
B M W ,IX1 30,WHI,2025,1
B M W ,IX1 30,WHI,2026,2
B M W ,IX2   ,BLK,2025,7
B M W ,IX2   ,BLK,2026,1
B M W ,IX2   ,BLU,2025,6
B M W ,IX2   ,BLU,2026,1
B M W ,IX2   ,GRN,2025,1
B M W ,IX2   ,GRY,2025,6
B M W ,IX2   ,GRY,2026,7
B M W ,IX2   ,MRN,2025,1
B M W ,IX2   ,RED,2025,5
B M W ,IX2   ,RED,2026,1
B M W ,IX2   ,WHI,2025,4
B M W ,IX2   ,WHI,2026,3
B M W ,IX2 20,BLK,2025,1
B M W ,IX2 20,RED,2025,2
B M W ,IX2 30,BLK,2026,2
B M W ,IX2 30,GRN,2026,1
B M W ,IX2 30,GRY,2025,1
B M W ,IX2 30,GRY,2026,1
B M W ,IX2 30,WHI,2026,1
B M W ,IX2 ED,BLK,2025,1
B M W ,IX2 ED,GRN,2026,1
B M W ,IX2 XD,WHI,2025,1
B M W ,IXL   ,WHI,2026,1
B M W ,K 1600,BLK,2026,1
B M W ,M 1000,BLK,2026,4
B M W ,M 1000,SIL,2025,1
B M W ,M 1000,SIL,2026,2
B M W ,M 1000,WHI,2026,4
B M W ,M1000 ,WHI,2026,1
B M W ,M1000R,WHI,2026,1
B M W ,M135  ,BLK,2025,1
B M W ,M135  ,BLK,2026,1
B M W ,M135  ,GRY,2025,2
B M W ,M135  ,WHI,2025,1
B M W ,M135I ,GRY,2025,1
B M W ,M2    ,BLU,2025,1
B M W ,M2    ,BLU,2026,2
B M W ,M2    ,GRN,2026,1
B M W ,M2    ,GRY,2026,5
B M W ,M2 COU,GRN,2026,1
B M W ,M2 COU,GRY,2026,1
B M W ,M2 CS ,BLK,2026,1
B M W ,M2 CS ,BLU,2026,1
B M W ,M235  ,BLK,2025,1
B M W ,M235  ,RED,2025,1
B M W ,M240I ,BLK,2026,2
B M W ,M240I ,GRY,2026,2
B M W ,M240I ,RED,2026,1
B M W ,M240I ,WHI,2026,2
B M W ,M3    ,BLK,2026,2
B M W ,M3    ,GRY,2025,1
B M W ,M3    ,GRY,2026,3
B M W ,M3 COM,BLU,2026,1
B M W ,M3 COM,GRN,2026,1
B M W ,M3 COM,GRY,2025,2
B M W ,M3 COM,GRY,2026,4
B M W ,M3 COM,OGE,2026,1
B M W ,M3 COM,WHI,2025,1
B M W ,M3 COM,WHI,2026,2
B M W ,M3 CS ,BLU,2025,1
B M W ,M340I ,BLK,2026,2
B M W ,M340I ,BLU,2026,1
B M W ,M340I ,GRY,2026,6
B M W ,M340I ,WHI,2026,3
B M W ,M4    ,BLU,2026,1
B M W ,M4 COM,WHI,2025,1
B M W ,M440I ,BLU,2025,1
B M W ,M440I ,BLU,2026,1
B M W ,M440I ,RED,2026,1
B M W ,M5    ,GRN,2026,1
B M W ,M5    ,OGE,2026,1
B M W ,M5 TOU,GRY,2025,1
B M W ,M8    ,BLU,2025,1
B M W ,M850I ,BLU,2025,1
B M W ,R 12 G,BLK,2026,2
B M W ,R 12 G,WHI,2026,1
B M W ,R 12 N,BLU,2026,1
B M W ,R 1300,BLK,2026,12
B M W ,R 1300,BLU,2026,8
B M W ,R 1300,GRN,2026,1
B M W ,R 1300,RED,2026,1
B M W ,R 1300,WHI,2026,3
B M W ,R12 NI,OGE,2026,1
B M W ,R12 NI,SIL,2026,1
B M W ,R1300 ,BLK,2026,2
B M W ,R1300 ,BLU,2026,2
B M W ,R1300 ,GRY,2026,1
B M W ,R1300G,BLK,2026,1
B M W ,R1300G,BLU,2026,1
B M W ,S 1000,BLK,2026,6
B M W ,S 1000,BLU,2026,9
B M W ,S 1000,SIL,2026,1
B M W ,S 1000,WHI,2026,3
B M W ,S1000 ,BLU,2026,2
B M W ,S1000R,SIL,2026,1
B M W ,X1    ,BLK,2025,6
B M W ,X1    ,BLK,2026,9
B M W ,X1    ,BLU,2025,2
B M W ,X1    ,BLU,2026,4
B M W ,X1    ,GRN,2025,1
B M W ,X1    ,GRN,2026,7
B M W ,X1    ,GRY,2025,2
B M W ,X1    ,GRY,2026,3
B M W ,X1    ,SIL,2025,1
B M W ,X1    ,SIL,2026,5
B M W ,X1    ,WHI,2025,8
B M W ,X1    ,WHI,2026,12
B M W ,X1 18I,BLK,2025,2
B M W ,X1 18I,BLK,2026,2
B M W ,X1 18I,GRN,2026,1
B M W ,X1 18I,WHI,2025,1
B M W ,X1 20I,BLK,2026,1
B M W ,X1 20I,BLU,2025,1
B M W ,X1 20I,GRN,2025,1
B M W ,X1 20I,GRY,2025,1
B M W ,X1 20I,SIL,2025,2
B M W ,X1 20I,SIL,2026,1
B M W ,X1 20I,WHI,2025,2
B M W ,X1 20I,WHI,2026,5
B M W ,X1 M35,RED,2026,1
B M W ,X1 SDR,WHI,2025,1
B M W ,X1 XDR,BLU,2026,1
B M W ,X1 XDR,WHI,2026,1
B M W ,X2    ,BLK,2025,3
B M W ,X2    ,BLK,2026,3
B M W ,X2    ,BLU,2025,1
B M W ,X2    ,GRY,2025,8
B M W ,X2    ,GRY,2026,1
B M W ,X2    ,WHI,2025,1
B M W ,X2    ,WHI,2026,2
B M W ,X2 20I,WHI,2025,1
B M W ,X2 M35,GRY,2025,1
B M W ,X2 M35,GRY,2026,2
B M W ,X3    ,BEI,2025,4
B M W ,X3    ,BEI,2026,1
B M W ,X3    ,BLK,2025,9
B M W ,X3    ,BLK,2026,13
B M W ,X3    ,BLU,2025,6
B M W ,X3    ,BLU,2026,9
B M W ,X3    ,GLD,2026,1
B M W ,X3    ,GRY,2025,13
B M W ,X3    ,GRY,2026,14
B M W ,X3    ,RED,2025,2
B M W ,X3    ,WHI,2025,13
B M W ,X3    ,WHI,2026,11
B M W ,X3 20 ,BLK,2026,3
B M W ,X3 20 ,BLU,2025,2
B M W ,X3 20 ,BLU,2026,1
B M W ,X3 20 ,GRY,2025,2
B M W ,X3 20 ,GRY,2026,4
B M W ,X3 20 ,WHI,2025,2
B M W ,X3 20 ,WHI,2026,1
B M W ,X3 20X,WHI,2025,1
B M W ,X3 30E,BLK,2025,2
B M W ,X3 30E,BLK,2026,3
B M W ,X3 30E,BLU,2025,1
B M W ,X3 30E,BLU,2026,3
B M W ,X3 30E,GRY,2025,10
B M W ,X3 30E,GRY,2026,8
B M W ,X3 30E,WHI,2025,7
B M W ,X3 30E,WHI,2026,2
B M W ,X3 40D,GRY,2026,3
B M W ,X3 40D,WHI,2026,2
B M W ,X3 M50,BLK,2025,1
B M W ,X3 M50,BLK,2026,2
B M W ,X3 M50,BLU,2025,1
B M W ,X3 M50,BLU,2026,2
B M W ,X3 M50,GRY,2025,1
B M W ,X3 M50,WHI,2025,2
B M W ,X3 M50,WHI,2026,2
B M W ,X4    ,BLK,2025,2
B M W ,X4    ,GRY,2026,1
B M W ,X4    ,WHI,2025,1
B M W ,X4    ,WHI,2026,2
B M W ,X4 30I,GRY,2025,1
B M W ,X5    ,BLK,2025,2
B M W ,X5    ,BLK,2026,5
B M W ,X5    ,BLU,2025,5
B M W ,X5    ,BLU,2026,1
B M W ,X5    ,GRN,2025,2
B M W ,X5    ,GRY,2025,18
B M W ,X5    ,GRY,2026,13
B M W ,X5    ,WHI,2025,4
B M W ,X5    ,WHI,2026,4
B M W ,X5 30D,BLK,2025,3
B M W ,X5 30D,BLK,2026,7
B M W ,X5 30D,BLU,2026,2
B M W ,X5 30D,GRY,2025,2
B M W ,X5 30D,GRY,2026,1
B M W ,X5 30D,WHI,2026,2
B M W ,X5 40I,BLK,2025,2
B M W ,X5 40I,GRY,2026,1
B M W ,X5 40I,WHI,2025,1
B M W ,X5 50E,BLK,2025,1
B M W ,X5 50E,BLU,2026,1
B M W ,X5 50E,GRY,2025,1
B M W ,X5 50E,GRY,2026,2
B M W ,X5 M  ,BLU,2026,1
B M W ,X5 M60,BLK,2026,1
B M W ,X5 M60,GRY,2026,1
B M W ,X5 M60,WHI,2025,1
B M W ,X5 M60,WHI,2026,2
B M W ,X5 XDR,BLK,2026,1
B M W ,X5 XDR,GRY,2026,3
B M W ,X5 XDR,WHI,2025,1
B M W ,X6    ,BLK,2026,1
B M W ,X6    ,BLU,2026,1
B M W ,X6    ,GRY,2026,2
B M W ,X6 30D,BLK,2025,1
B M W ,X6 30D,BLK,2026,1
B M W ,X6 30D,GRY,2026,1
B M W ,X6 30D,WHI,2025,1
B M W ,X6 40I,BLK,2026,1
B M W ,X6 40I,GRY,2026,1
B M W ,X6 40I,WHI,2026,1
B M W ,X6 M60,BLK,2025,1
B M W ,X6 M60,BLU,2026,1
B M W ,X6 XDR,BLK,2026,1
B M W ,X6 XDR,GRY,2025,1
B M W ,X6 XDR,WHI,2025,1
B M W ,X7    ,BLK,2025,5
B M W ,X7    ,BLK,2026,1
B M W ,X7    ,BLU,2025,1
B M W ,X7    ,BLU,2026,1
B M W ,X7    ,GRY,2025,3
B M W ,X7    ,GRY,2026,3
B M W ,X7    ,WHI,2025,1
B M W ,X7 40D,BLK,2025,1
B M W ,X7 40D,BLK,2026,3
B M W ,X7 40D,BLU,2025,1
B M W ,X7 40D,WHI,2026,1
B M W ,X7 40I,GRY,2026,1
B M W ,X7 M60,BLK,2025,1
B M W ,X7 M60,BLK,2026,2
B M W ,X7 M60,GRY,2025,2
B M W ,X7 XDR,WHI,2025,1
B Y D ,ATT0 2,BLK,2026,1
B Y D ,ATTO  ,BLK,2026,3
B Y D ,ATTO  ,BLU,2026,2
B Y D ,ATTO  ,GRN,2025,1
B Y D ,ATTO  ,GRN,2026,7
B Y D ,ATTO  ,GRY,2026,4
B Y D ,ATTO  ,SIL,2026,1
B Y D ,ATTO  ,WHI,2025,3
B Y D ,ATTO  ,WHI,2026,8
B Y D ,ATTO 1,BLK,2025,2
B Y D ,ATTO 1,BLK,2026,12
B Y D ,ATTO 1,BLU,2026,12
B Y D ,ATTO 1,GRN,2025,2
B Y D ,ATTO 1,GRN,2026,12
B Y D ,ATTO 1,SIL,2026,1
B Y D ,ATTO 1,WHI,2025,7
B Y D ,ATTO 1,WHI,2026,11
B Y D ,ATTO 2,BLK,2025,6
B Y D ,ATTO 2,BLK,2026,16
B Y D ,ATTO 2,GRN,2026,1
B Y D ,ATTO 2,GRY,2025,8
B Y D ,ATTO 2,GRY,2026,1
B Y D ,ATTO 2,WHI,2025,20
B Y D ,ATTO 2,WHI,2026,44
B Y D ,ATTO 3,BLK,2025,4
B Y D ,ATTO 3,BLK,2026,7
B Y D ,ATTO 3,BLU,2026,1
B Y D ,ATTO 3,GRY,2025,4
B Y D ,ATTO 3,GRY,2026,22
B Y D ,ATTO 3,WHI,2025,11
B Y D ,ATTO 3,WHI,2026,8
B Y D ,ATTO1 ,BLK,2025,1
B Y D ,ATTO1 ,BLK,2026,5
B Y D ,ATTO1 ,BLU,2026,7
B Y D ,ATTO1 ,GRN,2026,40
B Y D ,ATTO1 ,SIL,2026,5
B Y D ,ATTO1 ,WHI,2025,5
B Y D ,ATTO1 ,WHI,2026,3
B Y D ,ATTO2 ,BLK,2025,8
B Y D ,ATTO2 ,BLK,2026,18
B Y D ,ATTO2 ,GRY,2025,5
B Y D ,ATTO2 ,WHI,2025,5
B Y D ,ATTO2 ,WHI,2026,8
B Y D ,ATTO3 ,BLK,2025,1
B Y D ,ATTO3 ,BLK,2026,13
B Y D ,ATTO3 ,GRY,2025,3
B Y D ,ATTO3 ,GRY,2026,6
B Y D ,ATTO3 ,WHI,2025,4
B Y D ,ATTO3 ,WHI,2026,5
B Y D ,BYD   ,BLK,2025,1
B Y D ,BYD MY,BLK,2026,1
B Y D ,BYD MY,GRY,2025,1
B Y D ,BYD MY,WHI,2026,1
B Y D ,DEALIO,WHI,2026,1
B Y D ,DOLPHI,BLU,2025,1
B Y D ,DOLPHI,BLU,2026,4
B Y D ,DOLPHI,GRY,2025,15
B Y D ,DOLPHI,GRY,2026,24
B Y D ,DOLPHI,WHI,2025,19
B Y D ,DOLPHI,WHI,2026,10
B Y D ,PAH   ,OGE,2025,1
B Y D ,PAH   ,WHI,2025,1
B Y D ,SA3   ,GRY,2025,1
B Y D ,SC3E  ,WHI,2025,1
B Y D ,SEAL  ,BLK,2025,7
B Y D ,SEAL  ,BLK,2026,15
B Y D ,SEAL  ,BLU,2025,3
B Y D ,SEAL  ,BLU,2026,1
B Y D ,SEAL  ,GRY,2025,24
B Y D ,SEAL  ,GRY,2026,19
B Y D ,SEAL  ,WHI,2025,27
B Y D ,SEAL  ,WHI,2026,2
B Y D ,SEAL 6,GRY,2025,1
B Y D ,SEALI ,BLK,2025,11
B Y D ,SEALI ,BLK,2026,4
B Y D ,SEALI ,GRN,2025,1
B Y D ,SEALI ,GRY,2025,15
B Y D ,SEALI ,GRY,2026,2
B Y D ,SEALI ,WHI,2025,13
B Y D ,SEALI ,WHI,2026,1
B Y D ,SEALIN,WHI,2026,1
B Y D ,SEALIO,AQU,2025,12
B Y D ,SEALIO,AQU,2026,8
B Y D ,SEALIO,BEI,2025,1
B Y D ,SEALIO,BLK,2025,173
B Y D ,SEALIO,BLK,2026,55
B Y D ,SEALIO,BLU,2025,49
B Y D ,SEALIO,BLU,2026,4
B Y D ,SEALIO,BRN,2025,1
B Y D ,SEALIO,GRN,2025,31
B Y D ,SEALIO,GRN,2026,15
B Y D ,SEALIO,GRY,2025,329
B Y D ,SEALIO,GRY,2026,86
B Y D ,SEALIO,TUR,2026,1
B Y D ,SEALIO,WHI,2025,269
B Y D ,SEALIO,WHI,2026,94
B Y D ,SHARK ,BLK,2025,65
B Y D ,SHARK ,BLK,2026,14
B Y D ,SHARK ,BLU,2025,15
B Y D ,SHARK ,BLU,2026,11
B Y D ,SHARK ,GRN,2025,1
B Y D ,SHARK ,GRN,2026,1
B Y D ,SHARK ,GRY,2025,28
B Y D ,SHARK ,GRY,2026,15
B Y D ,SHARK ,OGE,2025,20
B Y D ,SHARK ,OGE,2026,10
B Y D ,SHARK ,WHI,2025,47
B Y D ,SHARK ,WHI,2026,28
B Y D ,SHARK6,BLK,2025,12
B Y D ,SHARK6,BLK,2026,1
B Y D ,SHARK6,BLU,2025,1
B Y D ,SHARK6,BLU,2026,4
B Y D ,SHARK6,GRY,2025,4
B Y D ,SHARK6,GRY,2026,28
B Y D ,SHARK6,OGE,2025,4
B Y D ,SHARK6,OGE,2026,1
B Y D ,SHARK6,WHI,2025,17
B Y D ,SHARK6,WHI,2026,2
B Y D ,SR    ,WHI,2025,1
B Y D ,TZ200X,BLK,2026,1
B Y D ,TZ220X,GRN,2025,1
BENT  ,BENTAY,GRN,2026,1
BETA  ,300RR ,RED,2026,1
BETA  ,ENDURO,RED,2025,1
BETA  ,RR 300,RED,2025,1
BETA  ,RR200 ,BLU,2025,1
BETA  ,RR250 ,RED,2026,1
BETA  ,RR300 ,BLU,2025,1
BETA  ,RR300 ,RED,2025,1
BETA  ,XT300 ,GRY,2025,3
BOBCAT,S770  ,WHI,2026,1
BOBCAT,T450  ,WHI,2026,1
BOBCAT,TL3060,WHI,2026,1
BOBCAT,TL38 7,WHI,2025,1
BOBCAT,UT6580,WHI,2026,1
BRAAAP,CRUISE,RED,2026,1
CAD   ,LYRIQ ,BLK,2025,3
CAD   ,LYRIQ ,RED,2025,1
CAD   ,LYRIQ ,SIL,2025,2
CAD   ,OPTIQ ,BLK,2026,1
CAD   ,VISTIQ,SIL,2026,2
CAN AM,DEFEND,BLK,2026,1
CAN AM,DEFEND,FWN,2026,1
CAN AM,DEFEND,YLW,2025,2
CAN AM,DEFLTD,BLU,2026,1
CAN AM,HD9 XU,YLW,2025,2
CASE  ,FARMAL,RED,2025,1
CFMOTO,      ,GRN,2025,1
CFMOTO,      ,SIL,2026,1
CFMOTO,150SC ,BLK,2025,2
CFMOTO,150SC ,BLK,2026,1
CFMOTO,150SC ,SIL,2025,1
CFMOTO,150SC ,SIL,2026,1
CFMOTO,300NK ,BLK,2025,10
CFMOTO,300NK ,BLU,2025,1
CFMOTO,400NK ,BLK,2026,1
CFMOTO,450 MT,BLK,2026,1
CFMOTO,450CLC,BLK,2025,5
CFMOTO,450CLC,BLK,2026,1
CFMOTO,450CLC,WHI,2025,1
CFMOTO,450MT ,BLK,2025,3
CFMOTO,450MT ,BLK,2026,15
CFMOTO,450MT ,BLU,2025,3
CFMOTO,450MT ,BLU,2026,9
CFMOTO,450MT ,GRY,2025,5
CFMOTO,450NK ,WHI,2025,2
CFMOTO,450SR ,BLK,2025,3
CFMOTO,450SR ,BLK,2026,1
CFMOTO,450SR ,WHI,2025,5
CFMOTO,450SR ,WHI,2026,1
CFMOTO,450SRS,BLK,2026,5
CFMOTO,450SRS,WHI,2025,1
CFMOTO,450SRS,WHI,2026,3
CFMOTO,675 NK,GRY,2026,1
CFMOTO,675NK ,WHI,2025,1
CFMOTO,675SRR,BLK,2025,2
CFMOTO,675SRR,GRY,2025,1
CFMOTO,675SRR,GRY,2026,2
CFMOTO,675SRR,WHI,2025,1
CFMOTO,675SRS,WHI,2025,1
CFMOTO,700MT ,WHI,2025,1
CFMOTO,800 MT,BLU,2026,1
CFMOTO,800MT ,BLK,2025,4
CFMOTO,800NK ,BLK,2025,1
CFMOTO,A     ,BLU,2026,1
CFMOTO,C400  ,GRN,2026,1
CFMOTO,CF1000,BLU,2025,1
CFMOTO,CF250 ,BLU,2026,1
CFMOTO,CF520 ,RED,2026,1
CFMOTO,CF8001,BLK,2025,1
CFMOTO,CL250 ,GRN,2025,1
CFMOTO,CLX 70,BLU,2025,1
CFMOTO,ML450 ,BLK,2026,1
CFMOTO,ML450 ,BLU,2026,1
CFMOTO,MT EXP,WHI,2025,1
CFMOTO,MTX800,BLU,2026,1
CFMOTO,NK800 ,BLK,2025,1
CFMOTO,PAPIO ,AQU,2026,1
CFMOTO,PAPIO ,BLU,2026,1
CFMOTO,SC150 ,BLK,2025,1
CFMOTO,SC150 ,SIL,2026,3
CFMOTO,U600  ,BLU,2026,1
CFMOTO,U600  ,GRN,2026,1
CFMOTO,U600  ,SIL,2026,1
CFMOTO,UFORCE,GRY,2025,1
CFMOTO,UFORCE,KHA,2026,1
CFMOTO,UV6   ,SIL,2026,1
CFMOTO,VFORCE,BLU,2025,1
CFMOTO,XO PAP,BLU,2026,1
CHERY ,C5    ,BLK,2025,4
CHERY ,C5    ,BLK,2026,43
CHERY ,C5    ,GRY,2025,8
CHERY ,C5    ,GRY,2026,18
CHERY ,C5    ,RED,2025,5
CHERY ,C5    ,RED,2026,5
CHERY ,C5    ,SIL,2025,3
CHERY ,C5    ,SIL,2026,4
CHERY ,C5    ,WHI,2025,21
CHERY ,C5    ,WHI,2026,6
CHERY ,C5 OMO,WHI,2026,1
CHERY ,C5 ULT,BLK,2026,7
CHERY ,C5 ULT,GRY,2025,1
CHERY ,C5 ULT,RED,2026,1
CHERY ,C5 ULT,SIL,2025,2
CHERY ,C5 ULT,SIL,2026,1
CHERY ,C5 ULT,WHI,2025,3
CHERY ,C5 URB,BLK,2025,1
CHERY ,C5 URB,RED,2025,1
CHERY ,C5 URB,SIL,2026,1
CHERY ,C5 URB,WHI,2025,1
CHERY ,E5    ,BLK,2025,2
CHERY ,E5    ,BLK,2026,1
CHERY ,E5    ,GRN,2025,1
CHERY ,E5    ,RED,2026,1
CHERY ,E5    ,SIL,2025,1
CHERY ,E5    ,SIL,2026,1
CHERY ,E5    ,WHI,2025,9
CHERY ,E5 BEV,WHI,2025,1
CHERY ,E5 ULT,BLK,2025,1
CHERY ,J5    ,GRY,2026,1
CHERY ,J5  SU,BLU,2026,1
CHERY ,MG U9 ,GRN,2026,1
CHERY ,MY25 C,BLK,2025,1
CHERY ,MY25 C,RED,2025,1
CHERY ,MY25 C,WHI,2026,1
CHERY ,MY25 U,BLK,2026,1
CHERY ,MY26 T,BLK,2025,2
CHERY ,MY26 T,GRN,2025,1
CHERY ,MY26 T,GRY,2025,4
CHERY ,MY26 T,RED,2025,1
CHERY ,MY26 T,WHI,2025,4
CHERY ,MY26 T,WHI,2026,1
CHERY ,OMODA ,BLK,2026,7
CHERY ,OMODA ,GRY,2026,2
CHERY ,OMODA ,WHI,2025,4
CHERY ,T34   ,WHI,2026,1
CHERY ,T4 ULT,WHI,2025,1
CHERY ,T4 URB,GRY,2026,1
CHERY ,T4 URB,WHI,2025,1
CHERY ,T8 ULT,WHI,2025,1
CHERY ,TI    ,RED,2025,1
CHERY ,TIGGO ,BLK,2025,160
CHERY ,TIGGO ,BLK,2026,42
CHERY ,TIGGO ,BLU,2025,24
CHERY ,TIGGO ,BLU,2026,7
CHERY ,TIGGO ,GRN,2025,26
CHERY ,TIGGO ,GRN,2026,8
CHERY ,TIGGO ,GRY,2025,187
CHERY ,TIGGO ,GRY,2026,114
CHERY ,TIGGO ,RED,2025,105
CHERY ,TIGGO ,RED,2026,20
CHERY ,TIGGO ,SIL,2025,94
CHERY ,TIGGO ,SIL,2026,19
CHERY ,TIGGO ,TUR,2025,1
CHERY ,TIGGO ,TUR,2026,1
CHERY ,TIGGO ,WHI,2025,195
CHERY ,TIGGO ,WHI,2026,52
CHERY ,TIGGO4,BLK,2025,3
CHERY ,TIGGO4,GRY,2025,3
CHERY ,TIGGO4,GRY,2026,7
CHERY ,TIGGO4,RED,2025,3
CHERY ,TIGGO4,RED,2026,5
CHERY ,TIGGO4,SIL,2025,5
CHERY ,TIGGO4,SIL,2026,2
CHERY ,TIGGO4,WHI,2025,3
CHERY ,TIGGO4,WHI,2026,3
CHERY ,TIGGO7,BLK,2025,1
CHERY ,TIGGO7,GRY,2026,1
CHERY ,TIGGO7,SIL,2025,1
CHERY ,TIGGO8,BLU,2025,1
CHERY ,TIGGO8,GRY,2025,1
CHERY ,TIGGO8,WHI,2025,1
CHERY ,TIGGO9,GRN,2025,1
CHERY ,TIGGO9,GRY,2026,1
CHERY ,TIGGO9,WHI,2025,1
CHERY ,TIGO 4,WHI,2025,1
CHERY ,TIGOG ,BLK,2025,1
CHERY ,TOGGO ,RED,2026,1
CHERY ,WAGON ,BLK,2026,1
CHEV  ,CORVET,RED,2026,2
CHEV  ,SILVAR,BLK,2026,1
CHEV  ,SILVAR,GRY,2026,1
CHEV  ,SILVAR,WHI,2026,1
CHEV  ,SILVER,BLK,2025,5
CHEV  ,SILVER,BLK,2026,14
CHEV  ,SILVER,BLU,2026,3
CHEV  ,SILVER,GRN,2026,1
CHEV  ,SILVER,GRY,2025,1
CHEV  ,SILVER,GRY,2026,5
CHEV  ,SILVER,RED,2025,1
CHEV  ,SILVER,RED,2026,2
CHEV  ,SILVER,WHI,2025,6
CHEV  ,SILVER,WHI,2026,13
CUPRA ,ATECA ,BLK,2025,7
CUPRA ,ATECA ,GRY,2025,2
CUPRA ,ATECA ,WHI,2025,1
CUPRA ,FORMEN,BLK,2025,5
CUPRA ,FORMEN,GRY,2025,19
CUPRA ,FORMEN,RED,2025,2
CUPRA ,LEON  ,GRY,2025,1
CUPRA ,LEON  ,PUR,2025,1
CUPRA ,TAVASC,BEI,2026,1
CUPRA ,TAVASC,BLU,2025,2
CUPRA ,TAVASC,BLU,2026,3
CUPRA ,TAVASC,GRY,2025,4
CUPRA ,TAVASC,GRY,2026,1
CUPRA ,TAVASC,WHI,2025,1
CUPRA ,TERRAM,BLK,2025,3
CUPRA ,TERRAM,BLU,2025,2
CUPRA ,TERRAM,BLU,2026,2
CUPRA ,TERRAM,GRY,2025,1
CUPRA ,TERRAM,GRY,2026,1
CUPRA ,TERRAM,PUR,2025,1
CUPRA ,TERRAM,PUR,2026,1
CUPRA ,TERRAM,WHI,2025,2
DAF   ,CF 17 ,WHI,2025,1
DAF   ,PUTZME,WHI,2026,1
DEEPAL,EO7   ,WHI,2025,1
DEEPAL,S07   ,BLK,2025,1
DEEPAL,S07   ,BLK,2026,5
DEEPAL,S07   ,GRN,2025,2
DEEPAL,S07   ,GRY,2026,5
DEEPAL,S07   ,OGE,2026,1
DEEPAL,S07   ,WHI,2025,1
DEEPAL,S07   ,WHI,2026,2
DEEPAL,S07   ,YLW,2026,2
DENZA ,B5    ,BLK,2025,21
DENZA ,B5    ,BLU,2025,12
DENZA ,B5    ,BLU,2026,1
DENZA ,B5    ,GRN,2025,5
DENZA ,B5    ,GRN,2026,1
DENZA ,B5    ,GRY,2025,20
DENZA ,B5    ,GRY,2026,2
DENZA ,B5    ,SIL,2025,2
DENZA ,B5L   ,BLK,2025,2
DENZA ,B5L   ,BLU,2025,2
DENZA ,B5L   ,BLU,2026,2
DENZA ,B5L   ,GRN,2026,1
DENZA ,B5L   ,GRY,2025,7
DENZA ,B5L   ,GRY,2026,1
DENZA ,B8    ,BLK,2025,8
DENZA ,B8    ,GLD,2025,3
DENZA ,B8    ,SIL,2025,5
DENZA ,B8    ,SIL,2026,1
DENZA ,D9    ,BLK,2025,1
DEVELO,SD320H,OGE,2026,1
DODGE ,CHALL ,BLK,2026,1
DODGE ,R A M ,GRY,2025,1
DUCATI,DIAVEL,RED,2025,1
DUCATI,HYPERM,RED,2025,1
DUCATI,MONSTE,BLK,2025,1
DUCATI,MONSTE,RED,2025,2
DUCATI,MULTIS,RED,2025,1
DUCATI,PANIGA,BLK,2026,2
DUCATI,PANIGA,RED,2025,3
DUCATI,SCRAMB,GRN,2026,1
DUCATI,STREET,RED,2025,1
DUCATI,STREET,RED,2026,1
ENFLD ,BUL65 ,GRN,2026,1
ENFORC,08LITH,RED,2026,1
ENFORC,08LITS,RED,2025,1
ENFORC,FLDAXF,RED,2026,1
ENFORC,FLDAXT,RED,2026,1
EP    ,CPD18T,RED,2026,1
F LINE,CASCAD,WHI,2026,1
FANTIC,XEF310,WHI,2025,1
FARIZO,SUPERV,WHI,2025,1
FARIZO,SUPERV,WHI,2026,4
FENDT ,616   ,GRN,2025,1
FENDT ,618   ,GRN,2025,1
FENDT ,618   ,GRN,2026,1
FENDT ,620 VA,GRN,2026,1
FENDT ,720   ,GRN,2026,2
FENDT ,724   ,GRN,2025,1
FENDT ,930VG7,GRN,2025,1
FERRAR,12CILI,BLK,2026,1
FERRAR,12CILI,GRY,2026,1
FERRAR,K105  ,GRN,2026,2
FIAT  ,500E  ,GLD,2025,1
FIAT  ,500E  ,WHI,2025,4
FIAT  ,DESTIN,WHI,2026,2
FIAT  ,DUCATI,WHI,2025,1
FIAT  ,DUCATO,GRY,2026,1
FIAT  ,DUCATO,WHI,2025,3
FIAT  ,DUCATO,WHI,2026,15
FIAT  ,FD 19 ,WHI,2026,7
FIAT  ,IN3   ,WHI,2026,3
FIAT  ,IN3   ,YLW,2026,1
FIAT  ,IN600 ,WHI,2026,2
FIAT  ,IND600,WHI,2026,1
FIAT  ,JRV   ,WHI,2025,1
FIAT  ,SCUDO ,WHI,2026,2
FIAT  ,SIGNAT,WHI,2025,1
FIAT  ,V 6442,WHI,2026,1
FL TOY,HIACE ,WHI,2025,1
FLFORD,TRANSI,WHI,2026,1
FORD  ,ATTO 2,WHI,2026,1
FORD  ,ERVERE,GRY,2026,1
FORD  ,EVERER,GRY,2026,1
FORD  ,EVERES,BLK,2025,8
FORD  ,EVERES,BLK,2026,104
FORD  ,EVERES,BLU,2025,2
FORD  ,EVERES,BLU,2026,28
FORD  ,EVERES,BRZ,2026,35
FORD  ,EVERES,GRY,2025,27
FORD  ,EVERES,GRY,2026,100
FORD  ,EVERES,SIL,2025,19
FORD  ,EVERES,SIL,2026,79
FORD  ,EVERES,WHI,2025,31
FORD  ,EVERES,WHI,2026,154
FORD  ,F 150 ,BLU,2026,1
FORD  ,F 150 ,GRY,2025,1
FORD  ,F150  ,BLK,2025,5
FORD  ,F150  ,BLK,2026,1
FORD  ,F150  ,BLU,2025,2
FORD  ,F150  ,BLU,2026,3
FORD  ,F150  ,GRY,2025,9
FORD  ,F150  ,GRY,2026,1
FORD  ,F150  ,RED,2025,2
FORD  ,F150  ,SIL,2025,4
FORD  ,F150  ,WHI,2025,4
FORD  ,F150  ,WHI,2026,3
FORD  ,F150 P,BLK,2025,1
FORD  ,F150 P,GRY,2025,1
FORD  ,F150 P,WHI,2025,2
FORD  ,F150 X,SIL,2025,1
FORD  ,F150 X,WHI,2025,1
FORD  ,F350  ,GRY,2025,1
FORD  ,MACH E,BLU,2025,1
FORD  ,MACH E,WHI,2025,1
FORD  ,MUSTAN,BLK,2025,21
FORD  ,MUSTAN,BLU,2025,24
FORD  ,MUSTAN,BLU,2026,1
FORD  ,MUSTAN,GRY,2025,8
FORD  ,MUSTAN,OGE,2026,1
FORD  ,MUSTAN,PUR,2025,1
FORD  ,MUSTAN,RED,2025,17
FORD  ,MUSTAN,RED,2026,1
FORD  ,MUSTAN,SIL,2025,4
FORD  ,MUSTAN,WHI,2025,9
FORD  ,MUSTAN,YLW,2025,2
FORD  ,RANGER,BEI,2026,1
FORD  ,RANGER,BLK,2025,66
FORD  ,RANGER,BLK,2026,113
FORD  ,RANGER,BLU,2025,7
FORD  ,RANGER,BLU,2026,17
FORD  ,RANGER,BRZ,2026,4
FORD  ,RANGER,GLD,2026,3
FORD  ,RANGER,GRY,2025,120
FORD  ,RANGER,GRY,2026,161
FORD  ,RANGER,OGE,2025,2
FORD  ,RANGER,OGE,2026,3
FORD  ,RANGER,RED,2025,3
FORD  ,RANGER,RED,2026,1
FORD  ,RANGER,SIL,2025,37
FORD  ,RANGER,SIL,2026,97
FORD  ,RANGER,TAN,2025,2
FORD  ,RANGER,TAN,2026,7
FORD  ,RANGER,WHI,2025,120
FORD  ,RANGER,WHI,2026,394
FORD  ,RANGER,YLW,2025,1
FORD  ,RANGER,YLW,2026,4
FORD  ,RAPTOR,BLK,2025,1
FORD  ,RAPTOR,BLK,2026,2
FORD  ,RAPTOR,GRY,2026,4
FORD  ,RAPTOR,OGE,2026,1
FORD  ,RAPTOR,WHI,2025,2
FORD  ,RAPTOR,WHI,2026,1
FORD  ,SEALIO,BLK,2026,1
FORD  ,SEALIO,WHI,2026,1
FORD  ,SUPER ,SIL,2025,1
FORD  ,SUPERD,GRY,2026,2
FORD  ,SUPERD,WHI,2026,1
FORD  ,TOUARE,GRY,2026,1
FORD  ,TOURNE,BLK,2026,1
FORD  ,TOURNE,WHI,2025,1
FORD  ,TRANSI,BLK,2025,1
FORD  ,TRANSI,BLK,2026,2
FORD  ,TRANSI,BLU,2025,1
FORD  ,TRANSI,BLU,2026,2
FORD  ,TRANSI,GRY,2025,2
FORD  ,TRANSI,GRY,2026,17
FORD  ,TRANSI,RED,2025,1
FORD  ,TRANSI,SIL,2026,3
FORD  ,TRANSI,WHI,2025,6
FORD  ,TRANSI,WHI,2026,60
FORD  ,TRASNI,WHI,2026,1
FORD  ,WILDTR,GRY,2026,1
FOTON ,P4    ,BLK,2026,1
FOTON ,T5    ,WHI,2026,3
FOTON ,TUNLAN,BLK,2025,1
FOTON ,TUNLAN,BLK,2026,3
FOTON ,TUNLAN,BLU,2025,1
FOTON ,TUNLAN,BLU,2026,1
FOTON ,TUNLAN,GRN,2025,2
FOTON ,TUNLAN,GRY,2025,3
FOTON ,TUNLAN,GRY,2026,2
FOTON ,TUNLAN,PUR,2025,1
FOTON ,TUNLAN,SIL,2025,3
FOTON ,TUNLAN,SIL,2026,4
FOTON ,TUNLAN,WHI,2025,3
FOTON ,TUNLAN,WHI,2026,3
FUSO  ,CANTER,WHI,2025,18
FUSO  ,CANTER,WHI,2026,8
FUSO  ,E6 CAN,WHI,2026,1
FUSO  ,ECANTE,WHI,2025,1
FUSO  ,FEA61B,WHI,2026,1
FUSO  ,FEB21E,WHI,2025,3
FUSO  ,FEB71E,WHI,2025,1
FUSO  ,FIGHTE,WHI,2025,9
FUSO  ,FIGHTE,WHI,2026,2
FUSO  ,FK62FL,WHI,2025,1
FUSO  ,FK65FL,WHI,2025,1
FUSO  ,FM67FS,WHI,2025,1
FUSO  ,FP74HG,WHI,2026,2
FUSO  ,FV80HK,WHI,2025,1
FUSO  ,SHOGUN,WHI,2025,6
FUSO  ,SHOGUN,WHI,2026,1
G M C ,YUKON ,BLK,2025,2
G M C ,YUKON ,BLK,2026,1
G M C ,YUKON ,GRY,2025,1
G M C ,YUKON ,WHI,2025,1
G M C ,YUKON ,WHI,2026,2
G WALL,CANNON,BLK,2025,42
G WALL,CANNON,BLK,2026,21
G WALL,CANNON,BLU,2025,10
G WALL,CANNON,BLU,2026,6
G WALL,CANNON,GRY,2025,10
G WALL,CANNON,GRY,2026,18
G WALL,CANNON,RED,2025,6
G WALL,CANNON,RED,2026,6
G WALL,CANNON,SIL,2025,14
G WALL,CANNON,SIL,2026,15
G WALL,CANNON,WHI,2025,44
G WALL,CANNON,WHI,2026,58
G WALL,CANON ,SIL,2026,1
G WALL,H6    ,BLK,2025,5
G WALL,H6    ,BLK,2026,4
G WALL,H6    ,BLU,2025,1
G WALL,H6    ,BLU,2026,1
G WALL,H6    ,GLD,2025,1
G WALL,H6    ,GLD,2026,1
G WALL,H6    ,GRY,2025,1
G WALL,H6    ,GRY,2026,1
G WALL,H6    ,WHI,2025,7
G WALL,H6    ,WHI,2026,2
G WALL,H6 GT ,RED,2025,1
G WALL,H6 GT ,WHI,2025,2
G WALL,H7    ,WHI,2025,2
G WALL,H7    ,WHI,2026,1
G WALL,HAVAL ,BLK,2025,10
G WALL,HAVAL ,BLK,2026,9
G WALL,HAVAL ,BLU,2025,1
G WALL,HAVAL ,BLU,2026,2
G WALL,HAVAL ,CRM,2026,2
G WALL,HAVAL ,GLD,2026,1
G WALL,HAVAL ,GRY,2025,9
G WALL,HAVAL ,GRY,2026,9
G WALL,HAVAL ,WHI,2025,20
G WALL,HAVAL ,WHI,2026,18
G WALL,JOLION,BLK,2026,13
G WALL,JOLION,BLU,2025,2
G WALL,JOLION,BLU,2026,1
G WALL,JOLION,GRY,2025,3
G WALL,JOLION,GRY,2026,19
G WALL,JOLION,RED,2026,1
G WALL,JOLION,WHI,2025,2
G WALL,JOLION,WHI,2026,21
G WALL,ORA   ,BLK,2025,3
G WALL,ORA   ,BLK,2026,6
G WALL,ORA   ,GRN,2025,1
G WALL,ORA   ,GRN,2026,11
G WALL,ORA   ,GRY,2025,2
G WALL,ORA   ,GRY,2026,4
G WALL,ORA   ,RED,2026,6
G WALL,ORA   ,WHI,2025,3
G WALL,ORA   ,WHI,2026,21
G WALL,ORA 5 ,GRY,2026,1
G WALL,ORA 58,BLK,2026,2
G WALL,ORA 58,RED,2026,1
G WALL,ORA 63,GRY,2026,1
G WALL,ORA EV,GRN,2026,1
G WALL,ORA GT,BLK,2025,1
G WALL,ORA GT,BLK,2026,2
G WALL,ORA GT,GRY,2025,1
G WALL,ORA GT,RED,2026,1
G WALL,ORA GT,WHI,2026,1
G WALL,ORA LU,GRN,2026,2
G WALL,ORA LU,RED,2026,2
G WALL,ORD 5 ,BLU,2026,1
G WALL,TANK  ,BLK,2025,9
G WALL,TANK  ,BLK,2026,5
G WALL,TANK  ,GRY,2025,2
G WALL,TANK  ,GRY,2026,5
G WALL,TANK  ,OGE,2025,1
G WALL,TANK  ,RED,2025,3
G WALL,TANK  ,SIL,2026,1
G WALL,TANK  ,WHI,2025,3
G WALL,TANK  ,WHI,2026,2
G WALL,TANK 3,BLK,2025,10
G WALL,TANK 3,BLK,2026,7
G WALL,TANK 3,GRY,2025,9
G WALL,TANK 3,GRY,2026,13
G WALL,TANK 3,OGE,2025,4
G WALL,TANK 3,OGE,2026,1
G WALL,TANK 3,RED,2025,4
G WALL,TANK 3,WHI,2025,10
G WALL,TANK 3,WHI,2026,3
G WALL,TANK 5,BLK,2025,8
G WALL,TANK 5,BLK,2026,2
G WALL,TANK 5,GLD,2025,1
G WALL,TANK 5,GLD,2026,1
G WALL,TANK 5,SIL,2025,2
G WALL,TANK 5,SIL,2026,1
G WALL,TANK 5,WHI,2025,3
G WALL,TANK 5,WHI,2026,1
G WALL,TANK50,WHI,2026,1
G WALL,UTE AL,WHI,2026,1
GAC   ,AION  ,BEI,2025,1
GAC   ,AION  ,BEI,2026,1
GAC   ,AION  ,BLK,2025,2
GAC   ,AION  ,BLK,2026,1
GAC   ,AION  ,GRY,2026,3
GAC   ,AION  ,WHI,2025,1
GAC   ,AION  ,WHI,2026,2
GAC   ,AION U,WHI,2026,3
GAC   ,AION V,BEI,2025,1
GAC   ,AION V,BEI,2026,3
GAC   ,AION V,GRY,2026,2
GAC   ,AION V,SIL,2026,1
GAC   ,AION V,WHI,2025,1
GAC   ,EMZOOM,BLK,2026,10
GAC   ,EMZOOM,GRY,2026,6
GAC   ,EMZOOM,PNK,2026,1
GAC   ,EMZOOM,PUR,2026,5
GAC   ,EMZOOM,RED,2026,4
GAC   ,EMZOOM,SIL,2026,1
GAC   ,EMZOOM,WHI,2026,11
GAC   ,M8    ,BLK,2025,2
GAC   ,M8    ,BLK,2026,3
GAC   ,M8    ,WHI,2025,1
GAIUS ,EX5   ,BLK,2026,1
GAIUS ,EX5 IN,GRY,2026,1
GASGAS,EC300 ,RED,2025,1
GEELY ,EX5   ,BLK,2026,20
GEELY ,EX5   ,GRN,2026,69
GEELY ,EX5   ,GRY,2025,2
GEELY ,EX5   ,GRY,2026,40
GEELY ,EX5   ,SIL,2025,1
GEELY ,EX5   ,SIL,2026,30
GEELY ,EX5   ,WHI,2026,41
GEELY ,EX5 CO,GRN,2026,1
GEELY ,EX5 CO,GRY,2026,1
GEELY ,EX5 CO,WHI,2026,1
GEELY ,EX5 IN,BLK,2026,7
GEELY ,EX5 IN,GRN,2026,17
GEELY ,EX5 IN,GRY,2026,10
GEELY ,EX5 IN,SIL,2026,3
GEELY ,EX5 IN,WHI,2026,6
GEELY ,STARRA,BLK,2025,12
GEELY ,STARRA,BLK,2026,7
GEELY ,STARRA,BLU,2025,3
GEELY ,STARRA,BLU,2026,13
GEELY ,STARRA,GRN,2025,10
GEELY ,STARRA,GRN,2026,5
GEELY ,STARRA,GRY,2025,13
GEELY ,STARRA,GRY,2026,16
GEELY ,STARRA,SIL,2025,45
GEELY ,STARRA,SIL,2026,24
GEELY ,STARRA,WHI,2025,32
GEELY ,STARRA,WHI,2026,33
GEELY ,STARRY,BLU,2026,1
GENSIS,G70   ,BLU,2026,1
GENSIS,GV70  ,BLU,2025,2
GENSIS,GV70  ,BLU,2026,2
GENSIS,GV70  ,SIL,2025,1
GENSIS,GV70  ,SIL,2026,2
GENSIS,GV70  ,WHI,2025,6
GENSIS,GV70  ,WHI,2026,3
GMSV  ,YUKON ,BLK,2025,1
GOLDAC,GA8048,GRN,2026,1
H DAV ,FLFB  ,BLK,2025,4
H DAV ,FLFB  ,BLU,2025,1
H DAV ,FLH   ,GRY,2026,1
H DAV ,FLHC  ,BLK,2025,1
H DAV ,FLHC  ,BLK,2026,1
H DAV ,FLHCS ,GRY,2025,1
H DAV ,FLHLT ,BLK,2026,2
H DAV ,FLHRXS,BLK,2025,2
H DAV ,FLHX  ,BLK,2025,4
H DAV ,FLHXLS,GRY,2026,1
H DAV ,FLHXST,BLU,2026,1
H DAV ,FLHXU ,BLK,2025,3
H DAV ,FLTRX ,BLK,2025,2
H DAV ,FLTRX ,BLK,2026,3
H DAV ,FLTRX ,PUR,2025,1
H DAV ,FLTRXS,BLK,2025,1
H DAV ,FXBB  ,BLK,2025,4
H DAV ,FXBB  ,BLK,2026,2
H DAV ,FXBB  ,BLU,2026,1
H DAV ,FXBB  ,GRY,2025,2
H DAV ,FXBR  ,BLK,2025,29
H DAV ,FXBR  ,GRY,2026,2
H DAV ,FXBR  ,OGE,2026,1
H DAV ,FXBR  ,YLW,2025,1
H DAV ,FXLRS ,BLK,2025,1
H DAV ,FXLRS ,BLK,2026,2
H DAV ,FXLRS ,BLU,2026,1
H DAV ,FXLRS ,GRY,2025,4
H DAV ,FXLRS ,GRY,2026,1
H DAV ,FXLRS ,RED,2025,1
H DAV ,FXLRST,BLK,2025,2
H DAV ,FXLRST,BLK,2026,2
H DAV ,FXLRST,BLU,2025,2
H DAV ,RA1250,GRY,2025,1
H DAV ,RH1250,BLU,2026,1
H DAV ,RH975S,OGE,2025,2
H DAV ,X500  ,BLK,2025,1
HAMM  ,HD14TT,OGE,2025,1
HANGCH,CPD25 ,GRN,2026,1
HANGCH,CPD35X,GRN,2025,1
HANGCH,CXW22F,RED,2025,1
HAVAL ,H     ,BLK,2025,1
HAVAL ,H6    ,BEI,2025,4
HAVAL ,H6    ,BLK,2025,89
HAVAL ,H6    ,BLK,2026,18
HAVAL ,H6    ,BLU,2025,6
HAVAL ,H6    ,BLU,2026,1
HAVAL ,H6    ,GLD,2025,25
HAVAL ,H6    ,GLD,2026,8
HAVAL ,H6    ,GRY,2025,54
HAVAL ,H6    ,GRY,2026,16
HAVAL ,H6    ,RED,2025,1
HAVAL ,H6    ,RED,2026,1
HAVAL ,H6    ,WHI,2025,92
HAVAL ,H6    ,WHI,2026,10
HAVAL ,H6 GT ,BLK,2025,12
HAVAL ,H6 GT ,BLK,2026,2
HAVAL ,H6 GT ,BLU,2025,3
HAVAL ,H6 GT ,GRY,2025,4
HAVAL ,H6 GT ,RED,2025,4
HAVAL ,H6 GT ,RED,2026,2
HAVAL ,H6 GT ,WHI,2025,8
HAVAL ,H6 HYB,BLK,2025,2
HAVAL ,H6 HYB,BLK,2026,3
HAVAL ,H6 HYB,GLD,2025,3
HAVAL ,H6 HYB,GRY,2025,5
HAVAL ,H6 HYB,WHI,2025,2
HAVAL ,H6 LUX,GRY,2025,3
HAVAL ,H6 LUX,WHI,2025,2
HAVAL ,H6 PHE,BLK,2025,4
HAVAL ,H6 PHE,BLK,2026,1
HAVAL ,H6 PHE,BLU,2026,2
HAVAL ,H6 PHE,GLD,2025,1
HAVAL ,H6 PHE,GLD,2026,1
HAVAL ,H6 PHE,GRY,2025,3
HAVAL ,H6 PHE,GRY,2026,6
HAVAL ,H6 PHE,WHI,2025,1
HAVAL ,H6 PHE,WHI,2026,1
HAVAL ,H6 ULT,BLK,2025,4
HAVAL ,H6 ULT,BLK,2026,1
HAVAL ,H6 ULT,GLD,2026,1
HAVAL ,H6 ULT,GRY,2025,4
HAVAL ,H6 ULT,WHI,2025,6
HAVAL ,H6 ULT,WHI,2026,2
HAVAL ,H6GT  ,BLK,2025,1
HAVAL ,H6GT  ,BLU,2025,2
HAVAL ,H6GT  ,GRY,2025,1
HAVAL ,H6GT  ,WHI,2025,2
HAVAL ,H6GT U,BLU,2025,1
HAVAL ,H6GT U,WHI,2026,1
HAVAL ,H7    ,BLK,2025,5
HAVAL ,H7    ,BLK,2026,7
HAVAL ,H7    ,GRY,2025,2
HAVAL ,H7    ,GRY,2026,3
HAVAL ,H7    ,OGE,2026,1
HAVAL ,H7    ,WHI,2025,4
HAVAL ,H7    ,WHI,2026,2
HAVAL ,H7 HEV,GRY,2026,1
HAVAL ,H7 VAN,OGE,2025,2
HAVAL ,H7 VAN,WHI,2025,2
HAVAL ,JOLION,BLK,2025,40
HAVAL ,JOLION,BLK,2026,56
HAVAL ,JOLION,BLU,2025,22
HAVAL ,JOLION,BLU,2026,15
HAVAL ,JOLION,GRY,2025,24
HAVAL ,JOLION,GRY,2026,76
HAVAL ,JOLION,RED,2025,4
HAVAL ,JOLION,RED,2026,9
HAVAL ,JOLION,WHI,2025,37
HAVAL ,JOLION,WHI,2026,130
HAVAL ,ORA   ,GRN,2026,3
HAVAL ,ORA   ,RED,2025,4
HAVAL ,ORA   ,WHI,2026,1
HAVAL ,ORA GT,GRY,2026,1
HAVAL ,ORA GT,WHI,2026,1
HDRIVE,64TSPM,GRN,2025,1
HDRIVE,6X4 TS,GRN,2025,1
HERROD,MUSTAN,BLU,2025,1
HINO  ,300   ,RED,2025,1
HINO  ,300   ,WHI,2025,21
HINO  ,300   ,WHI,2026,1
HINO  ,300 61,PNK,2025,2
HINO  ,300 61,WHI,2025,3
HINO  ,300 WI,WHI,2025,1
HINO  ,500   ,WHI,2025,4
HINO  ,616   ,WHI,2025,1
HINO  ,616 AT,WHI,2025,1
HINO  ,616AT ,WHI,2025,2
HINO  ,616AT3,WHI,2025,1
HINO  ,700   ,WHI,2025,3
HINO  ,921 AT,WHI,2025,4
HINO  ,FD 112,WHI,2025,1
HINO  ,FE 142,WHI,2025,2
HINO  ,FG500 ,WHI,2025,1
HINO  ,FH 183,WHI,2025,1
HINO  ,FH1832,WHI,2025,1
HINO  ,FL 262,WHI,2025,2
HINO  ,FL2628,WHI,2025,1
HINO  ,FS 263,WHI,2025,1
HINO  ,FS2848,WHI,2025,2
HINO  ,GT1528,RED,2025,1
HOLDEN,YUKON ,BLK,2025,1
HONDA ,ACCORD,GRY,2025,1
HONDA ,CB125F,BLK,2025,2
HONDA ,CB125F,BLK,2026,1
HONDA ,CB125F,RED,2025,1
HONDA ,CB125F,RED,2026,2
HONDA ,CB500F,RED,2025,4
HONDA ,CB500F,WHI,2025,2
HONDA ,CB500X,RED,2025,2
HONDA ,CB500X,WHI,2025,1
HONDA ,CB650R,BLK,2025,7
HONDA ,CB650R,BLK,2026,1
HONDA ,CB650R,GRY,2025,1
HONDA ,CB650R,RED,2025,4
HONDA ,CBF125,BLK,2025,1
HONDA ,CBF125,RED,2025,3
HONDA ,CBR100,RED,2025,1
HONDA ,CBR500,BLK,2026,1
HONDA ,CBR50R,BLK,2026,2
HONDA ,CBR50R,RED,2025,1
HONDA ,CBR5R ,BLK,2025,1
HONDA ,CBR650,BLK,2025,3
HONDA ,CBR650,BLK,2026,11
HONDA ,CBR650,RED,2025,14
HONDA ,CBR650,RED,2026,8
HONDA ,CIVIC ,BLU,2026,3
HONDA ,CIVIC ,GRY,2025,2
HONDA ,CIVIC ,GRY,2026,1
HONDA ,CIVIC ,RED,2026,3
HONDA ,CIVIC ,WHI,2025,2
HONDA ,CIVIC ,WHI,2026,6
HONDA ,CL500 ,GRN,2026,1
HONDA ,CMX500,BLK,2025,1
HONDA ,CMX500,BLK,2026,4
HONDA ,CMX500,GRY,2025,1
HONDA ,CRF110,BLK,2025,1
HONDA ,CRF110,RED,2025,1
HONDA ,CRF300,RED,2025,8
HONDA ,CRF300,RED,2026,1
HONDA ,CRF450,RED,2025,1
HONDA ,CRF45L,RED,2026,1
HONDA ,CRV   ,BLK,2025,6
HONDA ,CRV   ,BLK,2026,9
HONDA ,CRV   ,BLU,2025,25
HONDA ,CRV   ,BLU,2026,9
HONDA ,CRV   ,GRY,2025,45
HONDA ,CRV   ,GRY,2026,14
HONDA ,CRV   ,RED,2025,33
HONDA ,CRV   ,RED,2026,16
HONDA ,CRV   ,SIL,2025,23
HONDA ,CRV   ,SIL,2026,5
HONDA ,CRV   ,WHI,2025,50
HONDA ,CRV   ,WHI,2026,17
HONDA ,CRV EH,BLK,2025,1
HONDA ,CRV EH,BLU,2026,2
HONDA ,CRV EH,GRY,2026,1
HONDA ,CRV EH,RED,2026,1
HONDA ,CRV EH,WHI,2026,1
HONDA ,CRV HE,BLK,2026,1
HONDA ,CRV HE,BLU,2025,2
HONDA ,CRV HE,BLU,2026,1
HONDA ,CRV HE,GRY,2025,4
HONDA ,CRV HE,RED,2025,1
HONDA ,CRV HE,RED,2026,2
HONDA ,CRV HE,WHI,2025,4
HONDA ,CRV HE,WHI,2026,1
HONDA ,CRV VT,BLK,2025,3
HONDA ,CRV VT,BLU,2025,1
HONDA ,CRV VT,GRY,2025,3
HONDA ,CRV VT,GRY,2026,1
HONDA ,CRV VT,RED,2025,2
HONDA ,CRV VT,SIL,2025,1
HONDA ,CRV VT,SIL,2026,2
HONDA ,CRV VT,WHI,2025,8
HONDA ,GB350 ,BLK,2025,2
HONDA ,GB350 ,GRY,2026,1
HONDA ,GB350 ,SIL,2025,1
HONDA ,GB350 ,WHI,2025,5
HONDA ,HONDA ,BLU,2025,1
HONDA ,HR VIX,RED,2025,1
HONDA ,HRV   ,GRN,2025,8
HONDA ,HRV   ,GRN,2026,8
HONDA ,HRV   ,GRY,2025,9
HONDA ,HRV   ,GRY,2026,24
HONDA ,HRV   ,RED,2025,9
HONDA ,HRV   ,RED,2026,5
HONDA ,HRV   ,SIL,2025,1
HONDA ,HRV   ,SIL,2026,6
HONDA ,HRV   ,WHI,2025,11
HONDA ,HRV   ,WHI,2026,20
HONDA ,HRV EH,GRN,2025,2
HONDA ,HRV EH,GRN,2026,1
HONDA ,HRV EH,GRY,2026,1
HONDA ,HRV EH,WHI,2025,2
HONDA ,HRV EH,WHI,2026,1
HONDA ,HRV HE,GRN,2026,1
HONDA ,HRV HE,RED,2026,1
HONDA ,HRV HE,WHI,2025,1
HONDA ,HRV HE,WHI,2026,1
HONDA ,HRV VI,GRY,2025,1
HONDA ,HRV VI,GRY,2026,4
HONDA ,HRV VI,RED,2025,2
HONDA ,HRV VI,WHI,2025,3
HONDA ,HZV   ,GRY,2025,1
HONDA ,NAVI  ,WHI,2026,1
HONDA ,NSR250,RED,2026,1
HONDA ,NSS350,GRY,2025,3
HONDA ,NVA110,GRN,2025,1
HONDA ,NVA110,PNK,2025,1
HONDA ,NX500 ,WHI,2025,2
HONDA ,NX500 ,WHI,2026,2
HONDA ,ODYSSE,WHI,2026,1
HONDA ,PCX   ,BLU,2025,1
HONDA ,PIONEE,BLK,2025,1
HONDA ,PIONEE,RED,2025,1
HONDA ,PRELUD,BLU,2026,1
HONDA ,SUPER ,PUR,2025,1
HONDA ,SXS100,RED,2026,1
HONDA ,XL750 ,BLK,2025,1
HONDA ,XL750 ,GRY,2025,2
HONDA ,XL750 ,WHI,2025,1
HONDA ,XL750S,BLK,2025,1
HONDA ,XL750S,WHI,2025,1
HONDA ,ZRV   ,BLK,2025,5
HONDA ,ZRV   ,GRN,2025,1
HONDA ,ZRV   ,GRY,2025,13
HONDA ,ZRV   ,MRN,2025,6
HONDA ,ZRV   ,RED,2025,6
HONDA ,ZRV   ,WHI,2025,11
HONDA ,ZRV EH,GRY,2025,2
HONDA ,ZRV VT,GRY,2025,4
HONDA ,ZRV VT,MRN,2025,4
HONDA ,ZRV VT,WHI,2025,2
HSQVRN,FE450 ,WHI,2025,1
HSQVRN,FE501 ,WHI,2025,1
HSQVRN,FS450 ,WHI,2026,1
HSQVRN,NORDEN,GRY,2025,1
HSQVRN,SP401 ,BLK,2025,1
HSQVRN,SVARTP,BLK,2025,1
HSQVRN,TE14  ,WHI,2026,1
HSQVRN,TE300 ,GRY,2025,1
HSQVRN,TE300 ,GRY,2026,2
HSQVRN,TE300 ,WHI,2026,1
HUSQVA,EXPEND,BLU,2026,1
HUSQVA,NORDEN,GRN,2025,1
HUSQVA,T300  ,WHI,2026,1
HYNDAI,ELEXI ,WHI,2026,1
HYNDAI,ELEXIO,BLK,2026,3
HYNDAI,ELEXIO,BLU,2026,3
HYNDAI,ELEXIO,GRY,2026,12
HYNDAI,ELEXIO,RED,2026,1
HYNDAI,ELEXIO,WHI,2026,16
HYNDAI,FORES ,WHI,2025,1
HYNDAI,I20   ,BLU,2025,4
HYNDAI,I20   ,GRY,2025,7
HYNDAI,I20   ,RED,2025,1
HYNDAI,I20   ,WHI,2025,1
HYNDAI,I20 N ,BLU,2025,1
HYNDAI,I20 N ,GRY,2025,1
HYNDAI,I30   ,BLK,2025,4
HYNDAI,I30   ,BLK,2026,4
HYNDAI,I30   ,BLU,2025,15
HYNDAI,I30   ,BLU,2026,7
HYNDAI,I30   ,GRY,2025,24
HYNDAI,I30   ,GRY,2026,25
HYNDAI,I30   ,RED,2025,3
HYNDAI,I30   ,WHI,2025,18
HYNDAI,I30   ,WHI,2026,20
HYNDAI,I30 HE,BLK,2026,1
HYNDAI,I30 HE,BLU,2026,7
HYNDAI,I30 HE,GRY,2025,1
HYNDAI,I30 HE,GRY,2026,10
HYNDAI,I30 HE,WHI,2025,3
HYNDAI,I30 HE,WHI,2026,1
HYNDAI,I30 N ,BLU,2025,1
HYNDAI,I30 N ,BLU,2026,1
HYNDAI,I30 N ,GRY,2025,1
HYNDAI,I30 N ,RED,2026,1
HYNDAI,I30 SE,BLK,2026,1
HYNDAI,I30 SE,BLU,2026,1
HYNDAI,I30 SE,GRY,2025,2
HYNDAI,I30 SE,GRY,2026,4
HYNDAI,I30 SE,WHI,2025,3
HYNDAI,I30N  ,BLU,2025,1
HYNDAI,ILOAD ,WHI,2026,1
HYNDAI,INSTER,BLK,2025,3
HYNDAI,INSTER,GRN,2026,2
HYNDAI,INSTER,KHA,2025,2
HYNDAI,INSTER,KHA,2026,1
HYNDAI,INSTER,SIL,2025,1
HYNDAI,INSTER,WHI,2025,12
HYNDAI,INSTER,YLW,2025,3
HYNDAI,IONIQ ,BLK,2025,1
HYNDAI,IONIQ ,BLU,2025,1
HYNDAI,IONIQ ,BLU,2026,1
HYNDAI,IONIQ ,GRN,2025,1
HYNDAI,IONIQ ,GRY,2025,5
HYNDAI,IONIQ ,GRY,2026,4
HYNDAI,IONIQ ,WHI,2025,5
HYNDAI,IONIQ ,WHI,2026,4
HYNDAI,IONIQ9,GRY,2025,1
HYNDAI,KONA  ,BLK,2025,27
HYNDAI,KONA  ,BLK,2026,13
HYNDAI,KONA  ,BLU,2025,17
HYNDAI,KONA  ,BLU,2026,30
HYNDAI,KONA  ,GRN,2025,25
HYNDAI,KONA  ,GRN,2026,92
HYNDAI,KONA  ,GRY,2025,45
HYNDAI,KONA  ,GRY,2026,55
HYNDAI,KONA  ,OGE,2026,2
HYNDAI,KONA  ,RED,2025,16
HYNDAI,KONA  ,RED,2026,29
HYNDAI,KONA  ,WHI,2025,55
HYNDAI,KONA  ,WHI,2026,85
HYNDAI,KONA  ,YLW,2026,4
HYNDAI,KONA C,GRN,2026,1
HYNDAI,KONA E,GRN,2026,2
HYNDAI,KONA E,GRY,2025,1
HYNDAI,KONA E,GRY,2026,3
HYNDAI,KONA E,RED,2026,2
HYNDAI,KONA E,WHI,2025,2
HYNDAI,KONA E,WHI,2026,5
HYNDAI,KONA H,BLK,2025,2
HYNDAI,KONA H,BLU,2025,3
HYNDAI,KONA H,BLU,2026,1
HYNDAI,KONA H,GRN,2025,5
HYNDAI,KONA H,GRN,2026,6
HYNDAI,KONA H,GRY,2025,8
HYNDAI,KONA H,GRY,2026,6
HYNDAI,KONA H,OGE,2025,1
HYNDAI,KONA H,RED,2025,1
HYNDAI,KONA H,RED,2026,2
HYNDAI,KONA H,WHI,2025,8
HYNDAI,KONA H,WHI,2026,11
HYNDAI,KONA N,WHI,2026,2
HYNDAI,KONA P,GRN,2026,3
HYNDAI,KONA P,GRY,2025,1
HYNDAI,KONA P,GRY,2026,2
HYNDAI,KONA P,WHI,2025,1
HYNDAI,KONA P,WHI,2026,2
HYNDAI,NX4 V4,SIL,2026,2
HYNDAI,PALISA,BLK,2025,4
HYNDAI,PALISA,BLK,2026,1
HYNDAI,PALISA,BLU,2025,4
HYNDAI,PALISA,BLU,2026,2
HYNDAI,PALISA,BRN,2025,1
HYNDAI,PALISA,BRN,2026,3
HYNDAI,PALISA,GRN,2026,5
HYNDAI,PALISA,GRY,2025,2
HYNDAI,PALISA,GRY,2026,1
HYNDAI,PALISA,SIL,2025,1
HYNDAI,PALISA,SIL,2026,3
HYNDAI,PALISA,WHI,2025,3
HYNDAI,PALISA,WHI,2026,2
HYNDAI,QX V5 ,SIL,2025,1
HYNDAI,SANTA ,BLK,2025,15
HYNDAI,SANTA ,BLK,2026,13
HYNDAI,SANTA ,BLU,2025,2
HYNDAI,SANTA ,BLU,2026,7
HYNDAI,SANTA ,BRN,2026,2
HYNDAI,SANTA ,BRZ,2025,3
HYNDAI,SANTA ,BRZ,2026,4
HYNDAI,SANTA ,CRM,2025,1
HYNDAI,SANTA ,CRM,2026,1
HYNDAI,SANTA ,GRN,2026,7
HYNDAI,SANTA ,GRY,2025,11
HYNDAI,SANTA ,GRY,2026,19
HYNDAI,SANTA ,OGE,2026,1
HYNDAI,SANTA ,SIL,2025,1
HYNDAI,SANTA ,SIL,2026,10
HYNDAI,SANTA ,WHI,2025,15
HYNDAI,SANTA ,WHI,2026,36
HYNDAI,SANTE ,BLK,2025,1
HYNDAI,SANTE ,BLK,2026,3
HYNDAI,SANTE ,BLU,2025,1
HYNDAI,SANTE ,GRN,2026,1
HYNDAI,SANTE ,WHI,2025,1
HYNDAI,SANTE ,WHI,2026,1
HYNDAI,SONATA,BLU,2026,2
HYNDAI,SONATA,GRY,2025,1
HYNDAI,SONATA,GRY,2026,1
HYNDAI,SONATA,SIL,2025,2
HYNDAI,SONATA,WHI,2025,1
HYNDAI,STARIA,BLK,2026,1
HYNDAI,STARIA,SIL,2025,2
HYNDAI,STARIA,SIL,2026,3
HYNDAI,STARIA,WHI,2025,21
HYNDAI,STARIA,WHI,2026,49
HYNDAI,SX2 V2,WHI,2025,1
HYNDAI,SX2 V3,WHI,2025,1
HYNDAI,TIGGO ,BLK,2025,1
HYNDAI,TUCON ,SIL,2026,1
HYNDAI,TUCSO ,BLU,2025,1
HYNDAI,TUCSON,BLK,2025,9
HYNDAI,TUCSON,BLK,2026,29
HYNDAI,TUCSON,BLU,2025,8
HYNDAI,TUCSON,BLU,2026,35
HYNDAI,TUCSON,BRZ,2026,17
HYNDAI,TUCSON,CRM,2026,1
HYNDAI,TUCSON,GRN,2025,4
HYNDAI,TUCSON,GRN,2026,6
HYNDAI,TUCSON,GRY,2025,17
HYNDAI,TUCSON,GRY,2026,116
HYNDAI,TUCSON,RED,2025,1
HYNDAI,TUCSON,RED,2026,21
HYNDAI,TUCSON,SIL,2025,2
HYNDAI,TUCSON,SIL,2026,35
HYNDAI,TUCSON,WHI,2025,14
HYNDAI,TUCSON,WHI,2026,146
HYNDAI,TUCSUN,GRY,2026,1
HYNDAI,TUSCON,BLK,2026,3
HYNDAI,TUSCON,BLU,2025,1
HYNDAI,TUSCON,BRZ,2026,1
HYNDAI,TUSCON,GRN,2025,1
HYNDAI,TUSCON,GRY,2026,1
HYNDAI,TUSCON,SIL,2026,8
HYNDAI,TUSCON,WHI,2026,13
HYNDAI,VENUE ,BLK,2025,3
HYNDAI,VENUE ,BLU,2025,9
HYNDAI,VENUE ,BLU,2026,2
HYNDAI,VENUE ,GRY,2025,6
HYNDAI,VENUE ,GRY,2026,12
HYNDAI,VENUE ,RED,2025,4
HYNDAI,VENUE ,SIL,2025,6
HYNDAI,VENUE ,SIL,2026,5
HYNDAI,VENUE ,WHI,2025,39
HYNDAI,VENUE ,WHI,2026,26
HYSTER,J1.8XN,YLW,2026,1
INDIAN,101 SC,RED,2025,1
INDIAN,CHIEFT,BLK,2025,1
INDIAN,PURSUI,RED,2026,1
INDIAN,PURSUI,WHI,2026,1
INDIAN,ROADMA,RED,2026,1
INDIAN,SCOUT ,BLK,2025,1
INDIAN,SCOUT ,BLK,2026,4
INDIAN,SCOUT ,WHI,2025,1
INDIAN,SPORT ,BLK,2026,1
INDIAN,SUPER ,BLK,2025,1
INEOS ,GRENAD,BEI,2025,1
INEOS ,GRENAD,BEI,2026,2
INEOS ,GRENAD,BLK,2025,1
INEOS ,GRENAD,BLK,2026,4
INEOS ,GRENAD,BLU,2026,1
INEOS ,GRENAD,GRN,2026,1
INEOS ,GRENAD,GRY,2025,2
INEOS ,GRENAD,GRY,2026,1
INEOS ,GRENAD,RED,2026,1
INEOS ,GRENAD,SIL,2026,1
INEOS ,IGXX  ,CRM,2026,1
INEOS ,IGXX  ,SIL,2026,1
INEOS ,MY26 5,CRM,2026,1
INEOS ,MY26 S,BLU,2026,1
INEOS ,MY26 S,GRY,2026,1
INEOS ,QMASTR,WHI,2026,1
ISUZU ,      ,RED,2026,1
ISUZU ,4X4 XT,WHI,2025,1
ISUZU ,AMAROK,GRY,2025,1
ISUZU ,D MAX ,BLK,2025,1
ISUZU ,D MAX ,BLK,2026,1
ISUZU ,D MAX ,GRY,2025,5
ISUZU ,D MAX ,RED,2025,1
ISUZU ,D MAX ,SIL,2025,1
ISUZU ,D MAX ,WHI,2025,19
ISUZU ,D MAX ,WHI,2026,5
ISUZU ,DMAX  ,BLK,2025,10
ISUZU ,DMAX  ,BLK,2026,2
ISUZU ,DMAX  ,BLU,2025,11
ISUZU ,DMAX  ,BLU,2026,2
ISUZU ,DMAX  ,GRY,2025,38
ISUZU ,DMAX  ,GRY,2026,31
ISUZU ,DMAX  ,OGE,2025,5
ISUZU ,DMAX  ,OGE,2026,2
ISUZU ,DMAX  ,RED,2025,5
ISUZU ,DMAX  ,RED,2026,3
ISUZU ,DMAX  ,SIL,2025,16
ISUZU ,DMAX  ,SIL,2026,14
ISUZU ,DMAX  ,WHI,2025,110
ISUZU ,DMAX  ,WHI,2026,72
ISUZU ,DMAX 4,BLK,2025,1
ISUZU ,DMAX 4,BLK,2026,1
ISUZU ,DMAX 4,GRY,2025,2
ISUZU ,DMAX 4,GRY,2026,3
ISUZU ,DMAX 4,SIL,2025,3
ISUZU ,DMAX 4,WHI,2025,6
ISUZU ,DMAX 4,WHI,2026,4
ISUZU ,DMAX B,BLK,2026,1
ISUZU ,DMAX B,GRY,2026,1
ISUZU ,DMAX B,WHI,2025,1
ISUZU ,DMAX C,GRY,2025,1
ISUZU ,DMAX C,GRY,2026,2
ISUZU ,DMAX C,SIL,2026,1
ISUZU ,DMAX L,GRY,2025,1
ISUZU ,DMAX L,GRY,2026,2
ISUZU ,DMAX L,SIL,2025,1
ISUZU ,DMAX L,WHI,2025,1
ISUZU ,DMAX L,WHI,2026,1
ISUZU ,DMAX S,BLK,2025,2
ISUZU ,DMAX S,WHI,2025,11
ISUZU ,DMAX S,WHI,2026,12
ISUZU ,DMAX X,BLU,2025,1
ISUZU ,DMAX X,GRY,2025,1
ISUZU ,DMAX X,GRY,2026,1
ISUZU ,DMAX X,SIL,2025,1
ISUZU ,DMAX X,SIL,2026,2
ISUZU ,DMAX X,WHI,2025,1
ISUZU ,DMAX X,WHI,2026,3
ISUZU ,FH FYH,WHI,2025,1
ISUZU ,FRD   ,WHI,2025,1
ISUZU ,FRR   ,WHI,2025,3
ISUZU ,FRR 11,WHI,2025,7
ISUZU ,FRR 11,WHI,2026,1
ISUZU ,FSD   ,WHI,2025,1
ISUZU ,FSD 14,WHI,2025,1
ISUZU ,FSR   ,BRN,2025,4
ISUZU ,FSR   ,WHI,2025,1
ISUZU ,FSR 14,WHI,2025,3
ISUZU ,FVD   ,WHI,2025,1
ISUZU ,FVD 17,BLU,2025,3
ISUZU ,FVD 17,WHI,2025,1
ISUZU ,FVL   ,GRN,2025,1
ISUZU ,FVL   ,WHI,2025,6
ISUZU ,FVL   ,WHI,2026,1
ISUZU ,FVL 26,WHI,2025,3
ISUZU ,FVL 26,WHI,2026,1
ISUZU ,FVR 17,WHI,2025,2
ISUZU ,FVZ   ,WHI,2025,1
ISUZU ,FXL 26,WHI,2025,1
ISUZU ,FXY 24,WHI,2025,2
ISUZU ,FXY 26,WHI,2026,1
ISUZU ,FXZ 24,WHI,2025,1
ISUZU ,FXZ 26,WHI,2026,1
ISUZU ,FYJ   ,WHI,2025,5
ISUZU ,FYJ 30,WHI,2025,8
ISUZU ,FYJ 32,WHI,2025,1
ISUZU ,MU X  ,BLK,2025,2
ISUZU ,MU X  ,GRY,2025,1
ISUZU ,MU X  ,GRY,2026,3
ISUZU ,MU X  ,RED,2025,1
ISUZU ,MU X  ,SIL,2025,1
ISUZU ,MU X  ,WHI,2025,2
ISUZU ,MU X  ,WHI,2026,2
ISUZU ,MUX   ,BLK,2025,13
ISUZU ,MUX   ,BLK,2026,15
ISUZU ,MUX   ,BLU,2025,2
ISUZU ,MUX   ,BLU,2026,6
ISUZU ,MUX   ,GRY,2025,34
ISUZU ,MUX   ,GRY,2026,31
ISUZU ,MUX   ,RED,2025,6
ISUZU ,MUX   ,RED,2026,2
ISUZU ,MUX   ,SIL,2025,24
ISUZU ,MUX   ,SIL,2026,16
ISUZU ,MUX   ,WHI,2025,32
ISUZU ,MUX   ,WHI,2026,34
ISUZU ,MUX 4X,GRY,2025,1
ISUZU ,MUX 4X,SIL,2025,2
ISUZU ,MUX 4X,WHI,2025,1
ISUZU ,MUX LS,BLU,2025,1
ISUZU ,MUX LS,GRY,2026,1
ISUZU ,MUX LS,SIL,2025,2
ISUZU ,MUX LS,WHI,2025,5
ISUZU ,MUX LS,WHI,2026,7
ISUZU ,MUX XT,BLK,2025,1
ISUZU ,MUX XT,BLK,2026,2
ISUZU ,MUX XT,SIL,2026,2
ISUZU ,MUX XT,WHI,2025,2
ISUZU ,MUX XT,WHI,2026,1
ISUZU ,NH NP ,WHI,2025,1
ISUZU ,NLR   ,BLK,2026,1
ISUZU ,NLR   ,WHI,2025,3
ISUZU ,NLR   ,WHI,2026,6
ISUZU ,NLR   ,YLW,2026,2
ISUZU ,NLR 45,GRY,2026,1
ISUZU ,NLR 45,WHI,2026,3
ISUZU ,NLR45 ,WHI,2026,1
ISUZU ,NMR   ,WHI,2025,1
ISUZU ,NMR   ,WHI,2026,1
ISUZU ,NNR   ,WHI,2025,7
ISUZU ,NNR   ,WHI,2026,16
ISUZU ,NNR 45,WHI,2025,4
ISUZU ,NNR 45,WHI,2026,8
ISUZU ,NPR   ,SIL,2026,2
ISUZU ,NPR   ,WHI,2025,3
ISUZU ,NPR 45,WHI,2025,1
ISUZU ,NPR 65,WHI,2025,1
ISUZU ,NPR 65,WHI,2026,1
ISUZU ,NPR 70,WHI,2025,1
ISUZU ,NPR 75,WHI,2025,2
ISUZU ,NPR88U,WHI,2026,1
ISUZU ,NPS   ,WHI,2025,1
ISUZU ,NPS 75,WHI,2025,1
ISUZU ,NQR   ,WHI,2025,3
ISUZU ,NQR   ,WHI,2026,4
ISUZU ,NQR 88,WHI,2025,2
ISUZU ,NQR88 ,WHI,2025,1
ISUZU ,NQS 80,WHI,2026,1
ISUZU ,WAG DM,WHI,2026,1
IVECO ,50C21 ,WHI,2025,1
IVECO ,70 21 ,SIL,2025,1
IVECO ,70 C21,SIL,2026,2
IVECO ,DAILY ,WHI,2025,5
IVECO ,DAILY ,WHI,2026,1
IVECO ,DAILY ,YLW,2025,1
IVECO ,EUROCA,WHI,2025,2
IVECO ,S WAY ,BLU,2025,2
IVECO ,SWAY  ,WHI,2025,2
J C B ,3CX CO,YLW,2026,1
J C B ,3CX PR,YLW,2026,2
J C B ,53260 ,YLW,2025,2
J C B ,54270 ,YLW,2025,2
J C B ,560-80,YLW,2026,1
J DEER,616R  ,GRN,2025,1
J DEER,6M 155,GRN,2025,1
J DEER,6M 200,GRN,2025,1
J DEER,6M 250,GRN,2025,1
J DEER,6M180 ,GRN,2026,1
J DEER,6R 155,GRN,2025,1
J DEER,6R 200,GRN,2025,1
J DEER,85410 ,GRN,2025,1
J DEER,8R 280,GRN,2025,1
J DEER,8R 370,GRN,2025,1
J DEER,8R370 ,GRN,2026,1
JAC   ,HAVEN ,BLK,2025,1
JAC   ,J5  SU,WHI,2026,1
JAC   ,JAC T9,WHI,2025,1
JAC   ,T9    ,BLK,2025,1
JAC   ,T9    ,BLU,2025,1
JAC   ,T9    ,GRY,2025,1
JAC   ,T9    ,GRY,2026,1
JAC   ,T9    ,RED,2025,2
JAC   ,T9 HAV,BLK,2025,1
JACOB ,SLF1  ,OGE,2026,1
JAECOO,J5    ,BLK,2025,1
JAECOO,J5    ,BLK,2026,33
JAECOO,J5    ,BLU,2026,47
JAECOO,J5    ,GRY,2025,2
JAECOO,J5    ,GRY,2026,39
JAECOO,J5    ,WHI,2025,1
JAECOO,J5    ,WHI,2026,39
JAECOO,J5  SU,BLK,2026,3
JAECOO,J5  SU,BLU,2026,2
JAECOO,J5  SU,GRY,2026,2
JAECOO,J5  SU,WHI,2026,10
JAECOO,J5 BEV,BLK,2026,2
JAECOO,J5 BEV,BLU,2026,7
JAECOO,J5 BEV,GRY,2026,2
JAECOO,J5 BEV,WHI,2026,9
JAECOO,J5 EV ,BLK,2026,6
JAECOO,J5 EV ,BLU,2026,4
JAECOO,J5 EV ,GRY,2026,5
JAECOO,J5 EV ,WHI,2026,5
JAECOO,J5 SUM,BLK,2026,10
JAECOO,J5 SUM,BLU,2026,18
JAECOO,J5 SUM,GRY,2026,12
JAECOO,J5 SUM,WHI,2026,13
JAECOO,J54 BE,GRY,2026,1
JAECOO,J7    ,BLK,2025,18
JAECOO,J7    ,BLK,2026,4
JAECOO,J7    ,BLU,2025,6
JAECOO,J7    ,GRN,2025,9
JAECOO,J7    ,GRN,2026,2
JAECOO,J7    ,SIL,2025,15
JAECOO,J7    ,SIL,2026,3
JAECOO,J7    ,WHI,2025,17
JAECOO,J7    ,WHI,2026,5
JAECOO,J7 RID,BLK,2025,2
JAECOO,J7 RID,BLU,2025,1
JAECOO,J7 RID,GRN,2025,1
JAECOO,J7 RID,WHI,2025,2
JAECOO,J7 RID,WHI,2026,1
JAECOO,J7 SHS,BLK,2026,1
JAECOO,J7 SUM,BLK,2025,8
JAECOO,J7 SUM,BLK,2026,2
JAECOO,J7 SUM,BLU,2025,1
JAECOO,J7 SUM,GRN,2025,4
JAECOO,J7 SUM,GRN,2026,1
JAECOO,J7 SUM,SIL,2025,5
JAECOO,J7 SUM,WHI,2025,5
JAECOO,J7 SUM,WHI,2026,1
JAECOO,J7 TRA,BLK,2025,1
JAECOO,J7 TRA,BLK,2026,2
JAECOO,J7 TRA,BLU,2025,1
JAECOO,J7 TRA,GRN,2025,2
JAECOO,J7 TRA,GRN,2026,5
JAECOO,J7 TRA,SIL,2025,1
JAECOO,J7 TRA,WHI,2025,1
JAECOO,J7 TRA,WHI,2026,2
JAECOO,J8    ,BLK,2025,2
JAECOO,J8    ,BLU,2025,3
JAECOO,J8    ,SIL,2025,2
JAECOO,J8    ,WHI,2025,3
JAECOO,J8    ,WHI,2026,1
JAECOO,J8 RID,BLK,2025,2
JAECOO,J8 RID,BLU,2025,1
JAECOO,J8 RID,SIL,2025,1
JAECOO,J8 RID,WHI,2025,1
JAECOO,JAECOO,BLK,2025,1
JAECOO,JAECOO,GRN,2025,1
JAECOO,JAECOO,GRY,2026,1
JAECOO,MY25 J,GRN,2025,1
JAECOO,MY25 O,GRY,2025,1
JAECOO,OMODA ,BLK,2025,1
JAECOO,OMODA ,GRY,2025,3
JAECOO,OMODA ,WHI,2025,2
JEEP  ,COMPAS,BLK,2026,1
JEEP  ,COMPAS,GRN,2025,4
JEEP  ,GLADIA,BLK,2025,1
JEEP  ,GLADIA,GRY,2026,1
JEEP  ,GLADIA,WHI,2026,2
JEEP  ,RUBICO,GRY,2026,1
JEEP  ,WRANGL,BLK,2025,2
JEEP  ,WRANGL,BLK,2026,1
JEEP  ,WRANGL,BLU,2026,1
JEEP  ,WRANGL,GRY,2026,3
K T M ,1390 S,BLK,2026,1
K T M ,1390 S,WHI,2026,1
K T M ,1390AD,BLU,2025,1
K T M ,1390AD,OGE,2025,1
K T M ,1390AD,OGE,2026,1
K T M ,1390SD,BLK,2025,1
K T M ,250 EX,OGE,2025,1
K T M ,300 EX,OGE,2025,3
K T M ,300EXC,OGE,2025,6
K T M ,300EXC,OGE,2026,4
K T M ,350 EX,OGE,2025,1
K T M ,350 EX,WHI,2025,1
K T M ,350EXC,OGE,2025,2
K T M ,35EXCF,OGE,2025,1
K T M ,390ADV,OGE,2025,2
K T M ,390ADV,OGE,2026,1
K T M ,390ADV,WHI,2025,2
K T M ,390ADV,WHI,2026,1
K T M ,390DUK,BLU,2025,1
K T M ,390END,OGE,2025,1
K T M ,400SX ,OGE,2026,1
K T M ,450EXC,OGE,2025,3
K T M ,45EXCF,OGE,2025,2
K T M ,45EXCF,WHI,2025,1
K T M ,500EXC,OGE,2025,1
K T M ,500EXC,OGE,2026,1
K T M ,990 RC,BLK,2026,1
K T M ,DK390 ,BLU,2025,1
KAWASA,EL450A,RED,2025,1
KAWASA,EL450A,RED,2026,1
KAWASA,EN650B,BLK,2025,2
KAWASA,EN650B,BLK,2026,1
KAWASA,EN650B,BLU,2025,1
KAWASA,EN650B,GRY,2025,4
KAWASA,EN650B,SIL,2025,1
KAWASA,EN650D,BLK,2026,1
KAWASA,ER500E,GRN,2025,1
KAWASA,ER500F,BLK,2026,2
KAWASA,ER500F,GRN,2025,1
KAWASA,ER65ML,GRY,2025,1
KAWASA,ER65SL,BLK,2025,1
KAWASA,ER6NLA,BLK,2025,1
KAWASA,EX400G,BLK,2026,2
KAWASA,EX500G,BLK,2026,14
KAWASA,EX500G,GRN,2025,3
KAWASA,EX500G,WHI,2025,3
KAWASA,EX500G,WHI,2026,7
KAWASA,EX500J,BLK,2026,1
KAWASA,EX650L,GRN,2026,3
KAWASA,EX650S,GRN,2025,1
KAWASA,KAF700,GRN,2026,1
KAWASA,KL650 ,BLK,2025,1
KAWASA,KL650E,GRN,2026,1
KAWASA,KLR650,GRN,2025,1
KAWASA,KLX150,BLK,2025,2
KAWASA,KLX150,BLK,2026,1
KAWASA,KLX250,GRN,2025,1
KAWASA,KLX300,GRN,2026,2
KAWASA,KX    ,GRN,2026,1
KAWASA,KX250 ,GRN,2025,1
KAWASA,KX250F,GRN,2025,1
KAWASA,KX250X,GRN,2026,1
KAWASA,KX252F,GRN,2025,1
KAWASA,KX450 ,GRN,2025,1
KAWASA,LX300H,GRN,2026,1
KAWASA,MUCE  ,GLD,2025,1
KAWASA,RS900C,BLU,2026,1
KAWASA,Z900  ,GRY,2026,1
KAWASA,Z900 S,GRN,2025,1
KAWASA,Z900 S,WHI,2025,1
KAWASA,Z900RS,BLK,2025,1
KAWASA,Z900RS,BLK,2026,1
KAWASA,Z900RS,MRN,2026,1
KAWASA,Z900RS,RED,2025,1
KAWASA,ZR902A,RED,2025,1
KAWASA,ZX10R ,GRN,2025,3
KAWASA,ZX1100,GRN,2026,2
KAWASA,ZX636 ,BLK,2025,1
KAWASA,ZX6R  ,GRY,2026,1
KENWTH,K220  ,BLU,2025,2
KENWTH,K220  ,WHI,2026,1
KENWTH,T320A ,WHI,2025,1
KENWTH,T360A ,WHI,2025,4
KENWTH,T360A ,YLW,2025,2
KENWTH,T410  ,RED,2025,2
KENWTH,T410SA,WHI,2025,1
KENWTH,T420SA,WHI,2025,1
KENWTH,T610SA,WHI,2025,1
KENWTH,T620  ,WHI,2025,1
KENWTH,T620  ,WHI,2026,1
KENWTH,T620SA,BLU,2025,1
KENWTH,T620SA,WHI,2025,2
KENWTH,T620SA,WHI,2026,1
KENWTH,T659  ,WHI,2025,4
KENWTH,T909  ,BLK,2025,1
KENWTH,T909  ,BLU,2025,2
KENWTH,T909  ,WHI,2025,6
KGM   ,ACTYON,BEI,2025,1
KGM   ,ACTYON,BLK,2025,1
KGM   ,ACTYON,CRM,2025,2
KGM   ,ACTYON,GLD,2025,1
KGM   ,ACTYON,GRN,2026,1
KGM   ,ACTYON,GRY,2025,1
KGM   ,ACTYON,WHI,2025,2
KGM   ,MUSSO ,BLK,2025,5
KGM   ,MUSSO ,BLK,2026,2
KGM   ,MUSSO ,BLU,2025,1
KGM   ,MUSSO ,BLU,2026,2
KGM   ,MUSSO ,GLD,2026,3
KGM   ,MUSSO ,GRN,2025,4
KGM   ,MUSSO ,GRY,2025,6
KGM   ,MUSSO ,GRY,2026,2
KGM   ,MUSSO ,WHI,2025,3
KGM   ,MUSSO ,WHI,2026,3
KGM   ,REXTON,BLK,2025,1
KGM   ,REXTON,GRY,2025,1
KGM   ,REXTON,GRY,2026,2
KGM   ,REXTON,WHI,2025,2
KGM   ,REXTON,WHI,2026,2
KGM   ,TORRES,BLU,2025,1
KIA   ,2026  ,WHI,2026,1
KIA   ,CAR   ,BLK,2025,1
KIA   ,CARNIV,BLK,2025,6
KIA   ,CARNIV,BLK,2026,17
KIA   ,CARNIV,BLU,2025,2
KIA   ,CARNIV,BLU,2026,27
KIA   ,CARNIV,GRY,2025,13
KIA   ,CARNIV,GRY,2026,94
KIA   ,CARNIV,RED,2026,9
KIA   ,CARNIV,SIL,2025,2
KIA   ,CARNIV,SIL,2026,3
KIA   ,CARNIV,WHI,2025,17
KIA   ,CARNIV,WHI,2026,64
KIA   ,CL4M K,GRY,2025,4
KIA   ,CL4M K,GRY,2026,1
KIA   ,CL4M K,WHI,2026,1
KIA   ,EV3   ,BLK,2025,9
KIA   ,EV3   ,BLU,2025,4
KIA   ,EV3   ,GRN,2025,5
KIA   ,EV3   ,GRN,2026,7
KIA   ,EV3   ,GRY,2025,18
KIA   ,EV3   ,GRY,2026,2
KIA   ,EV3   ,OGE,2025,6
KIA   ,EV3   ,RED,2025,2
KIA   ,EV3   ,SIL,2025,9
KIA   ,EV3   ,SIL,2026,2
KIA   ,EV3   ,WHI,2025,23
KIA   ,EV3   ,WHI,2026,19
KIA   ,EV3 EA,GRY,2025,1
KIA   ,EV3 GT,GRY,2025,1
KIA   ,EV4   ,BLK,2025,1
KIA   ,EV4   ,BLK,2026,1
KIA   ,EV4   ,BLU,2025,2
KIA   ,EV4   ,BLU,2026,1
KIA   ,EV4   ,GRY,2025,1
KIA   ,EV4   ,GRY,2026,1
KIA   ,EV4   ,SIL,2026,2
KIA   ,EV4   ,WHI,2025,3
KIA   ,EV4   ,WHI,2026,1
KIA   ,EV4 AI,WHI,2025,1
KIA   ,EV4 CT,BLU,2026,1
KIA   ,EV4 EA,WHI,2026,1
KIA   ,EV5   ,BLK,2025,17
KIA   ,EV5   ,BLU,2025,31
KIA   ,EV5   ,BLU,2026,3
KIA   ,EV5   ,GRN,2025,13
KIA   ,EV5   ,GRN,2026,1
KIA   ,EV5   ,GRY,2025,18
KIA   ,EV5   ,GRY,2026,2
KIA   ,EV5   ,RED,2025,5
KIA   ,EV5   ,WHI,2025,43
KIA   ,EV5   ,WHI,2026,9
KIA   ,EV5 AI,GRN,2025,1
KIA   ,EV5 AI,WHI,2025,2
KIA   ,EV5 EA,BLU,2025,2
KIA   ,EV5 EA,WHI,2026,1
KIA   ,EV5 GT,GRY,2025,2
KIA   ,EV5 OV,BLK,2025,1
KIA   ,EV5 OV,WHI,2025,1
KIA   ,EV6   ,WHI,2025,3
KIA   ,EV9   ,GRN,2026,1
KIA   ,K4    ,BLK,2025,13
KIA   ,K4    ,BLK,2026,4
KIA   ,K4    ,BLU,2025,31
KIA   ,K4    ,BLU,2026,8
KIA   ,K4    ,GLD,2025,2
KIA   ,K4    ,GRN,2025,5
KIA   ,K4    ,GRN,2026,9
KIA   ,K4    ,GRY,2025,39
KIA   ,K4    ,GRY,2026,23
KIA   ,K4    ,RED,2025,17
KIA   ,K4    ,RED,2026,7
KIA   ,K4    ,TUR,2025,1
KIA   ,K4    ,WHI,2025,95
KIA   ,K4    ,WHI,2026,27
KIA   ,K4    ,YLW,2025,4
KIA   ,K4    ,YLW,2026,1
KIA   ,K4 GT ,GRY,2025,2
KIA   ,K4 GT ,WHI,2025,1
KIA   ,K4 SPO,GRY,2026,1
KIA   ,KA    ,WHI,2026,1
KIA   ,KA4 CA,BLU,2026,2
KIA   ,KA4 CA,GRY,2026,3
KIA   ,MQ4 PE,WHI,2025,1
KIA   ,MQ4 PE,WHI,2026,2
KIA   ,PICANT,BEI,2025,2
KIA   ,PICANT,BEI,2026,4
KIA   ,PICANT,BLK,2025,6
KIA   ,PICANT,BLK,2026,11
KIA   ,PICANT,CRM,2025,1
KIA   ,PICANT,GRN,2025,7
KIA   ,PICANT,GRN,2026,24
KIA   ,PICANT,GRY,2025,13
KIA   ,PICANT,GRY,2026,9
KIA   ,PICANT,RED,2025,4
KIA   ,PICANT,RED,2026,7
KIA   ,PICANT,SIL,2025,7
KIA   ,PICANT,SIL,2026,4
KIA   ,PICANT,WHI,2025,14
KIA   ,PICANT,WHI,2026,28
KIA   ,SELTO ,BLU,2026,1
KIA   ,SELTOS,BLK,2025,13
KIA   ,SELTOS,BLK,2026,6
KIA   ,SELTOS,BLU,2025,20
KIA   ,SELTOS,BLU,2026,21
KIA   ,SELTOS,GRY,2025,18
KIA   ,SELTOS,GRY,2026,43
KIA   ,SELTOS,OGE,2025,2
KIA   ,SELTOS,OGE,2026,9
KIA   ,SELTOS,WHI,2025,20
KIA   ,SELTOS,WHI,2026,66
KIA   ,SELTS ,WHI,2026,1
KIA   ,SETOS ,GRY,2025,1
KIA   ,SORENT,BLK,2025,3
KIA   ,SORENT,BLK,2026,17
KIA   ,SORENT,BLU,2025,8
KIA   ,SORENT,BLU,2026,8
KIA   ,SORENT,BRN,2025,2
KIA   ,SORENT,BRN,2026,3
KIA   ,SORENT,GRN,2025,2
KIA   ,SORENT,GRN,2026,4
KIA   ,SORENT,GRY,2025,18
KIA   ,SORENT,GRY,2026,15
KIA   ,SORENT,SIL,2025,4
KIA   ,SORENT,WHI,2025,52
KIA   ,SORENT,WHI,2026,21
KIA   ,SORNTO,GRY,2025,1
KIA   ,SORREN,BLK,2026,1
KIA   ,SORREN,BLU,2026,1
KIA   ,SP2 SE,GRY,2025,1
KIA   ,SPORT ,GRN,2026,1
KIA   ,SPORTA,BLK,2025,21
KIA   ,SPORTA,BLK,2026,21
KIA   ,SPORTA,BLU,2025,13
KIA   ,SPORTA,BLU,2026,44
KIA   ,SPORTA,GRN,2025,15
KIA   ,SPORTA,GRN,2026,34
KIA   ,SPORTA,GRY,2025,39
KIA   ,SPORTA,GRY,2026,102
KIA   ,SPORTA,WHI,2025,49
KIA   ,SPORTA,WHI,2026,69
KIA   ,STONIC,BLK,2025,3
KIA   ,STONIC,BLK,2026,7
KIA   ,STONIC,BLU,2025,8
KIA   ,STONIC,BLU,2026,17
KIA   ,STONIC,GRN,2025,3
KIA   ,STONIC,GRN,2026,10
KIA   ,STONIC,GRY,2025,6
KIA   ,STONIC,GRY,2026,12
KIA   ,STONIC,RED,2025,3
KIA   ,STONIC,RED,2026,7
KIA   ,STONIC,SIL,2025,6
KIA   ,STONIC,SIL,2026,8
KIA   ,STONIC,WHI,2025,30
KIA   ,STONIC,WHI,2026,38
KIA   ,TASMAN,BEI,2025,7
KIA   ,TASMAN,BLK,2025,14
KIA   ,TASMAN,BLK,2026,2
KIA   ,TASMAN,BLU,2025,1
KIA   ,TASMAN,GRN,2025,4
KIA   ,TASMAN,GRY,2025,29
KIA   ,TASMAN,GRY,2026,1
KIA   ,TASMAN,RED,2025,3
KIA   ,TASMAN,TAN,2025,1
KIA   ,TASMAN,WHI,2025,28
KIA   ,TASMAN,WHI,2026,4
KIA   ,TK    ,BEI,2025,1
KIA   ,TK TAS,BLK,2025,2
KIA   ,TK TAS,GRN,2025,1
KIA   ,TK TAS,GRY,2026,4
KIOTI ,      ,OGE,2026,1
KIOTI ,DK5820,OGE,2026,1
KIOTI ,K92400,OGE,2025,1
KIOTI ,RX6030,OGE,2026,1
KIOTI ,RX8030,OGE,2025,1
KOBELC,SK140 ,BLU,2026,1
KOMATS,PC240 ,YLW,2026,1
KOMATS,PC55MR,YLW,2025,1
KOMATS,WA475 ,YLW,2026,1
KTM   ,2T-EXC,OGE,2025,1
KUBOTA,F3690 ,OGE,2026,1
KUBOTA,HVX900,OGE,2026,1
KUBOTA,KX0184,OGE,2026,1
KUBOTA,L3800H,OGE,2026,1
KUBOTA,L4600D,OGE,2026,1
KUBOTA,L5740H,OGE,2026,1
KUBOTA,M110GX,OGE,2026,1
KUBOTA,M5111D,OGE,2025,1
KUBOTA,M7040 ,OGE,2026,1
KUBOTA,M7040S,OGE,2025,1
KUBOTA,M8540 ,OGE,2025,1
KUBOTA,M8540 ,RED,2026,1
KUBOTA,M9540 ,OGE,2025,1
KUBOTA,RTV X2,OGE,2026,1
KUBOTA,RTVX  ,OGE,2025,1
KUBOTA,RTVX11,OGE,2025,1
KUBOTA,RTVX2S,OGE,2026,1
KUBOTA,U17-5 ,OGE,2026,1
KUBOTA,U274HG,OGE,2026,1
KUBOTA,X1120 ,OGE,2026,1
KUBOTA,X900  ,OGE,2025,1
KYMCO ,AGILIT,WHI,2025,1
KYMCO ,LIKE 1,BLK,2026,1
KYMCO ,LIKE12,BLK,2025,1
KYMCO ,LIKE12,RED,2026,1
KYMCO ,LIKE12,YLW,2025,1
L ROV ,DEF   ,WHI,2025,1
L ROV ,DEF 11,BLK,2026,1
L ROV ,DEF 11,GRY,2026,1
L ROV ,DEF 13,BLK,2026,1
L ROV ,DEF 90,BLK,2026,1
L ROV ,DEF 90,GRN,2026,1
L ROV ,DEF110,BLK,2026,1
L ROV ,DEF110,GRY,2026,1
L ROV ,DEF130,BLK,2026,1
L ROV ,DEFEDE,BLK,2026,1
L ROV ,DEFEND,BEI,2026,2
L ROV ,DEFEND,BLK,2025,6
L ROV ,DEFEND,BLK,2026,37
L ROV ,DEFEND,BLU,2026,1
L ROV ,DEFEND,BRZ,2026,4
L ROV ,DEFEND,FWN,2026,1
L ROV ,DEFEND,GLD,2026,2
L ROV ,DEFEND,GRN,2026,33
L ROV ,DEFEND,GRY,2025,5
L ROV ,DEFEND,GRY,2026,31
L ROV ,DEFEND,WHI,2025,6
L ROV ,DEFEND,WHI,2026,8
L ROV ,DEFEND,YLW,2026,3
L ROV ,DISCOV,BLK,2025,3
L ROV ,DISCOV,BLK,2026,2
L ROV ,DISCOV,GRY,2025,5
L ROV ,DISCOV,GRY,2026,3
L ROV ,DISCOV,RED,2026,1
L ROV ,DISCOV,SIL,2026,1
L ROV ,DISCOV,WHI,2025,1
L ROV ,DISCOV,WHI,2026,1
L ROV ,EVOQUE,BLU,2026,1
L ROV ,RAGE R,BLK,2026,1
L ROV ,RANE R,BLK,2026,1
L ROV ,RANGE ,BLK,2025,10
L ROV ,RANGE ,BLK,2026,19
L ROV ,RANGE ,BLU,2026,9
L ROV ,RANGE ,BRZ,2026,2
L ROV ,RANGE ,GRN,2025,1
L ROV ,RANGE ,GRN,2026,1
L ROV ,RANGE ,GRY,2025,5
L ROV ,RANGE ,GRY,2026,17
L ROV ,RANGE ,SIL,2026,1
L ROV ,RANGE ,WHI,2025,6
L ROV ,RANGE ,WHI,2026,7
L ROV ,RRS   ,BLK,2026,1
L ROV ,RRSPOR,BLK,2026,1
L ROV ,VELAR ,BLK,2026,1
L ROV ,VELAR ,WHI,2026,1
LAMB G,TEMARA,GRY,2026,1
LAMB G,URUS  ,BLK,2025,1
LAMBR ,G350  ,RED,2025,1
LAMBR ,X300  ,CRM,2026,1
LAMBR ,X300  ,RED,2025,1
LANDIN,110HC ,BLU,2026,1
LDV   ,1500 L,BLK,2025,1
LDV   ,D90   ,BLK,2025,7
LDV   ,D90   ,BLK,2026,4
LDV   ,D90   ,GRN,2025,7
LDV   ,D90   ,GRN,2026,6
LDV   ,D90   ,GRY,2025,11
LDV   ,D90   ,GRY,2026,11
LDV   ,D90   ,WHI,2025,13
LDV   ,D90   ,WHI,2026,11
LDV   ,D90 2W,GRY,2026,1
LDV   ,D90 2W,WHI,2026,1
LDV   ,D90 4W,BLK,2025,1
LDV   ,D90 4W,GRY,2026,1
LDV   ,D90 EX,GRN,2025,1
LDV   ,D90 EX,WHI,2025,1
LDV   ,D90 MO,WHI,2026,2
LDV   ,D90 PE,GRY,2025,1
LDV   ,DEL 9 ,WHI,2025,1
LDV   ,DEL 9 ,WHI,2026,1
LDV   ,DELIVE,BLK,2026,1
LDV   ,DELIVE,WHI,2025,33
LDV   ,DELIVE,WHI,2026,50
LDV   ,DL9   ,WHI,2026,1
LDV   ,G10   ,BLK,2025,2
LDV   ,G10   ,BLK,2026,3
LDV   ,G10   ,WHI,2025,18
LDV   ,G10   ,WHI,2026,14
LDV   ,G10 PL,WHI,2025,1
LDV   ,G10 PL,WHI,2026,2
LDV   ,G10 VA,WHI,2025,1
LDV   ,SV63D ,WHI,2026,1
LDV   ,T60   ,BLK,2025,4
LDV   ,T60   ,BLK,2026,3
LDV   ,T60   ,BLU,2025,3
LDV   ,T60   ,BLU,2026,1
LDV   ,T60   ,GRY,2025,8
LDV   ,T60   ,GRY,2026,6
LDV   ,T60   ,WHI,2025,6
LDV   ,T60   ,WHI,2026,10
LDV   ,T60 MA,BLK,2026,1
LDV   ,T60 MA,BLU,2025,2
LDV   ,T60 MA,BLU,2026,1
LDV   ,T60 MA,GRY,2026,1
LDV   ,T60 MA,WHI,2025,2
LDV   ,TERRON,BLK,2025,6
LDV   ,TERRON,BLK,2026,2
LDV   ,TERRON,BLU,2025,2
LDV   ,TERRON,GRN,2025,1
LDV   ,TERRON,GRY,2025,1
LDV   ,TERRON,GRY,2026,1
LDV   ,TERRON,WHI,2025,7
LDV   ,TERRON,WHI,2026,3
LDV   ,TERRON,YLW,2025,3
LEAPM ,B10   ,BLK,2026,2
LEAPM ,B10   ,BLU,2025,1
LEAPM ,B10   ,BLU,2026,5
LEAPM ,B10   ,GRY,2025,1
LEAPM ,B10   ,GRY,2026,4
LEAPM ,B10   ,PUR,2025,2
LEAPM ,B10   ,PUR,2026,4
LEAPM ,B10   ,SIL,2026,4
LEAPM ,B10   ,WHI,2025,1
LEAPM ,B10   ,WHI,2026,8
LEAPM ,B10 DE,BLK,2026,3
LEAPM ,B10 DE,BLU,2026,1
LEAPM ,B10 DE,WHI,2026,1
LEAPM ,B10 ST,BLK,2025,1
LEAPM ,B10 ST,BLU,2026,1
LEAPM ,B10 ST,PUR,2026,1
LEAPM ,B10 ST,WHI,2026,1
LEAPM ,C10   ,BLK,2025,2
LEAPM ,C10   ,BLK,2026,4
LEAPM ,C10   ,GRN,2025,1
LEAPM ,C10   ,GRN,2026,2
LEAPM ,C10   ,GRY,2025,1
LEAPM ,C10   ,GRY,2026,3
LEAPM ,C10   ,WHI,2026,2
LEAPM ,C10 DE,BLK,2025,1
LEAPM ,C10 DE,WHI,2025,1
LEAPM ,C10 DE,WHI,2026,1
LEAPM ,C10 ST,BLK,2026,1
LEXUS ,1ZA8MV,WHI,2025,1
LEXUS ,ENX250,WHI,2025,1
LEXUS ,ES300H,BLK,2025,9
LEXUS ,ES300H,BLK,2026,1
LEXUS ,ES300H,BLU,2025,1
LEXUS ,ES300H,SIL,2025,6
LEXUS ,ES300H,SIL,2026,1
LEXUS ,ES300H,WHI,2025,2
LEXUS ,ES300H,WHI,2026,1
LEXUS ,GX50  ,BLK,2026,1
LEXUS ,GX550 ,BLK,2026,5
LEXUS ,GX550 ,BLU,2026,2
LEXUS ,GX550 ,GRN,2026,3
LEXUS ,GX550 ,GRY,2026,4
LEXUS ,GX550 ,KHA,2026,6
LEXUS ,GX550 ,SIL,2026,1
LEXUS ,GX550 ,WHI,2026,6
LEXUS ,L5500H,RED,2026,1
LEXUS ,LBX   ,BLK,2026,1
LEXUS ,LBX   ,BLU,2025,1
LEXUS ,LBX   ,BLU,2026,1
LEXUS ,LBX   ,GRY,2026,2
LEXUS ,LBX   ,RED,2026,1
LEXUS ,LBX   ,SIL,2026,3
LEXUS ,LBX   ,WHI,2026,7
LEXUS ,LBX MO,BLU,2025,1
LEXUS ,LBX MO,BLU,2026,1
LEXUS ,LBX MO,WHI,2026,2
LEXUS ,LM350H,BLK,2026,1
LEXUS ,LM350H,SIL,2026,1
LEXUS ,LX500D,BLK,2026,6
LEXUS ,LX500D,WHI,2025,1
LEXUS ,LX500D,WHI,2026,2
LEXUS ,LX600 ,BLK,2025,1
LEXUS ,LX600 ,WHI,2026,1
LEXUS ,LX700H,BLK,2026,2
LEXUS ,LX700H,KHA,2026,1
LEXUS ,LX700H,SIL,2026,1
LEXUS ,LX700H,WHI,2026,2
LEXUS ,NX350 ,BLK,2026,1
LEXUS ,NX350 ,WHI,2026,1
LEXUS ,NX350H,BLK,2025,3
LEXUS ,NX350H,BLK,2026,12
LEXUS ,NX350H,BRZ,2026,1
LEXUS ,NX350H,GRN,2026,3
LEXUS ,NX350H,GRY,2025,6
LEXUS ,NX350H,GRY,2026,14
LEXUS ,NX350H,KHA,2026,14
LEXUS ,NX350H,RED,2025,2
LEXUS ,NX350H,RED,2026,2
LEXUS ,NX350H,SIL,2025,2
LEXUS ,NX350H,SIL,2026,16
LEXUS ,NX350H,WHI,2025,4
LEXUS ,NX350H,WHI,2026,9
LEXUS ,NX450H,BLK,2025,1
LEXUS ,NX450H,BLK,2026,6
LEXUS ,NX450H,BRZ,2026,1
LEXUS ,NX450H,GRN,2026,1
LEXUS ,NX450H,GRY,2025,3
LEXUS ,NX450H,GRY,2026,6
LEXUS ,NX450H,KHA,2026,3
LEXUS ,NX450H,SIL,2025,1
LEXUS ,NX450H,SIL,2026,6
LEXUS ,NX450H,WHI,2026,14
LEXUS ,RX350H,BLK,2025,3
LEXUS ,RX350H,BLK,2026,1
LEXUS ,RX350H,BLU,2026,1
LEXUS ,RX350H,GRY,2025,1
LEXUS ,RX350H,GRY,2026,1
LEXUS ,RX350H,KHA,2025,2
LEXUS ,RX350H,SIL,2025,3
LEXUS ,RX350H,SIL,2026,3
LEXUS ,RX350H,WHI,2025,1
LEXUS ,RX350H,WHI,2026,1
LEXUS ,RX450H,BLK,2025,3
LEXUS ,RX450H,BLK,2026,2
LEXUS ,RX450H,GRN,2026,1
LEXUS ,RX450H,GRY,2025,2
LEXUS ,RX450H,GRY,2026,2
LEXUS ,RX450H,RED,2025,1
LEXUS ,RX450H,SIL,2025,3
LEXUS ,RX450H,SIL,2026,7
LEXUS ,RX450H,WHI,2026,3
LEXUS ,RX500H,BLU,2026,1
LEXUS ,RX500H,GRY,2025,2
LEXUS ,RZ500E,BLU,2026,1
LEXUS ,RZ500E,GRY,2026,1
LEXUS ,RZ550E,GRY,2026,1
LIEBHR,A924  ,YLW,2025,1
LIFTSM,LSRT35,YLW,2026,1
LINDE ,E16C  ,RED,2026,2
LOADMC,825SUP,YLW,2025,1
LOVOL ,TRIDNT,BLK,2025,1
M A N ,19 330,WHI,2026,1
M A N ,CO1948,WHI,2026,1
M A N ,TGS 44,WHI,2025,1
M G   ,3     ,SIL,2025,1
M G   ,3     ,WHI,2025,1
M G   ,3 ESSE,SIL,2025,1
M G   ,3 ESSE,WHI,2025,1
M G   ,3 ESSE,YLW,2025,1
M G   ,3 VIBE,GRY,2026,1
M G   ,3 VIBE,SIL,2026,1
M G   ,3 VIBE,WHI,2026,2
M G   ,3CVT E,WHI,2025,1
M G   ,3CVT V,BLU,2026,1
M G   ,4 EXCI,WHI,2025,1
M G   ,5 ESSE,GRY,2025,3
M G   ,7 ESSE,GRY,2026,1
M G   ,AT EXP,BLK,2026,1
M G   ,BYD MY,BLK,2026,1
M G   ,ESSENC,BLK,2026,1
M G   ,ESSENC,BLU,2025,1
M G   ,ESSENC,GRN,2026,2
M G   ,ESSENC,GRY,2025,4
M G   ,ESSENC,GRY,2026,2
M G   ,ESSENC,SIL,2025,2
M G   ,ESSENC,WHI,2025,1
M G   ,ESSENC,WHI,2026,1
M G   ,EV ESS,GLD,2026,1
M G   ,EV ESS,WHI,2025,2
M G   ,EXCITE,GRN,2025,1
M G   ,HS    ,BLK,2025,5
M G   ,HS    ,BLU,2025,3
M G   ,HS    ,GRY,2025,5
M G   ,HS    ,GRY,2026,2
M G   ,HS    ,SIL,2025,1
M G   ,HS    ,WHI,2025,4
M G   ,HS    ,WHI,2026,3
M G   ,HS ESS,BLK,2025,3
M G   ,HS ESS,BLU,2025,2
M G   ,HS ESS,GRY,2025,4
M G   ,HS ESS,RED,2025,2
M G   ,HS ESS,SIL,2025,1
M G   ,HS ESS,SIL,2026,2
M G   ,HS ESS,WHI,2025,4
M G   ,HS ESS,WHI,2026,3
M G   ,HS EXC,GRY,2025,1
M G   ,HS EXC,GRY,2026,2
M G   ,HS EXC,WHI,2025,1
M G   ,HS HEV,RED,2025,1
M G   ,HS HEV,SIL,2025,1
M G   ,HS NGE,WHI,2025,1
M G   ,HS PHE,RED,2026,1
M G   ,HS SHE,GRY,2025,1
M G   ,HS SUP,RED,2026,1
M G   ,HS SUP,SIL,2025,2
M G   ,HS SUP,WHI,2025,2
M G   ,HS VIB,BLK,2025,1
M G   ,IM5   ,BLK,2025,1
M G   ,IM5   ,BLU,2025,1
M G   ,IM5   ,BLU,2026,1
M G   ,IM5   ,WHI,2025,2
M G   ,IM5 10,GRY,2026,1
M G   ,IM5 EV,GRY,2025,1
M G   ,IM5 EV,GRY,2026,1
M G   ,IM5 EV,WHI,2025,1
M G   ,IM6   ,BEI,2026,1
M G   ,IM6   ,BLK,2025,1
M G   ,IM6   ,BLU,2025,2
M G   ,IM6   ,GRY,2025,2
M G   ,IM6   ,GRY,2026,1
M G   ,IM6   ,WHI,2025,1
M G   ,IM6 EV,BLK,2025,1
M G   ,IM6 EV,WHI,2025,1
M G   ,IM6 PE,GRY,2025,1
M G   ,MG 3 E,GRY,2025,1
M G   ,MG ESS,GRN,2026,1
M G   ,MG ESS,WHI,2025,1
M G   ,MG ESS,WHI,2026,1
M G   ,MG HS ,BLU,2025,1
M G   ,MG IM5,BLK,2025,1
M G   ,MG NG ,BLK,2025,1
M G   ,MG NG ,BLK,2026,3
M G   ,MG NG ,BLU,2025,1
M G   ,MG NG ,GRN,2025,1
M G   ,MG NG ,GRY,2025,2
M G   ,MG NG ,GRY,2026,1
M G   ,MG NG ,RED,2025,1
M G   ,MG NG ,RED,2026,2
M G   ,MG NG ,WHI,2025,1
M G   ,MG NG ,WHI,2026,16
M G   ,MG QS ,WHI,2025,1
M G   ,MG S5 ,BLK,2026,1
M G   ,MG S5 ,GRY,2025,1
M G   ,MG S5 ,SIL,2025,1
M G   ,MG U9 ,BLK,2026,3
M G   ,MG U9 ,BLU,2025,1
M G   ,MG U9 ,BLU,2026,3
M G   ,MG U9 ,GRN,2025,1
M G   ,MG U9 ,WHI,2025,1
M G   ,MG ZS ,BLK,2025,1
M G   ,MG ZS ,GRY,2025,1
M G   ,MG ZS ,SIL,2026,1
M G   ,MG ZS ,WHI,2026,2
M G   ,MG3   ,BLK,2025,6
M G   ,MG3   ,BLK,2026,3
M G   ,MG3   ,BLU,2025,4
M G   ,MG3   ,BLU,2026,1
M G   ,MG3   ,GRY,2025,12
M G   ,MG3   ,GRY,2026,12
M G   ,MG3   ,RED,2025,5
M G   ,MG3   ,RED,2026,4
M G   ,MG3   ,SIL,2025,10
M G   ,MG3   ,SIL,2026,4
M G   ,MG3   ,WHI,2025,6
M G   ,MG3   ,WHI,2026,12
M G   ,MG3   ,YLW,2025,1
M G   ,MG3 CV,BLU,2025,1
M G   ,MG3 CV,WHI,2026,1
M G   ,MG3 ES,GRY,2025,1
M G   ,MG3 ES,SIL,2025,1
M G   ,MG3 ES,WHI,2025,3
M G   ,MG3 EX,BLK,2025,2
M G   ,MG3 EX,BLU,2025,2
M G   ,MG3 EX,GRY,2026,1
M G   ,MG3 EX,SIL,2025,1
M G   ,MG3 EX,WHI,2025,1
M G   ,MG3 EX,YLW,2025,3
M G   ,MG3 FW,GRY,2025,1
M G   ,MG3 HE,GRY,2025,3
M G   ,MG3 HE,WHI,2025,2
M G   ,MG3 NG,BLU,2025,1
M G   ,MG3 NG,GRY,2026,1
M G   ,MG3 NG,SIL,2025,1
M G   ,MG3 VI,BLK,2026,1
M G   ,MG3 VI,BLU,2025,1
M G   ,MG3 VI,BLU,2026,1
M G   ,MG3 VI,GRY,2026,4
M G   ,MG3 VI,RED,2026,1
M G   ,MG3 VI,SIL,2026,1
M G   ,MG3 VI,WHI,2026,2
M G   ,MG4   ,BLK,2025,12
M G   ,MG4   ,BLK,2026,2
M G   ,MG4   ,BLU,2025,4
M G   ,MG4   ,GRY,2025,4
M G   ,MG4   ,GRY,2026,1
M G   ,MG4   ,OGE,2025,2
M G   ,MG4   ,SIL,2025,2
M G   ,MG4   ,SIL,2026,1
M G   ,MG4   ,WHI,2025,20
M G   ,MG4   ,WHI,2026,2
M G   ,MG4 51,WHI,2026,1
M G   ,MG4 ES,BLK,2025,2
M G   ,MG4 ES,SIL,2025,1
M G   ,MG4 ES,WHI,2025,1
M G   ,MG4 EV,WHI,2025,3
M G   ,MG4 EX,GRY,2025,2
M G   ,MG4 EX,WHI,2025,4
M G   ,MG4 UR,GRY,2026,2
M G   ,MG4 UR,WHI,2026,1
M G   ,MG4 XP,WHI,2025,1
M G   ,MG4URB,SIL,2026,1
M G   ,MG5   ,BLK,2025,2
M G   ,MG5   ,RED,2025,1
M G   ,MG5   ,RED,2026,2
M G   ,MG5   ,WHI,2025,3
M G   ,MG5   ,YLW,2025,1
M G   ,MG5 ES,BLK,2025,1
M G   ,MG5 ES,GRY,2026,1
M G   ,MG5 ES,RED,2026,2
M G   ,MG5 EX,WHI,2025,1
M G   ,MG7   ,GRN,2026,4
M G   ,MG7   ,GRY,2026,3
M G   ,MG7   ,RED,2026,3
M G   ,MG7   ,WHI,2026,2
M G   ,MG7 AT,GRN,2026,1
M G   ,MG7 ES,GRN,2026,3
M G   ,MG7 ES,GRY,2025,1
M G   ,MG7 ES,RED,2026,1
M G   ,MG7 ES,WHI,2026,1
M G   ,MGQS L,WHI,2025,1
M G   ,MGS5  ,WHI,2025,1
M G   ,MGS5 E,GRY,2025,1
M G   ,MGS5 E,RED,2025,1
M G   ,MGS5 E,RED,2026,1
M G   ,MGU9  ,BLK,2026,1
M G   ,MGU9  ,BLU,2025,1
M G   ,MGU9  ,GRN,2025,1
M G   ,MGU9  ,GRY,2025,1
M G   ,MGU9 A,GRN,2025,1
M G   ,MH HS ,BLU,2025,1
M G   ,MY25 M,GRY,2025,1
M G   ,NG HS ,BLU,2025,1
M G   ,NG ZS ,BLU,2026,1
M G   ,NG ZS ,GRN,2025,1
M G   ,NG ZS ,GRN,2026,3
M G   ,NG ZS ,GRY,2025,1
M G   ,NG ZS ,GRY,2026,7
M G   ,NG ZS ,RED,2026,2
M G   ,NG ZS ,SIL,2026,1
M G   ,NG ZS ,WHI,2025,1
M G   ,NG ZS ,WHI,2026,7
M G   ,QS    ,BLK,2025,3
M G   ,QS    ,FWN,2025,1
M G   ,QS    ,GLD,2025,1
M G   ,QS    ,GRY,2025,2
M G   ,QS    ,GRY,2026,1
M G   ,QS    ,SIL,2025,2
M G   ,QS    ,SIL,2026,1
M G   ,QS    ,WHI,2025,7
M G   ,QS    ,WHI,2026,1
M G   ,QS 2WD,WHI,2025,1
M G   ,QS ESS,BLK,2025,1
M G   ,QS ESS,GRY,2025,1
M G   ,QS ESS,SIL,2025,2
M G   ,QS ESS,SIL,2026,1
M G   ,QS EXC,WHI,2025,1
M G   ,S5    ,BEI,2025,1
M G   ,S5    ,BLK,2025,3
M G   ,S5    ,GLD,2025,4
M G   ,S5    ,GLD,2026,3
M G   ,S5    ,GRY,2025,8
M G   ,S5    ,GRY,2026,1
M G   ,S5    ,RED,2025,2
M G   ,S5    ,RED,2026,1
M G   ,S5    ,SIL,2025,3
M G   ,S5    ,WHI,2025,22
M G   ,S5    ,WHI,2026,3
M G   ,S5 ESS,BLK,2025,2
M G   ,S5 ESS,GLD,2025,1
M G   ,S5 ESS,GLD,2026,3
M G   ,S5 ESS,RED,2025,2
M G   ,S5 ESS,WHI,2025,4
M G   ,S5 EV ,BLU,2025,1
M G   ,S5 EV ,GLD,2025,2
M G   ,S5 EV ,GRY,2025,2
M G   ,S5 EV ,GRY,2026,1
M G   ,S5 EV ,SIL,2025,1
M G   ,S5 EV ,SIL,2026,1
M G   ,S5 EV ,WHI,2025,2
M G   ,S5 EV ,WHI,2026,1
M G   ,S5 EXC,GRY,2025,1
M G   ,S5 EXC,WHI,2025,1
M G   ,S5EVES,GLD,2026,1
M G   ,U9    ,BLK,2025,3
M G   ,U9    ,BLK,2026,4
M G   ,U9    ,BLU,2026,1
M G   ,U9    ,GRN,2025,2
M G   ,U9    ,GRN,2026,2
M G   ,U9    ,GRY,2025,2
M G   ,U9    ,WHI,2025,1
M G   ,U9  EX,BLU,2025,1
M G   ,U9 EX ,BLK,2026,1
M G   ,U9 EXP,BLK,2025,1
M G   ,U9 EXP,BLK,2026,2
M G   ,U9 EXP,GRN,2025,2
M G   ,U9 EXP,WHI,2025,3
M G   ,U9 U9 ,WHI,2025,1
M G   ,VIBE  ,BLK,2026,2
M G   ,VIBE  ,BLU,2025,3
M G   ,VIBE  ,GRN,2025,2
M G   ,VIBE  ,GRY,2025,1
M G   ,VIBE  ,WHI,2025,1
M G   ,VIBE  ,WHI,2026,1
M G   ,ZS    ,BLK,2025,11
M G   ,ZS    ,BLK,2026,16
M G   ,ZS    ,BLU,2025,8
M G   ,ZS    ,BLU,2026,4
M G   ,ZS    ,GRN,2025,4
M G   ,ZS    ,GRN,2026,40
M G   ,ZS    ,GRY,2025,22
M G   ,ZS    ,GRY,2026,35
M G   ,ZS    ,RED,2025,7
M G   ,ZS    ,RED,2026,13
M G   ,ZS    ,SIL,2025,10
M G   ,ZS    ,SIL,2026,18
M G   ,ZS    ,WHI,2025,14
M G   ,ZS    ,WHI,2026,42
M G   ,ZS ESS,BLK,2026,2
M G   ,ZS ESS,BLU,2026,1
M G   ,ZS ESS,GRN,2026,5
M G   ,ZS ESS,GRY,2025,2
M G   ,ZS ESS,GRY,2026,4
M G   ,ZS ESS,RED,2026,8
M G   ,ZS ESS,SIL,2025,2
M G   ,ZS ESS,SIL,2026,4
M G   ,ZS ESS,WHI,2025,3
M G   ,ZS ESS,WHI,2026,10
M G   ,ZS EXC,GRY,2025,1
M G   ,ZS HEV,BLK,2025,1
M G   ,ZS HEV,BLK,2026,2
M G   ,ZS HEV,BLU,2025,2
M G   ,ZS HEV,BLU,2026,2
M G   ,ZS HEV,GRN,2026,4
M G   ,ZS HEV,GRY,2025,15
M G   ,ZS HEV,GRY,2026,5
M G   ,ZS HEV,RED,2025,2
M G   ,ZS HEV,RED,2026,1
M G   ,ZS HEV,SIL,2025,2
M G   ,ZS HEV,SIL,2026,4
M G   ,ZS HEV,WHI,2025,4
M G   ,ZS HEV,WHI,2026,8
M G   ,ZS TST,GRY,2025,1
M G   ,ZS TUR,BLU,2026,2
M G   ,ZS TUR,GRN,2026,3
M G   ,ZS TUR,GRY,2025,1
M G   ,ZS TUR,GRY,2026,1
M G   ,ZS TUR,RED,2026,1
M G   ,ZS TUR,SIL,2026,1
M G   ,ZS TUR,WHI,2025,1
M G   ,ZS TUR,WHI,2026,1
M G   ,ZS VIB,BLK,2025,1
M G   ,ZS VIB,BLK,2026,6
M G   ,ZS VIB,BLU,2025,3
M G   ,ZS VIB,BLU,2026,1
M G   ,ZS VIB,GRN,2025,2
M G   ,ZS VIB,GRN,2026,9
M G   ,ZS VIB,GRY,2025,6
M G   ,ZS VIB,GRY,2026,4
M G   ,ZS VIB,RED,2025,2
M G   ,ZS VIB,RED,2026,4
M G   ,ZS VIB,SIL,2025,3
M G   ,ZS VIB,SIL,2026,10
M G   ,ZS VIB,WHI,2025,1
M G   ,ZS VIB,WHI,2026,18
M G   ,ZSVIBE,GRN,2025,1
MACDON,MAZDA ,WHI,2025,1
MACK  ,ANTHEM,WHI,2026,1
MACK  ,METROL,WHI,2025,4
MAGNI ,TH 3.6,RED,2025,1
MAHIND,3XO   ,BLU,2025,2
MAHIND,3XO   ,GRY,2025,1
MAHIND,3XO   ,RED,2025,4
MAHIND,3XOAX7,WHI,2025,2
MAHIND,SCOPRI,BLK,2025,1
MAHIND,SCORPI,BLK,2025,1
MAHIND,SCORPI,WHI,2025,1
MAHIND,XUV 3X,RED,2025,1
MAHIND,XUV3XO,BEI,2025,1
MAHIND,XUV3XO,BLK,2025,6
MAHIND,XUV3XO,BLU,2025,2
MAHIND,XUV3XO,GRY,2025,6
MAHIND,XUV3XO,RED,2025,6
MAHIND,XUV3XO,WHI,2025,3
MAHIND,XUV3XO,YLW,2025,2
MAHIND,XUV700,BLK,2025,23
MAHIND,XUV700,BLU,2025,1
MAHIND,XUV700,RED,2025,1
MAHIND,XUV700,SIL,2025,3
MAHIND,XUV700,WHI,2025,11
MANITO,MLTX73,RED,2025,1
MANITO,MT730 ,OGE,2026,2
MANITO,MTX625,RED,2025,2
MANITO,TELEHA,RED,2026,1
MANITO,TMT25S,RED,2025,1
MANITO,TNT25 ,RED,2025,1
MASER ,GRECAL,WHI,2026,1
MASS F,4707  ,RED,2025,1
MASS F,5710  ,RED,2025,1
MASS F,5M 105,RED,2025,2
MASS F,5M 125,RED,2025,1
MASS F,5M105 ,RED,2025,1
MASS F,5M115 ,RED,2026,1
MASS F,5M125 ,RED,2026,1
MASS F,5M95  ,RED,2026,1
MASS F,5S125 ,RED,2026,2
MAZDA ,2     ,BEI,2026,1
MAZDA ,2     ,BLK,2026,2
MAZDA ,2     ,BLU,2025,1
MAZDA ,2     ,FWN,2025,1
MAZDA ,2     ,GRY,2025,10
MAZDA ,2     ,GRY,2026,7
MAZDA ,2     ,RED,2025,3
MAZDA ,2     ,RED,2026,1
MAZDA ,2     ,SIL,2025,3
MAZDA ,2     ,SIL,2026,2
MAZDA ,2     ,WHI,2025,6
MAZDA ,2     ,WHI,2026,7
MAZDA ,2 G15 ,GRY,2025,1
MAZDA ,3     ,BEI,2025,4
MAZDA ,3     ,BEI,2026,5
MAZDA ,3     ,BLK,2025,4
MAZDA ,3     ,BLK,2026,10
MAZDA ,3     ,BLU,2025,2
MAZDA ,3     ,BLU,2026,8
MAZDA ,3     ,FWN,2025,1
MAZDA ,3     ,FWN,2026,3
MAZDA ,3     ,GLD,2026,2
MAZDA ,3     ,GRY,2025,9
MAZDA ,3     ,GRY,2026,9
MAZDA ,3     ,RED,2025,12
MAZDA ,3     ,RED,2026,6
MAZDA ,3     ,SIL,2025,1
MAZDA ,3     ,SIL,2026,2
MAZDA ,3     ,WHI,2025,31
MAZDA ,3     ,WHI,2026,19
MAZDA ,3 G20 ,BLK,2025,2
MAZDA ,3 G20 ,BLU,2025,1
MAZDA ,3 G20 ,GLD,2026,1
MAZDA ,3 G20 ,RED,2025,1
MAZDA ,BT 50 ,BLK,2026,1
MAZDA ,BT 50 ,WHI,2026,1
MAZDA ,BT50  ,BLK,2025,7
MAZDA ,BT50  ,BLK,2026,7
MAZDA ,BT50  ,BLU,2025,15
MAZDA ,BT50  ,BLU,2026,3
MAZDA ,BT50  ,GRY,2025,25
MAZDA ,BT50  ,GRY,2026,7
MAZDA ,BT50  ,OGE,2025,1
MAZDA ,BT50  ,RED,2025,8
MAZDA ,BT50  ,SIL,2025,6
MAZDA ,BT50  ,SIL,2026,1
MAZDA ,BT50  ,WHI,2025,76
MAZDA ,BT50  ,WHI,2026,23
MAZDA ,BT50 D,BLU,2025,1
MAZDA ,BT50 D,GRY,2025,2
MAZDA ,BT50 D,SIL,2025,1
MAZDA ,BT50 D,WHI,2025,1
MAZDA ,BT50 G,WHI,2025,2
MAZDA ,BT50 S,BLK,2025,1
MAZDA ,BT50 S,BLU,2025,2
MAZDA ,BT50 S,WHI,2025,1
MAZDA ,BT50 X,BLU,2025,1
MAZDA ,BT50 X,GRY,2025,1
MAZDA ,BT50 X,WHI,2025,7
MAZDA ,BT50D ,WHI,2026,1
MAZDA ,CX 30 ,FWN,2025,1
MAZDA ,CX 30 ,FWN,2026,1
MAZDA ,CX 30 ,GRY,2026,1
MAZDA ,CX 30 ,WHI,2026,2
MAZDA ,CX 5  ,BLK,2026,1
MAZDA ,CX 5  ,GRY,2025,4
MAZDA ,CX 5  ,RED,2025,1
MAZDA ,CX3   ,BEI,2025,5
MAZDA ,CX3   ,BEI,2026,12
MAZDA ,CX3   ,BLK,2025,11
MAZDA ,CX3   ,BLK,2026,13
MAZDA ,CX3   ,FWN,2025,1
MAZDA ,CX3   ,FWN,2026,7
MAZDA ,CX3   ,GLD,2025,1
MAZDA ,CX3   ,GLD,2026,2
MAZDA ,CX3   ,GRY,2025,35
MAZDA ,CX3   ,GRY,2026,40
MAZDA ,CX3   ,RED,2025,22
MAZDA ,CX3   ,RED,2026,15
MAZDA ,CX3   ,SIL,2025,3
MAZDA ,CX3   ,SIL,2026,9
MAZDA ,CX3   ,WHI,2025,18
MAZDA ,CX3   ,WHI,2026,35
MAZDA ,CX3 AK,GRY,2025,1
MAZDA ,CX3 G2,BEI,2025,1
MAZDA ,CX3 G2,GRY,2025,2
MAZDA ,CX3 G2,RED,2025,2
MAZDA ,CX3 G2,WHI,2025,3
MAZDA ,CX3 G2,WHI,2026,2
MAZDA ,CX3 GT,RED,2025,1
MAZDA ,CX3 GT,RED,2026,2
MAZDA ,CX3 PU,GRY,2025,2
MAZDA ,CX3 PU,RED,2026,1
MAZDA ,CX3 PU,WHI,2026,3
MAZDA ,CX30  ,BEI,2025,1
MAZDA ,CX30  ,BEI,2026,36
MAZDA ,CX30  ,BLK,2025,7
MAZDA ,CX30  ,BLK,2026,17
MAZDA ,CX30  ,BLU,2025,11
MAZDA ,CX30  ,BLU,2026,43
MAZDA ,CX30  ,FWN,2025,1
MAZDA ,CX30  ,FWN,2026,9
MAZDA ,CX30  ,GLD,2025,2
MAZDA ,CX30  ,GLD,2026,15
MAZDA ,CX30  ,GRY,2025,6
MAZDA ,CX30  ,GRY,2026,42
MAZDA ,CX30  ,KHA,2026,2
MAZDA ,CX30  ,RED,2025,2
MAZDA ,CX30  ,RED,2026,22
MAZDA ,CX30  ,SIL,2026,23
MAZDA ,CX30  ,WHI,2025,9
MAZDA ,CX30  ,WHI,2026,97
MAZDA ,CX-30 ,GRY,2026,1
MAZDA ,CX30 A,GRY,2026,1
MAZDA ,CX30 A,WHI,2025,1
MAZDA ,CX30 A,WHI,2026,1
MAZDA ,CX30 E,BEI,2026,1
MAZDA ,CX30 G,BRZ,2026,1
MAZDA ,CX30 G,WHI,2025,1
MAZDA ,CX30 G,WHI,2026,1
MAZDA ,CX30 P,WHI,2026,1
MAZDA ,CX30 T,BEI,2025,1
MAZDA ,CX30 V,BLU,2025,1
MAZDA ,CX30 V,BLU,2026,1
MAZDA ,CX5   ,BEI,2025,4
MAZDA ,CX5   ,BEI,2026,28
MAZDA ,CX5   ,BLK,2025,15
MAZDA ,CX5   ,BLK,2026,28
MAZDA ,CX5   ,BLU,2025,24
MAZDA ,CX5   ,BLU,2026,44
MAZDA ,CX5   ,BRN,2026,2
MAZDA ,CX5   ,FWN,2025,6
MAZDA ,CX5   ,FWN,2026,15
MAZDA ,CX5   ,GLD,2025,3
MAZDA ,CX5   ,GLD,2026,21
MAZDA ,CX5   ,GRY,2025,36
MAZDA ,CX5   ,GRY,2026,44
MAZDA ,CX5   ,KHA,2025,1
MAZDA ,CX5   ,KHA,2026,2
MAZDA ,CX5   ,RED,2025,12
MAZDA ,CX5   ,RED,2026,46
MAZDA ,CX5   ,SIL,2025,2
MAZDA ,CX5   ,SIL,2026,9
MAZDA ,CX5   ,WHI,2025,25
MAZDA ,CX5   ,WHI,2026,99
MAZDA ,CX5 AK,BEI,2026,3
MAZDA ,CX5 AK,BLU,2025,1
MAZDA ,CX5 AK,BLU,2026,1
MAZDA ,CX5 AK,GRY,2025,1
MAZDA ,CX5 G ,WHI,2025,1
MAZDA ,CX5 G2,BLK,2026,1
MAZDA ,CX5 G2,BLU,2026,1
MAZDA ,CX5 G2,BRZ,2025,1
MAZDA ,CX5 G2,GLD,2025,1
MAZDA ,CX5 G2,GRY,2025,1
MAZDA ,CX5 G2,GRY,2026,2
MAZDA ,CX5 G2,RED,2025,1
MAZDA ,CX5 G2,WHI,2025,1
MAZDA ,CX5 G2,WHI,2026,3
MAZDA ,CX5 G3,BLU,2025,1
MAZDA ,CX5 G3,WHI,2026,1
MAZDA ,CX5 GT,BLU,2025,2
MAZDA ,CX5 GT,GRY,2025,1
MAZDA ,CX5 GT,WHI,2025,1
MAZDA ,CX5 MA,BEI,2025,1
MAZDA ,CX5 MA,GRY,2026,1
MAZDA ,CX5 MA,RED,2025,1
MAZDA ,CX5 MA,WHI,2025,1
MAZDA ,CX5 MA,WHI,2026,1
MAZDA ,CX5 TO,BEI,2026,1
MAZDA ,CX5 TO,WHI,2025,1
MAZDA ,CX5 TO,WHI,2026,1
MAZDA ,CX5 TU,RED,2026,1
MAZDA ,CX60  ,BEI,2025,5
MAZDA ,CX60  ,BEI,2026,2
MAZDA ,CX60  ,BLK,2025,8
MAZDA ,CX60  ,BLK,2026,11
MAZDA ,CX60  ,BLU,2025,10
MAZDA ,CX60  ,BLU,2026,13
MAZDA ,CX60  ,FWN,2025,4
MAZDA ,CX60  ,FWN,2026,2
MAZDA ,CX60  ,GLD,2025,1
MAZDA ,CX60  ,GRY,2025,15
MAZDA ,CX60  ,GRY,2026,7
MAZDA ,CX60  ,KHA,2026,2
MAZDA ,CX60  ,RED,2025,5
MAZDA ,CX60  ,RED,2026,6
MAZDA ,CX60  ,SIL,2025,10
MAZDA ,CX60  ,SIL,2026,6
MAZDA ,CX60  ,WHI,2025,20
MAZDA ,CX60  ,WHI,2026,6
MAZDA ,CX60 D,GRY,2025,2
MAZDA ,CX60 E,WHI,2025,1
MAZDA ,CX60 G,BEI,2025,2
MAZDA ,CX60 G,BLU,2026,1
MAZDA ,CX60 G,SIL,2025,1
MAZDA ,CX60 G,SIL,2026,1
MAZDA ,CX60 P,SIL,2025,2
MAZDA ,CX60 P,WHI,2025,2
MAZDA ,CX60 V,BEI,2025,1
MAZDA ,CX60 V,GRY,2025,1
MAZDA ,CX70  ,BLK,2026,2
MAZDA ,CX70  ,BLU,2026,1
MAZDA ,CX70  ,GRY,2026,4
MAZDA ,CX70  ,WHI,2025,1
MAZDA ,CX70  ,WHI,2026,1
MAZDA ,CX80  ,BEI,2025,3
MAZDA ,CX80  ,BEI,2026,11
MAZDA ,CX80  ,BLK,2025,7
MAZDA ,CX80  ,BLK,2026,8
MAZDA ,CX80  ,BLU,2025,10
MAZDA ,CX80  ,BLU,2026,8
MAZDA ,CX80  ,BRZ,2025,2
MAZDA ,CX80  ,FWN,2025,3
MAZDA ,CX80  ,FWN,2026,2
MAZDA ,CX80  ,GLD,2025,1
MAZDA ,CX80  ,GLD,2026,6
MAZDA ,CX80  ,GRY,2025,6
MAZDA ,CX80  ,GRY,2026,7
MAZDA ,CX80  ,MRN,2025,5
MAZDA ,CX80  ,RED,2025,11
MAZDA ,CX80  ,RED,2026,2
MAZDA ,CX80  ,SIL,2026,1
MAZDA ,CX80  ,WHI,2025,7
MAZDA ,CX80  ,WHI,2026,19
MAZDA ,CX80 A,BEI,2025,1
MAZDA ,CX80 A,BLK,2026,1
MAZDA ,CX80 A,RED,2026,1
MAZDA ,CX80 D,GRY,2025,1
MAZDA ,CX80 D,WHI,2026,1
MAZDA ,CX80 G,RED,2025,1
MAZDA ,CX80 G,WHI,2025,1
MAZDA ,CX80 G,WHI,2026,1
MAZDA ,CX80 P,BLK,2025,1
MAZDA ,CX80 P,BLK,2026,1
MAZDA ,CX80 P,GRY,2025,1
MAZDA ,CX90  ,BEI,2026,1
MAZDA ,CX90  ,BLK,2026,3
MAZDA ,CX90  ,BLU,2025,2
MAZDA ,CX90  ,BLU,2026,1
MAZDA ,CX90  ,GLD,2026,1
MAZDA ,CX90  ,GRY,2025,1
MAZDA ,CX90  ,GRY,2026,1
MAZDA ,CX90  ,MRN,2025,1
MAZDA ,CX90  ,RED,2025,4
MAZDA ,CX90  ,WHI,2025,1
MAZDA ,EV60  ,BRN,2026,1
MAZDA ,M2    ,BLK,2025,1
MAZDA ,M2    ,BLU,2025,1
MAZDA ,M2    ,BLU,2026,1
MAZDA ,M2    ,GRY,2025,2
MAZDA ,M2    ,SIL,2025,1
MAZDA ,M2    ,WHI,2025,2
MAZDA ,M3    ,BLK,2025,2
MAZDA ,M3    ,BLK,2026,3
MAZDA ,M3    ,BLU,2025,1
MAZDA ,M3    ,BLU,2026,2
MAZDA ,M3    ,GRY,2025,1
MAZDA ,M3    ,RED,2025,1
MAZDA ,M3    ,SIL,2026,3
MAZDA ,M3    ,WHI,2025,3
MAZDA ,M3    ,WHI,2026,6
MAZDA ,MAZDA ,BEI,2025,1
MAZDA ,MAZDA ,BEI,2026,1
MAZDA ,MAZDA ,BLK,2025,2
MAZDA ,MAZDA ,BLK,2026,2
MAZDA ,MAZDA ,BLU,2025,1
MAZDA ,MAZDA ,GRY,2026,3
MAZDA ,MAZDA ,RED,2026,1
MAZDA ,MAZDA ,SIL,2025,1
MAZDA ,MAZDA ,WHI,2025,1
MAZDA ,MAZDA ,WHI,2026,1
MAZDA ,MAZDA2,BEI,2026,1
MAZDA ,MAZDA2,BLU,2025,1
MAZDA ,MAZDA2,GLD,2025,2
MAZDA ,MAZDA2,GRY,2025,1
MAZDA ,MAZDA2,RED,2026,1
MAZDA ,MAZDA2,SIL,2025,1
MAZDA ,MAZDA2,WHI,2025,2
MAZDA ,MAZDA3,BEI,2025,1
MAZDA ,MAZDA3,BLK,2025,1
MAZDA ,MAZDA3,BLK,2026,1
MAZDA ,MAZDA3,BLU,2025,2
MAZDA ,MAZDA3,BLU,2026,2
MAZDA ,MAZDA3,GLD,2026,1
MAZDA ,MAZDA3,GRY,2025,1
MAZDA ,MAZDA3,GRY,2026,2
MAZDA ,MAZDA3,RED,2025,5
MAZDA ,MAZDA3,RED,2026,2
MAZDA ,MAZDA3,WHI,2025,4
MAZDA ,MAZDA3,WHI,2026,10
MAZDA ,MX5   ,BLK,2026,1
MAZDA ,MX5   ,BLU,2026,3
MAZDA ,MX5   ,GRY,2026,4
MAZDA ,MX5   ,RED,2026,12
MAZDA ,MX5   ,WHI,2026,2
MAZDA ,PY3163,SIL,2026,1
MC DNG,GMX135,RED,2025,1
MCCOR ,CX105 ,RED,2026,1
MERC B,119 VI,BLK,2026,1
MERC B,315 CD,WHI,2026,1
MERC B,319 SP,WHI,2025,1
MERC B,419 MW,GRY,2025,1
MERC B,419 SP,BEI,2025,1
MERC B,419 SP,GRY,2026,1
MERC B,419 SP,WHI,2025,1
MERC B,907 SP,GRY,2026,1
MERC B,A 200 ,BLU,2025,1
MERC B,A 250 ,BLK,2025,1
MERC B,A 45  ,GRY,2025,1
MERC B,A200  ,BLK,2025,8
MERC B,A200  ,BLK,2026,6
MERC B,A200  ,BLU,2025,3
MERC B,A200  ,GRY,2025,7
MERC B,A200  ,GRY,2026,1
MERC B,A200  ,SIL,2025,2
MERC B,A200  ,SIL,2026,1
MERC B,A200  ,WHI,2025,11
MERC B,A200  ,WHI,2026,7
MERC B,A200 S,BLK,2025,1
MERC B,A200 S,WHI,2026,1
MERC B,A250  ,BLK,2026,3
MERC B,A250  ,GRY,2025,3
MERC B,A250  ,GRY,2026,2
MERC B,A250  ,SIL,2025,1
MERC B,A250  ,WHI,2025,1
MERC B,A250  ,WHI,2026,1
MERC B,A35   ,BLK,2025,1
MERC B,A35   ,GRN,2025,1
MERC B,A35   ,GRY,2025,1
MERC B,A35   ,GRY,2026,1
MERC B,A35   ,SIL,2025,1
MERC B,A35   ,WHI,2025,5
MERC B,A35 AM,GRY,2025,1
MERC B,A35 ED,BLK,2025,1
MERC B,A45   ,BLK,2026,1
MERC B,A45   ,GRN,2025,1
MERC B,A45   ,WHI,2026,1
MERC B,ACTROS,WHI,2025,13
MERC B,ACTROS,WHI,2026,2
MERC B,AMG GL,WHI,2026,1
MERC B,C 200 ,BLK,2026,1
MERC B,C 200 ,GRY,2025,1
MERC B,C 43  ,SIL,2026,1
MERC B,C200  ,BLK,2025,1
MERC B,C200  ,BLK,2026,4
MERC B,C200  ,BLU,2026,7
MERC B,C200  ,GRY,2025,1
MERC B,C200  ,GRY,2026,8
MERC B,C200  ,SIL,2026,1
MERC B,C200  ,WHI,2026,1
MERC B,C300  ,BLK,2026,7
MERC B,C300  ,GRY,2025,1
MERC B,C300  ,GRY,2026,5
MERC B,C300  ,SIL,2026,5
MERC B,C300  ,WHI,2026,5
MERC B,C350  ,BLK,2025,1
MERC B,C350  ,SIL,2025,1
MERC B,C43   ,BLK,2026,3
MERC B,C43   ,GRY,2026,2
MERC B,CLA200,BLU,2025,3
MERC B,CLA35 ,SIL,2025,1
MERC B,CLA45 ,BLK,2025,1
MERC B,CLA45 ,SIL,2025,1
MERC B,CLA45 ,WHI,2025,1
MERC B,CLE200,GRY,2026,1
MERC B,CLE200,RED,2025,1
MERC B,CLE200,SIL,2026,3
MERC B,CLE200,WHI,2025,1
MERC B,CLE300,BLK,2025,1
MERC B,CLE300,BLU,2026,1
MERC B,CLE300,GRY,2026,1
MERC B,CLE53 ,GRY,2026,2
MERC B,CLE53 ,WHI,2026,1
MERC B,DESTIN,WHI,2025,1
MERC B,DZQ869,BLK,2026,1
MERC B,E200  ,GRY,2025,1
MERC B,E200  ,SIL,2025,1
MERC B,E300  ,SIL,2026,1
MERC B,E53   ,SIL,2026,1
MERC B,E53   ,WHI,2025,1
MERC B,ECONIC,WHI,2025,3
MERC B,EQA 25,BLK,2026,7
MERC B,EQA 25,GRY,2026,7
MERC B,EQA 25,SIL,2026,3
MERC B,EQA 25,WHI,2026,6
MERC B,EQA250,BLK,2025,2
MERC B,EQA250,BLK,2026,2
MERC B,EQA250,BLU,2025,7
MERC B,EQA250,GRY,2025,1
MERC B,EQA250,GRY,2026,3
MERC B,EQA250,SIL,2025,2
MERC B,EQA250,WHI,2025,5
MERC B,EQA250,WHI,2026,2
MERC B,EQB 25,BLK,2026,4
MERC B,EQB 25,BLU,2026,4
MERC B,EQB 25,GRY,2026,9
MERC B,EQB 25,SIL,2026,5
MERC B,EQB 25,WHI,2025,1
MERC B,EQB 25,WHI,2026,5
MERC B,EQB250,BLK,2025,4
MERC B,EQB250,BLK,2026,4
MERC B,EQB250,BLU,2025,5
MERC B,EQB250,GRY,2026,4
MERC B,EQB250,SIL,2025,1
MERC B,EQB250,SIL,2026,1
MERC B,EQB250,WHI,2025,3
MERC B,EQB250,WHI,2026,1
MERC B,G580  ,BLK,2026,1
MERC B,G580  ,BLU,2025,1
MERC B,G580  ,GRY,2025,1
MERC B,G580E ,BLU,2026,1
MERC B,G63   ,BLK,2026,3
MERC B,G63   ,GRY,2026,2
MERC B,G63   ,WHI,2026,3
MERC B,G63AMG,BLK,2026,1
MERC B,GLA 20,BLK,2026,3
MERC B,GLA 20,BLU,2025,2
MERC B,GLA 20,GRY,2026,2
MERC B,GLA 20,WHI,2026,1
MERC B,GLA 25,BLK,2025,1
MERC B,GLA 35,BLU,2025,1
MERC B,GLA 35,GRY,2026,1
MERC B,GLA 35,SIL,2026,1
MERC B,GLA200,BLK,2026,10
MERC B,GLA200,BLU,2025,4
MERC B,GLA200,GRY,2026,11
MERC B,GLA200,SIL,2026,4
MERC B,GLA200,WHI,2026,13
MERC B,GLA250,BLK,2025,5
MERC B,GLA250,BLK,2026,9
MERC B,GLA250,GRY,2025,2
MERC B,GLA250,GRY,2026,3
MERC B,GLA250,SIL,2025,2
MERC B,GLA250,SIL,2026,1
MERC B,GLA250,WHI,2025,1
MERC B,GLA250,WHI,2026,4
MERC B,GLA35 ,BLK,2026,5
MERC B,GLA35 ,GRY,2026,1
MERC B,GLA35 ,SIL,2026,2
MERC B,GLA35 ,WHI,2026,2
MERC B,GLB 20,BLK,2025,1
MERC B,GLB 20,BLK,2026,2
MERC B,GLB 20,GRY,2026,2
MERC B,GLB200,BLK,2025,3
MERC B,GLB200,BLK,2026,6
MERC B,GLB200,GRY,2025,1
MERC B,GLB200,GRY,2026,8
MERC B,GLB200,SIL,2025,1
MERC B,GLB200,SIL,2026,4
MERC B,GLB200,WHI,2025,1
MERC B,GLB200,WHI,2026,8
MERC B,GLB250,BLK,2025,1
MERC B,GLB250,BLU,2026,1
MERC B,GLB35 ,BLK,2025,1
MERC B,GLB35 ,BLK,2026,1
MERC B,GLB35 ,SIL,2025,1
MERC B,GLB35 ,WHI,2025,1
MERC B,GLC 20,BLK,2025,3
MERC B,GLC 20,BLK,2026,1
MERC B,GLC 20,GRY,2025,2
MERC B,GLC 20,SIL,2025,3
MERC B,GLC 20,SIL,2026,1
MERC B,GLC 20,WHI,2025,2
MERC B,GLC 30,BLU,2025,2
MERC B,GLC 30,GRY,2025,1
MERC B,GLC 30,SIL,2026,1
MERC B,GLC 30,WHI,2026,1
MERC B,GLC 35,BLK,2026,1
MERC B,GLC200,BLK,2025,2
MERC B,GLC200,BLK,2026,17
MERC B,GLC200,BLU,2025,1
MERC B,GLC200,GRY,2025,4
MERC B,GLC200,GRY,2026,11
MERC B,GLC200,SIL,2025,3
MERC B,GLC200,SIL,2026,9
MERC B,GLC200,WHI,2025,2
MERC B,GLC200,WHI,2026,17
MERC B,GLC300,BLK,2026,16
MERC B,GLC300,BLU,2025,4
MERC B,GLC300,GRN,2026,1
MERC B,GLC300,GRY,2025,1
MERC B,GLC300,GRY,2026,10
MERC B,GLC300,SIL,2025,2
MERC B,GLC300,SIL,2026,11
MERC B,GLC300,WHI,2026,10
MERC B,GLC350,BLK,2026,4
MERC B,GLC350,GRY,2026,4
MERC B,GLC350,SIL,2025,1
MERC B,GLC350,SIL,2026,1
MERC B,GLC350,WHI,2025,1
MERC B,GLC350,WHI,2026,3
MERC B,GLC43 ,BLK,2026,2
MERC B,GLC43 ,BLU,2025,2
MERC B,GLC43 ,GRY,2025,1
MERC B,GLC43 ,GRY,2026,3
MERC B,GLC43 ,SIL,2026,1
MERC B,GLC43 ,WHI,2025,2
MERC B,GLC43 ,WHI,2026,6
MERC B,GLC63 ,BLK,2025,4
MERC B,GLC63 ,BLK,2026,3
MERC B,GLC63 ,BLU,2025,1
MERC B,GLC63 ,GRY,2025,1
MERC B,GLC63 ,GRY,2026,2
MERC B,GLC63 ,SIL,2025,2
MERC B,GLC63 ,WHI,2025,1
MERC B,GLC63 ,WHI,2026,2
MERC B,GLC63E,GRN,2026,1
MERC B,GLC63E,GRY,2025,2
MERC B,GLC63E,WHI,2026,1
MERC B,GLC63S,WHI,2026,1
MERC B,GLE 30,BLK,2025,7
MERC B,GLE 30,BLK,2026,4
MERC B,GLE 30,GRY,2025,5
MERC B,GLE 30,GRY,2026,1
MERC B,GLE 30,SIL,2025,2
MERC B,GLE 30,WHI,2025,3
MERC B,GLE 30,WHI,2026,1
MERC B,GLE 45,SIL,2026,1
MERC B,GLE300,BLK,2025,4
MERC B,GLE300,BLK,2026,8
MERC B,GLE300,GRY,2025,3
MERC B,GLE300,GRY,2026,2
MERC B,GLE300,SIL,2025,4
MERC B,GLE300,SIL,2026,2
MERC B,GLE300,WHI,2025,6
MERC B,GLE300,WHI,2026,9
MERC B,GLE450,BLK,2025,3
MERC B,GLE450,BLK,2026,10
MERC B,GLE450,BLU,2025,2
MERC B,GLE450,GRY,2025,4
MERC B,GLE450,GRY,2026,8
MERC B,GLE450,SIL,2025,1
MERC B,GLE450,SIL,2026,1
MERC B,GLE450,WHI,2025,2
MERC B,GLE450,WHI,2026,8
MERC B,GLE53 ,BLK,2026,1
MERC B,GLE53 ,GRY,2026,2
MERC B,GLE53 ,WHI,2025,1
MERC B,GLE53 ,WHI,2026,2
MERC B,GLE63 ,BLK,2026,1
MERC B,GLE63 ,GRY,2025,1
MERC B,GLE63 ,GRY,2026,1
MERC B,GLE63 ,SIL,2026,1
MERC B,GLLE45,WHI,2025,1
MERC B,GLS 45,BLK,2025,1
MERC B,GLS 45,GRY,2025,2
MERC B,GLS 45,WHI,2025,2
MERC B,GLS450,BLK,2025,1
MERC B,GLS450,BLK,2026,4
MERC B,GLS450,BLU,2026,1
MERC B,GLS450,GRY,2025,4
MERC B,GLS450,SIL,2025,2
MERC B,GLS450,WHI,2026,1
MERC B,GLW300,BLK,2026,1
MERC B,GT43  ,SIL,2025,1
MERC B,GT63  ,GRY,2026,1
MERC B,GT63 S,GRY,2025,1
MERC B,JRV AD,BEI,2025,1
MERC B,JRVX  ,SIL,2025,1
MERC B,S450  ,GRY,2025,1
MERC B,S450  ,GRY,2026,1
MERC B,S580L ,GRY,2025,1
MERC B,SPRINT,BLU,2025,4
MERC B,SPRINT,BLU,2026,2
MERC B,SPRINT,GRY,2025,4
MERC B,SPRINT,GRY,2026,3
MERC B,SPRINT,SIL,2026,2
MERC B,SPRINT,WHI,2025,13
MERC B,SPRINT,WHI,2026,22
MERC B,SPRINT,YLW,2025,1
MERC B,V 7012,GRY,2026,1
MERC B,V250  ,BLK,2026,1
MERC B,V300  ,BLK,2025,1
MERC B,V300  ,BLK,2026,2
MERC B,V300  ,GRY,2025,1
MERC B,V300  ,GRY,2026,2
MERC B,V300  ,WHI,2025,1
MERC B,VITO  ,BLK,2026,2
MERC B,VITO  ,GRY,2026,1
MERC B,VITO  ,SIL,2026,2
MERC B,VITO  ,WHI,2025,4
MERC B,VITO  ,WHI,2026,1
MERC B,VITO 1,BLK,2026,3
MERC B,VITO 1,GRY,2026,3
MERC B,VITO 1,WHI,2025,1
MERC B,VITO 1,WHI,2026,2
MERC B,VITO L,WHI,2026,1
MERC B,VITO M,WHI,2026,1
MERC B,VITO T,BLK,2025,1
MERC B,VITO T,BLK,2026,1
MERLO ,P72   ,GRN,2025,2
MERLO ,P72   ,GRN,2026,1
MERLO ,P72.10,GRN,2025,1
MERLO ,P7210E,GRN,2025,1
MINI  ,ACEMAN,BLK,2025,3
MINI  ,ACEMAN,BLK,2026,1
MINI  ,ACEMAN,BLU,2026,2
MINI  ,ACEMAN,GRN,2025,2
MINI  ,ACEMAN,GRN,2026,5
MINI  ,ACEMAN,GRY,2026,1
MINI  ,ACEMAN,RED,2025,1
MINI  ,ACEMAN,RED,2026,1
MINI  ,ACEMAN,SIL,2026,2
MINI  ,ACEMAN,WHI,2025,2
MINI  ,COOPE ,GRN,2025,1
MINI  ,COOPER,BLK,2025,6
MINI  ,COOPER,BLK,2026,6
MINI  ,COOPER,BLU,2025,4
MINI  ,COOPER,BLU,2026,9
MINI  ,COOPER,GRN,2025,5
MINI  ,COOPER,GRN,2026,18
MINI  ,COOPER,GRY,2026,5
MINI  ,COOPER,RED,2026,5
MINI  ,COOPER,SIL,2025,2
MINI  ,COOPER,SIL,2026,1
MINI  ,COOPER,WHI,2025,6
MINI  ,COOPER,WHI,2026,11
MINI  ,COOPER,YLW,2026,3
MINI  ,COUNTR,BLK,2025,10
MINI  ,COUNTR,BLU,2025,6
MINI  ,COUNTR,BLU,2026,3
MINI  ,COUNTR,GRN,2025,2
MINI  ,COUNTR,GRN,2026,4
MINI  ,COUNTR,GRY,2025,4
MINI  ,COUNTR,GRY,2026,1
MINI  ,COUNTR,RED,2026,2
MINI  ,COUNTR,SIL,2025,1
MINI  ,COUNTR,SIL,2026,2
MINI  ,COUNTR,WHI,2025,7
MINI  ,COUNTR,WHI,2026,2
MINI  ,E COUN,WHI,2025,2
MINI  ,JCW   ,BLU,2026,1
MINI  ,JCW   ,GRN,2026,1
MINI  ,JCW CO,BLK,2025,1
MINI  ,JCW CO,BLK,2026,2
MINI  ,JCW CO,WHI,2026,1
MINI  ,JCW E ,BLU,2025,1
MINI  ,JCW E ,WHI,2026,1
MINI  ,SE COU,BLU,2025,1
MITSUB,ASX   ,BLK,2025,1
MITSUB,ASX   ,BLU,2025,4
MITSUB,ASX   ,BLU,2026,1
MITSUB,ASX   ,GRY,2025,5
MITSUB,ASX   ,GRY,2026,2
MITSUB,ASX   ,RED,2025,5
MITSUB,ASX   ,RED,2026,1
MITSUB,ASX   ,WHI,2025,7
MITSUB,ASX EX,BLU,2026,1
MITSUB,ASX EX,WHI,2025,2
MITSUB,ASX LS,BLK,2025,1
MITSUB,EXCEED,WHI,2025,1
MITSUB,FEA21E,WHI,2025,2
MITSUB,FEB21E,WHI,2025,2
MITSUB,FEB21E,WHI,2026,2
MITSUB,FECX1G,WHI,2026,1
MITSUB,FGB71E,WHI,2025,1
MITSUB,FK62FL,WHI,2025,1
MITSUB,FK65FL,WHI,2025,1
MITSUB,FL25PT,GRN,2026,1
MITSUB,FM67FS,WHI,2025,1
MITSUB,FN63FU,WHI,2025,2
MITSUB,FU74GU,WHI,2025,1
MITSUB,FU74GU,YLW,2025,2
MITSUB,FUSO  ,WHI,2025,1
MITSUB,MV TRI,SIL,2025,1
MITSUB,MV TRI,WHI,2025,1
MITSUB,MV TRI,WHI,2026,2
MITSUB,OUTALN,GRY,2025,1
MITSUB,OUTLAN,BLK,2025,25
MITSUB,OUTLAN,BLK,2026,3
MITSUB,OUTLAN,BLU,2025,12
MITSUB,OUTLAN,BLU,2026,6
MITSUB,OUTLAN,GRY,2025,66
MITSUB,OUTLAN,GRY,2026,29
MITSUB,OUTLAN,RED,2025,17
MITSUB,OUTLAN,RED,2026,5
MITSUB,OUTLAN,SIL,2025,28
MITSUB,OUTLAN,SIL,2026,1
MITSUB,OUTLAN,WHI,2025,176
MITSUB,OUTLAN,WHI,2026,27
MITSUB,PAJERO,BLK,2025,9
MITSUB,PAJERO,BLU,2025,2
MITSUB,PAJERO,GRY,2025,7
MITSUB,PAJERO,RED,2025,5
MITSUB,PAJERO,SIL,2025,7
MITSUB,PAJERO,WHI,2025,53
MITSUB,PAJERO,WHI,2026,2
MITSUB,QG PAJ,GRY,2025,1
MITSUB,T     ,GRY,2025,1
MITSUB,TR    ,WHI,2025,1
MITSUB,TRIOTN,WHI,2025,1
MITSUB,TRITON,BLK,2025,18
MITSUB,TRITON,BLK,2026,5
MITSUB,TRITON,BLU,2025,4
MITSUB,TRITON,BLU,2026,2
MITSUB,TRITON,GRY,2025,41
MITSUB,TRITON,GRY,2026,8
MITSUB,TRITON,OGE,2025,14
MITSUB,TRITON,SIL,2025,38
MITSUB,TRITON,SIL,2026,1
MITSUB,TRITON,WHI,2025,158
MITSUB,TRITON,WHI,2026,27
MITSUB,ZM OUT,BLU,2025,1
MITSUB,ZM OUT,GRY,2025,2
MITSUB,ZM OUT,GRY,2026,1
MITSUB,ZM OUT,RED,2025,1
MITSUB,ZM OUT,SIL,2025,1
MITSUB,ZM OUT,WHI,2025,3
MV AGU,SUPERV,RED,2025,1
N HOLL,T4.555,BLU,2025,1
N HOLL,TD5100,BLU,2025,1
N HOLL,TT475 ,BLU,2025,1
N HOLL,XTRAIL,WHI,2025,1
NICHIY,FB18  ,RED,2026,1
NISSAN,      ,GRY,2025,1
NISSAN,ARIYA ,BLK,2025,2
NISSAN,ARIYA ,BRZ,2025,1
NISSAN,ARIYA ,GRN,2025,2
NISSAN,ARIYA ,GRY,2025,2
NISSAN,ARIYA ,WHI,2025,3
NISSAN,JUKE  ,BLU,2025,2
NISSAN,JUKE  ,GRY,2025,5
NISSAN,JUKE  ,RED,2025,2
NISSAN,JUKE  ,WHI,2025,3
NISSAN,LEEAF ,WHI,2026,1
NISSAN,NAVARA,BLK,2025,4
NISSAN,NAVARA,BLK,2026,15
NISSAN,NAVARA,BLU,2026,2
NISSAN,NAVARA,GRY,2025,14
NISSAN,NAVARA,GRY,2026,41
NISSAN,NAVARA,RED,2026,7
NISSAN,NAVARA,SIL,2025,3
NISSAN,NAVARA,SIL,2026,10
NISSAN,NAVARA,WHI,2025,19
NISSAN,NAVARA,WHI,2026,50
NISSAN,NAVARA,YLW,2025,1
NISSAN,NISSAN,WHI,2026,1
NISSAN,PATHFI,RED,2025,1
NISSAN,PATHFI,WHI,2025,1
NISSAN,PATROL,BLK,2025,3
NISSAN,PATROL,BLK,2026,26
NISSAN,PATROL,GRY,2025,3
NISSAN,PATROL,GRY,2026,38
NISSAN,PATROL,MRN,2026,1
NISSAN,PATROL,RED,2026,5
NISSAN,PATROL,SIL,2026,6
NISSAN,PATROL,WHI,2025,2
NISSAN,PATROL,WHI,2026,36
NISSAN,QASHQA,BLK,2025,3
NISSAN,QASHQA,BLK,2026,1
NISSAN,QASHQA,BLU,2025,4
NISSAN,QASHQA,BLU,2026,2
NISSAN,QASHQA,GRN,2025,1
NISSAN,QASHQA,GRN,2026,4
NISSAN,QASHQA,GRY,2025,9
NISSAN,QASHQA,GRY,2026,5
NISSAN,QASHQA,RED,2025,3
NISSAN,QASHQA,RED,2026,1
NISSAN,QASHQA,WHI,2025,9
NISSAN,QASHQA,WHI,2026,7
NISSAN,X     ,GRY,2025,1
NISSAN,X TRAI,BLK,2026,3
NISSAN,X TRAI,BLU,2025,1
NISSAN,X TRAI,BLU,2026,2
NISSAN,X TRAI,GLD,2025,1
NISSAN,X TRAI,GLD,2026,3
NISSAN,X TRAI,GRY,2025,2
NISSAN,X TRAI,GRY,2026,12
NISSAN,X TRAI,RED,2026,1
NISSAN,X TRAI,SIL,2025,2
NISSAN,X TRAI,SIL,2026,2
NISSAN,X TRAI,WHI,2025,9
NISSAN,X TRAI,WHI,2026,14
NISSAN,XT    ,GRY,2026,1
NISSAN,XTRAIL,BLK,2025,18
NISSAN,XTRAIL,BLK,2026,14
NISSAN,XTRAIL,BLU,2025,17
NISSAN,XTRAIL,BLU,2026,17
NISSAN,XTRAIL,GLD,2025,14
NISSAN,XTRAIL,GLD,2026,18
NISSAN,XTRAIL,GRY,2025,43
NISSAN,XTRAIL,GRY,2026,72
NISSAN,XTRAIL,RED,2025,16
NISSAN,XTRAIL,RED,2026,45
NISSAN,XTRAIL,SIL,2025,20
NISSAN,XTRAIL,SIL,2026,4
NISSAN,XTRAIL,WHI,2025,69
NISSAN,XTRAIL,WHI,2026,207
NISSAN,Z     ,BLU,2026,1
NISSAN,Z     ,RED,2026,1
OMODA ,9     ,BLK,2026,1
OMODA ,9     ,GRY,2025,1
OMODA ,9     ,GRY,2026,1
OMODA ,O9    ,GRY,2026,2
OMODA ,O9 PHE,GRY,2025,2
OMODA ,OMODA ,BLK,2025,2
OMODA ,OMODA ,GRY,2025,2
OMODA ,OMODA ,GRY,2026,2
PEUG  ,2008  ,GRY,2025,2
PEUG  ,2008  ,GRY,2026,1
PEUG  ,2008 G,WHI,2025,1
PEUG  ,200T G,GRY,2025,1
PEUG  ,3008  ,GRY,2025,2
PEUG  ,3008 G,BLU,2025,1
PEUG  ,308 GT,BLU,2025,1
PEUG  ,308 GT,WHI,2025,1
PEUG  ,408  G,BLK,2025,1
PEUG  ,408 GT,WHI,2025,1
PEUG  ,5008  ,BLK,2025,2
PEUG  ,EXPERT,GRY,2026,1
PEUG  ,PARTNE,BLK,2026,2
PEUG  ,PARTNE,WHI,2025,2
PEUG  ,PARTNE,WHI,2026,4
PEUG  ,SONIC ,WHI,2026,1
POLARI,1000  ,BLK,2025,1
POLARI,570SP ,GRY,2026,1
POLARI,RANGER,BLU,2025,2
POLARI,RANGER,BLU,2026,1
POLARI,RANGER,GRY,2026,2
POLARI,RGR   ,GRN,2025,1
POLARI,SP570 ,BLU,2026,1
POLARI,XP100 ,BLK,2026,1
POLARI,XP1000,GRY,2026,1
POLEST,2     ,BEI,2026,1
POLEST,2     ,BLK,2025,2
POLEST,2     ,BLK,2026,1
POLEST,2     ,BLU,2025,5
POLEST,2     ,BLU,2026,1
POLEST,2     ,GRY,2025,2
POLEST,2     ,SIL,2025,1
POLEST,2     ,SIL,2026,5
POLEST,2     ,WHI,2025,3
POLEST,2     ,WHI,2026,1
POLEST,4     ,BLK,2025,6
POLEST,4     ,BLU,2025,2
POLEST,4     ,GRY,2025,7
POLEST,4     ,SIL,2025,6
POLEST,4     ,SIL,2026,1
POLEST,4     ,WHI,2025,1
POLEST,POLEST,BLK,2025,1
PORSCH,718   ,BLK,2025,1
PORSCH,911 CA,BLK,2026,1
PORSCH,911 CA,GRN,2026,1
PORSCH,911 CA,GRY,2025,1
PORSCH,911 CA,GRY,2026,1
PORSCH,911 GT,BLK,2026,3
PORSCH,911 GT,GRN,2025,1
PORSCH,911 GT,GRN,2026,1
PORSCH,911 TA,BLK,2026,1
PORSCH,911CAR,BLK,2026,1
PORSCH,911CAR,GRN,2026,1
PORSCH,CAYENN,BEI,2026,1
PORSCH,CAYENN,BLK,2026,14
PORSCH,CAYENN,BLU,2026,2
PORSCH,CAYENN,GRY,2025,2
PORSCH,CAYENN,GRY,2026,16
PORSCH,CAYENN,RED,2026,3
PORSCH,CAYENN,SIL,2025,1
PORSCH,CAYENN,SIL,2026,1
PORSCH,CAYENN,WHI,2026,3
PORSCH,MACAN ,BLK,2025,1
PORSCH,MACAN ,BLK,2026,3
PORSCH,MACAN ,BLU,2025,1
PORSCH,MACAN ,BLU,2026,2
PORSCH,MACAN ,GRN,2026,5
PORSCH,MACAN ,GRY,2025,2
PORSCH,MACAN ,GRY,2026,4
PORSCH,MACAN ,SIL,2025,1
PORSCH,MACAN ,WHI,2025,1
PORSCH,MACAN ,WHI,2026,3
PORSCH,PANAME,BLK,2026,1
PORSCH,TAYCAN,PUR,2025,1
R ENF ,BEAR  ,BLK,2025,2
R ENF ,BEAR  ,BLK,2026,1
R ENF ,BEAR  ,GRN,2026,2
R ENF ,BEAR  ,WHI,2026,1
R ENF ,CGT650,GRN,2026,1
R ENF ,CGT650,RED,2025,1
R ENF ,CLA350,BEI,2025,1
R ENF ,CLA350,BLK,2025,1
R ENF ,CLA350,BRN,2025,2
R ENF ,CLA350,RED,2025,1
R ENF ,CLA350,SIL,2025,1
R ENF ,CLASS ,BLK,2025,1
R ENF ,CLASS ,BLU,2026,1
R ENF ,CLASS ,SIL,2025,1
R ENF ,CLASSI,BLK,2025,1
R ENF ,CLASSI,RED,2025,1
R ENF ,CNEX  ,GRN,2026,1
R ENF ,CNEX  ,WHI,2025,1
R ENF ,GON350,GRN,2026,1
R ENF ,GURILA,YLW,2025,2
R ENF ,HIM450,BLK,2025,1
R ENF ,HIM450,BLK,2026,1
R ENF ,HIM450,BRN,2026,1
R ENF ,HIM450,CRM,2025,1
R ENF ,HNT350,MRN,2025,1
R ENF ,MET350,BLK,2026,1
R ENF ,SGN650,BLU,2025,1
R ENF ,SGN650,GRN,2025,1
R ENF ,SGN650,GRY,2025,1
R ENF ,SHOTGU,GRN,2025,1
R ENF ,SM650 ,BLK,2025,1
R ENF ,SMT650,BLK,2025,1
R ENF ,SMT650,GRN,2026,2
R ENF ,SMT650,RED,2026,1
R ROV ,EVOQUE,WHI,2025,1
RAM   ,1500  ,BLK,2025,1
RAM   ,1500  ,BLK,2026,2
RAM   ,1500  ,BLU,2025,1
RAM   ,1500  ,BLU,2026,1
RAM   ,1500  ,GRY,2026,2
RAM   ,1500  ,WHI,2025,1
RAM   ,1500  ,WHI,2026,2
RAM   ,1500 L,BLK,2025,3
RAM   ,1500 L,BLK,2026,2
RAM   ,1500 L,BLU,2026,1
RAM   ,1500 L,GRY,2025,3
RAM   ,1500 L,GRY,2026,1
RAM   ,1500 L,SIL,2025,2
RAM   ,1500 L,WHI,2026,2
RAM   ,1500 R,RED,2025,1
RAM   ,1500 R,WHI,2025,1
RAM   ,2500  ,BLK,2026,1
RAM   ,2500  ,GRY,2026,2
RAM   ,2500  ,SIL,2026,1
RAM   ,2500 L,BLU,2026,1
RAM   ,2500 L,GRY,2026,3
RAM   ,2500 L,SIL,2026,2
RAM   ,3500  ,WHI,2025,1
RAM   ,3500 L,WHI,2026,1
RAM   ,LIMITD,GRY,2026,1
RAM   ,MY26 R,GRY,2025,1
RAM   ,RAMBOX,WHI,2026,1
REN   ,ARKANA,GRY,2025,3
REN   ,DESTIN,WHI,2025,1
REN   ,DUSTER,BEI,2026,2
REN   ,DUSTER,BLK,2026,2
REN   ,DUSTER,GRN,2025,3
REN   ,DUSTER,OGE,2026,1
REN   ,DUSTER,TAN,2025,1
REN   ,DUSTER,WHI,2025,1
REN   ,DUSTER,WHI,2026,1
REN   ,JRV   ,GRY,2026,1
REN   ,JRV   ,WHI,2026,1
REN   ,JRV LI,GRY,2026,1
REN   ,KANGOO,GRY,2025,2
REN   ,KANGOO,WHI,2025,1
REN   ,KOLEOS,BLK,2025,1
REN   ,KOLEOS,GRY,2025,4
REN   ,KOLEOS,RED,2025,3
REN   ,KOLEOS,WHI,2025,5
REN   ,MASTER,WHI,2025,43
REN   ,MEGANE,BLK,2025,1
REN   ,MEGANE,BLU,2025,1
REN   ,MEGANE,GRY,2025,2
REN   ,MEGANE,GRY,2026,1
REN   ,MEGANE,RED,2025,1
REN   ,MEGANE,RED,2026,2
REN   ,MEGANE,WHI,2026,2
REN   ,RM 19 ,GRY,2026,5
REN   ,SCENIC,BLK,2026,1
REN   ,SCENIC,GRY,2025,1
REN   ,TRAFFI,WHI,2026,3
REN   ,TRAFIC,GRY,2025,2
REN   ,TRAFIC,GRY,2026,4
REN   ,TRAFIC,WHI,2025,6
REN   ,TRAFIC,WHI,2026,5
RIEJU ,MR PRO,RED,2025,1
RIEJU ,MR300 ,RED,2025,1
SCANIA,G 500 ,CRM,2026,1
SCANIA,G 560 ,RED,2026,1
SCANIA,G 560 ,WHI,2025,2
SCANIA,K320C ,WHI,2026,1
SCANIA,K370C ,WHI,2026,6
SCANIA,NGG4KR,WHI,2025,1
SCANIA,P 280 ,WHI,2026,4
SCANIA,P 320 ,WHI,2026,1
SCANIA,P 360 ,RED,2026,1
SCANIA,P 360 ,WHI,2025,1
SCANIA,P 420 ,WHI,2025,2
SCANIA,P 460 ,WHI,2025,2
SCANIA,P 460 ,WHI,2026,2
SCANIA,PUTZME,WHI,2026,1
SCANIA,R 560 ,WHI,2026,1
SCANIA,R 590 ,WHI,2025,1
SCANIA,R 590 ,WHI,2026,2
SCANIA,R 660 ,BLU,2026,1
SHANG ,L56   ,YLW,2025,1
SHERCO,3002ST,BLU,2025,1
SHERCO,500SEF,BLU,2025,1
SHERCO,S6    ,BLU,2025,1
SHERCO,SEF450,BLU,2025,1
SINO  ,C7 6X4,WHI,2025,4
SINO  ,C9 6X4,WHI,2025,1
SINO  ,G5 4X2,WHI,2025,1
SINO  ,G5S   ,WHI,2025,1
SINO  ,G5S   ,WHI,2026,2
SINO  ,G5S 8X,WHI,2026,5
SINO  ,G5S 8X,YLW,2026,2
SINO  ,G7 540,WHI,2025,1
SINO  ,G7S   ,WHI,2025,1
SINO  ,T5G   ,WHI,2025,2
SINO  ,T5G   ,WHI,2026,2
SINO  ,T5G 8X,WHI,2025,3
SINO  ,T5G 8X,WHI,2026,1
SINO  ,ZZ1316,WHI,2026,1
SINO  ,ZZ1317,WHI,2025,1
SINO  ,ZZ1317,YLW,2025,1
SINO  ,ZZ3317,YLW,2025,1
SKODA ,ELROQ ,BLK,2025,3
SKODA ,ELROQ ,BLK,2026,1
SKODA ,ELROQ ,BLU,2025,4
SKODA ,ELROQ ,BLU,2026,2
SKODA ,ELROQ ,GRN,2025,1
SKODA ,ELROQ ,GRN,2026,2
SKODA ,ELROQ ,GRY,2025,4
SKODA ,ELROQ ,GRY,2026,3
SKODA ,ELROQ ,RED,2025,3
SKODA ,ELROQ ,WHI,2025,6
SKODA ,ELROQ ,WHI,2026,1
SKODA ,ENYAQ ,BLK,2025,3
SKODA ,ENYAQ ,BLU,2025,2
SKODA ,ENYAQ ,BLU,2026,1
SKODA ,ENYAQ ,GRN,2025,4
SKODA ,ENYAQ ,GRY,2025,2
SKODA ,ENYAQ ,GRY,2026,2
SKODA ,ENYAQ ,WHI,2025,2
SKODA ,ENYAQ ,WHI,2026,2
SKODA ,FABIA ,BLU,2025,3
SKODA ,FABIA ,BLU,2026,2
SKODA ,FABIA ,GRY,2025,1
SKODA ,FABIA ,SIL,2025,3
SKODA ,FABIA ,WHI,2025,4
SKODA ,KAMIQ ,BLU,2025,6
SKODA ,KAMIQ ,BLU,2026,1
SKODA ,KAMIQ ,GRY,2025,3
SKODA ,KAMIQ ,GRY,2026,3
SKODA ,KAMIQ ,OGE,2025,2
SKODA ,KAMIQ ,RED,2025,4
SKODA ,KAMIQ ,SIL,2026,1
SKODA ,KAMIQ ,WHI,2025,4
SKODA ,KAMIQ ,WHI,2026,2
SKODA ,KARIQ ,WHI,2026,1
SKODA ,KAROQ ,BLK,2025,3
SKODA ,KAROQ ,BLU,2025,5
SKODA ,KAROQ ,GRY,2025,7
SKODA ,KAROQ ,RED,2025,2
SKODA ,KAROQ ,WHI,2025,3
SKODA ,KODIAQ,BLK,2025,6
SKODA ,KODIAQ,BLK,2026,1
SKODA ,KODIAQ,BLU,2025,4
SKODA ,KODIAQ,GLD,2026,1
SKODA ,KODIAQ,GRY,2025,14
SKODA ,KODIAQ,GRY,2026,3
SKODA ,KODIAQ,SIL,2026,1
SKODA ,KODIAQ,WHI,2025,13
SKODA ,MODIAQ,BLK,2025,1
SKODA ,OCTAVI,BLK,2026,1
SKODA ,OCTAVI,BLU,2025,4
SKODA ,OCTAVI,GRY,2025,7
SKODA ,OCTAVI,GRY,2026,1
SKODA ,OCTAVI,SIL,2025,1
SKODA ,OCTAVI,WHI,2025,6
SKODA ,SCALA ,BLK,2025,1
SKODA ,SCALA ,BLU,2025,1
SKODA ,SCALA ,GRY,2025,2
SKODA ,SCALA ,WHI,2025,4
SKODA ,SUPERB,BLK,2025,1
SKODA ,SUPERB,BLU,2025,1
SKODA ,SUPERB,GRN,2026,1
SKODA ,SUPERB,RED,2025,1
SKODA ,SUPERB,SIL,2026,1
SKODA ,SUPERB,WHI,2025,1
SKODA ,TIGGO ,SIL,2026,1
SMART ,1 PREM,GRY,2025,1
SMART ,1 PRO ,BLU,2025,1
SMART ,3 PREM,BLK,2025,1
SMART ,3 PREM,BLU,2025,1
SSANGY,ACTYON,BEI,2025,1
SSANGY,ACTYON,BLK,2025,1
SSANGY,MUSSO ,BLK,2026,1
SSANGY,MUSSO ,GRN,2026,1
SSANGY,MUSSO ,GRY,2025,3
SSANGY,MUSSO ,GRY,2026,2
SSANGY,MUSSO ,WHI,2025,6
SSANGY,MUSSO ,WHI,2026,1
SSANGY,REXTON,BLK,2025,2
SSANGY,REXTON,BLK,2026,2
SSANGY,REXTON,GRY,2026,1
SSANGY,REXTON,WHI,2025,5
SSANGY,TORRES,GRN,2026,1
SSANGY,Y400  ,GRY,2025,1
STARK ,EX    ,GRY,2026,1
STARK ,EX    ,WHI,2025,1
STARK ,EX  VA,RED,2025,1
STARK ,VARG 1,GRY,2026,1
STARK ,VARG 1,WHI,2025,1
SUBARU,BRZ   ,BLK,2026,1
SUBARU,BRZ   ,BLU,2025,2
SUBARU,BRZ   ,BLU,2026,2
SUBARU,BRZ   ,GRY,2025,1
SUBARU,BRZ   ,RED,2026,1
SUBARU,BRZ   ,SIL,2026,1
SUBARU,BRZ   ,WHI,2025,1
SUBARU,BRZ   ,YLW,2025,3
SUBARU,CEROSS,WHI,2026,1
SUBARU,CROSST,BEI,2026,7
SUBARU,CROSST,BLK,2026,10
SUBARU,CROSST,BLU,2025,3
SUBARU,CROSST,BLU,2026,23
SUBARU,CROSST,CRM,2025,1
SUBARU,CROSST,GRN,2026,3
SUBARU,CROSST,GRY,2025,9
SUBARU,CROSST,GRY,2026,38
SUBARU,CROSST,RED,2025,2
SUBARU,CROSST,RED,2026,15
SUBARU,CROSST,SIL,2025,6
SUBARU,CROSST,SIL,2026,42
SUBARU,CROSST,WHI,2025,12
SUBARU,CROSST,WHI,2026,51
SUBARU,CROSST,YLW,2025,3
SUBARU,CROSST,YLW,2026,11
SUBARU,FOEEST,GRY,2025,1
SUBARU,FOREST,BLK,2025,5
SUBARU,FOREST,BLK,2026,1
SUBARU,FOREST,BLU,2025,20
SUBARU,FOREST,BLU,2026,9
SUBARU,FOREST,BRZ,2025,11
SUBARU,FOREST,BRZ,2026,2
SUBARU,FOREST,GLD,2025,7
SUBARU,FOREST,GLD,2026,2
SUBARU,FOREST,GRN,2025,9
SUBARU,FOREST,GRN,2026,11
SUBARU,FOREST,GRY,2025,63
SUBARU,FOREST,GRY,2026,14
SUBARU,FOREST,RED,2025,7
SUBARU,FOREST,RED,2026,4
SUBARU,FOREST,SIL,2025,26
SUBARU,FOREST,SIL,2026,10
SUBARU,FOREST,WHI,2025,50
SUBARU,FOREST,WHI,2026,22
SUBARU,FORETS,GRY,2025,1
SUBARU,IMPREZ,BLK,2025,1
SUBARU,IMPREZ,BLU,2025,5
SUBARU,IMPREZ,GRY,2025,3
SUBARU,IMPREZ,SIL,2025,4
SUBARU,IMPREZ,WHI,2025,7
SUBARU,MY26 C,WHI,2025,1
SUBARU,MY26 F,BLU,2026,1
SUBARU,MY26 F,GLD,2026,1
SUBARU,MY26 F,GRN,2025,1
SUBARU,MY26 F,RED,2026,1
SUBARU,MY26 F,WHI,2026,1
SUBARU,OUTBAC,BLU,2025,6
SUBARU,OUTBAC,GRN,2025,10
SUBARU,OUTBAC,GRY,2025,23
SUBARU,OUTBAC,SIL,2025,5
SUBARU,OUTBAC,WHI,2025,36
SUBARU,SOLTER,BLK,2025,1
SUBARU,SOLTER,BLU,2025,1
SUBARU,SOLTER,GRY,2025,2
SUBARU,SOLTER,GRY,2026,3
SUBARU,SOLTER,WHI,2025,9
SUBARU,SPORT ,WHI,2025,1
SUBARU,SUBARU,WHI,2026,1
SUBARU,WRX   ,BLU,2025,6
SUBARU,WRX   ,GRY,2025,5
SUBARU,WRX   ,WHI,2025,2
SUBARU,WRX   ,WHI,2026,2
SURRON,QL6000,BLK,2026,1
SURRON,ULTRA ,BLK,2026,1
SURRON,ULTRAB,BLK,2025,1
SUZUKI,ADDRES,BLU,2026,1
SUZUKI,DL1050,BLU,2025,1
SUZUKI,DL650 ,BLK,2025,1
SUZUKI,DL650 ,YLW,2025,1
SUZUKI,DR250R,RED,2026,1
SUZUKI,DR250R,YLW,2026,1
SUZUKI,DRZ400,YLW,2025,1
SUZUKI,DRZ400,YLW,2026,3
SUZUKI,DRZ40E,YLW,2025,1
SUZUKI,DRZ4S ,YLW,2025,1
SUZUKI,DRZ4SM,WHI,2026,1
SUZUKI,DS250 ,RED,2026,2
SUZUKI,DS250 ,YLW,2026,3
SUZUKI,DS250R,RED,2025,1
SUZUKI,FRONX ,BLK,2025,1
SUZUKI,FRONX ,BLU,2025,7
SUZUKI,FRONX ,GRY,2025,2
SUZUKI,FRONX ,OGE,2026,1
SUZUKI,FRONX ,SIL,2025,2
SUZUKI,FRONX ,SIL,2026,2
SUZUKI,FRONX ,WHI,2025,8
SUZUKI,GJ    ,GRN,2026,1
SUZUKI,GSX800,BLU,2025,2
SUZUKI,GSXR25,RED,2026,1
SUZUKI,GSXS10,BLK,2026,1
SUZUKI,GSXS10,RED,2026,1
SUZUKI,HAYABU,BLK,2025,1
SUZUKI,IGNIS ,BEI,2025,2
SUZUKI,IGNIS ,GRY,2025,3
SUZUKI,IGNIS ,KHA,2025,2
SUZUKI,IGNIS ,RED,2025,3
SUZUKI,IGNIS ,WHI,2025,6
SUZUKI,JIMNY ,BEI,2025,1
SUZUKI,JIMNY ,BEI,2026,3
SUZUKI,JIMNY ,BLK,2025,1
SUZUKI,JIMNY ,BLK,2026,13
SUZUKI,JIMNY ,BLU,2026,6
SUZUKI,JIMNY ,CRM,2025,2
SUZUKI,JIMNY ,CRM,2026,7
SUZUKI,JIMNY ,GRN,2025,3
SUZUKI,JIMNY ,GRN,2026,20
SUZUKI,JIMNY ,GRY,2025,5
SUZUKI,JIMNY ,GRY,2026,18
SUZUKI,JIMNY ,WHI,2025,8
SUZUKI,JIMNY ,WHI,2026,20
SUZUKI,JIMNY ,YLW,2026,4
SUZUKI,RGV250,WHI,2026,1
SUZUKI,S CROS,SIL,2025,1
SUZUKI,S CROS,WHI,2025,5
SUZUKI,SCROSS,BLU,2025,1
SUZUKI,SV6503,BLK,2026,1
SUZUKI,SV65SU,BLK,2026,1
SUZUKI,SWIFT ,BLK,2025,1
SUZUKI,SWIFT ,BLU,2025,5
SUZUKI,SWIFT ,BLU,2026,5
SUZUKI,SWIFT ,GRY,2025,2
SUZUKI,SWIFT ,GRY,2026,2
SUZUKI,SWIFT ,OGE,2025,3
SUZUKI,SWIFT ,OGE,2026,2
SUZUKI,SWIFT ,RED,2025,4
SUZUKI,SWIFT ,SIL,2025,4
SUZUKI,SWIFT ,SIL,2026,2
SUZUKI,SWIFT ,WHI,2025,18
SUZUKI,SWIFT ,WHI,2026,5
SUZUKI,SWOFT ,WHI,2025,1
SUZUKI,UN125M,GRN,2026,1
SUZUKI,VITARA,BLK,2025,2
SUZUKI,VITARA,GRY,2026,3
SUZUKI,VITARA,WHI,2025,1
SUZUKI,VITARA,WHI,2026,3
SYM   ,ORBIT ,BLK,2026,1
SYM   ,SYMPHO,WHI,2025,1
TAKECH,TL12V2,RED,2026,1
TESLA ,M3 LR ,BLU,2025,1
TESLA ,M3 LR ,RED,2025,2
TESLA ,M3 LRR,BLK,2025,2
TESLA ,M3 LRR,BLU,2025,1
TESLA ,M3 LRR,BLU,2026,6
TESLA ,M3 LRR,GRY,2025,5
TESLA ,M3 LRR,GRY,2026,3
TESLA ,M3 LRR,PNK,2026,1
TESLA ,M3 LRR,RED,2026,11
TESLA ,M3 LRR,SIL,2026,6
TESLA ,M3 LRR,WHI,2025,9
TESLA ,M3 LRR,WHI,2026,29
TESLA ,M3 PRF,GRY,2026,4
TESLA ,M3 PRF,RED,2026,4
TESLA ,M3 PRF,SIL,2026,8
TESLA ,M3 PRF,WHI,2026,1
TESLA ,M3 RWD,BLK,2025,3
TESLA ,M3 RWD,BLK,2026,21
TESLA ,M3 RWD,BLU,2025,3
TESLA ,M3 RWD,BLU,2026,6
TESLA ,M3 RWD,GRY,2025,1
TESLA ,M3 RWD,GRY,2026,5
TESLA ,M3 RWD,RED,2025,1
TESLA ,M3 RWD,RED,2026,6
TESLA ,M3 RWD,SIL,2025,2
TESLA ,M3 RWD,SIL,2026,15
TESLA ,M3 RWD,WHI,2026,22
TESLA ,MY LR ,BLK,2026,18
TESLA ,MY LR ,BLU,2026,29
TESLA ,MY LR ,GRY,2026,21
TESLA ,MY LR ,RED,2026,33
TESLA ,MY LR ,SIL,2026,59
TESLA ,MY LR ,WHI,2026,73
TESLA ,MY RWD,BLK,2025,5
TESLA ,MY RWD,BLK,2026,37
TESLA ,MY RWD,BLU,2025,1
TESLA ,MY RWD,BLU,2026,57
TESLA ,MY RWD,GRY,2025,5
TESLA ,MY RWD,GRY,2026,36
TESLA ,MY RWD,RED,2025,2
TESLA ,MY RWD,RED,2026,32
TESLA ,MY RWD,SIL,2025,2
TESLA ,MY RWD,SIL,2026,111
TESLA ,MY RWD,WHI,2025,2
TESLA ,MY RWD,WHI,2026,198
TESLA ,MYL LR,GRY,2026,1
TESLA ,MYL LR,RED,2026,1
TESLA ,MYL LR,SIL,2026,1
TOYOTA,328FG1,OGE,2026,2
TOYOTA,79 SER,BEI,2025,1
TOYOTA,86    ,WHI,2026,1
TOYOTA,8FBE18,OGE,2026,1
TOYOTA,8FD50N,OGE,2025,1
TOYOTA,8FG4ON,OGE,2026,1
TOYOTA,8FGK20,OGE,2025,1
TOYOTA,A25AX0,WHI,2026,1
TOYOTA,BZ4X  ,BEI,2026,1
TOYOTA,BZ4X  ,BLK,2025,13
TOYOTA,BZ4X  ,BLK,2026,8
TOYOTA,BZ4X  ,BLU,2025,4
TOYOTA,BZ4X  ,BLU,2026,2
TOYOTA,BZ4X  ,BRZ,2025,1
TOYOTA,BZ4X  ,GRY,2025,18
TOYOTA,BZ4X  ,GRY,2026,3
TOYOTA,BZ4X  ,RED,2025,4
TOYOTA,BZ4X  ,SIL,2025,1
TOYOTA,BZ4X  ,SIL,2026,1
TOYOTA,BZ4X  ,WHI,2025,27
TOYOTA,BZ4X  ,WHI,2026,5
TOYOTA,BZ4X E,BLU,2025,1
TOYOTA,BZ4X E,WHI,2025,1
TOYOTA,BZ4X S,BLK,2025,1
TOYOTA,BZ4X S,GRY,2026,1
TOYOTA,C HR  ,GRN,2026,1
TOYOTA,C HR  ,SIL,2026,1
TOYOTA,C HR  ,WHI,2026,1
TOYOTA,C HR A,WHI,2026,1
TOYOTA,CAMRY ,BLK,2025,1
TOYOTA,CAMRY ,BLK,2026,19
TOYOTA,CAMRY ,BLU,2026,7
TOYOTA,CAMRY ,BRZ,2026,23
TOYOTA,CAMRY ,GRY,2026,51
TOYOTA,CAMRY ,RED,2026,20
TOYOTA,CAMRY ,SIL,2025,3
TOYOTA,CAMRY ,SIL,2026,38
TOYOTA,CAMRY ,WHI,2025,4
TOYOTA,CAMRY ,WHI,2026,149
TOYOTA,CH R G,GRY,2026,2
TOYOTA,CHR   ,BLK,2026,4
TOYOTA,CHR   ,BLU,2026,2
TOYOTA,CHR   ,BRN,2026,1
TOYOTA,CHR   ,GLD,2025,1
TOYOTA,CHR   ,GRN,2026,7
TOYOTA,CHR   ,GRY,2025,2
TOYOTA,CHR   ,GRY,2026,3
TOYOTA,CHR   ,RED,2026,7
TOYOTA,CHR   ,SIL,2025,2
TOYOTA,CHR   ,SIL,2026,1
TOYOTA,CHR   ,WHI,2026,7
TOYOTA,C-HR  ,BRZ,2026,1
TOYOTA,CHR GR,RED,2026,1
TOYOTA,CHR GR,SIL,2026,1
TOYOTA,CHR HY,BLU,2026,1
TOYOTA,CHR HY,RED,2026,1
TOYOTA,CHR HY,WHI,2026,1
TOYOTA,CHR KO,BRZ,2026,1
TOYOTA,CHR KO,GRY,2025,1
TOYOTA,CHRH K,GRY,2026,1
TOYOTA,CMARY ,WHI,2026,2
TOYOTA,COASTE,WHI,2025,7
TOYOTA,COASTE,WHI,2026,1
TOYOTA,COROLL,BLK,2025,3
TOYOTA,COROLL,BLK,2026,33
TOYOTA,COROLL,BLU,2026,12
TOYOTA,COROLL,GRY,2025,2
TOYOTA,COROLL,GRY,2026,117
TOYOTA,COROLL,OGE,2026,2
TOYOTA,COROLL,RED,2025,1
TOYOTA,COROLL,RED,2026,73
TOYOTA,COROLL,SIL,2025,8
TOYOTA,COROLL,SIL,2026,89
TOYOTA,COROLL,WHI,2025,26
TOYOTA,COROLL,WHI,2026,309
TOYOTA,CROLLA,GRY,2026,2
TOYOTA,CROLLA,RED,2026,1
TOYOTA,CROLLA,WHI,2026,2
TOYOTA,FORTUN,BLK,2026,4
TOYOTA,FORTUN,GRY,2025,2
TOYOTA,FORTUN,GRY,2026,5
TOYOTA,FORTUN,RED,2026,1
TOYOTA,FORTUN,SIL,2025,4
TOYOTA,FORTUN,SIL,2026,2
TOYOTA,FORTUN,WHI,2025,7
TOYOTA,FORTUN,WHI,2026,13
TOYOTA,GR COR,BLK,2025,1
TOYOTA,GR COR,GRY,2025,1
TOYOTA,GR COR,GRY,2026,3
TOYOTA,GR COR,RED,2025,1
TOYOTA,GR COR,WHI,2025,2
TOYOTA,GR COR,WHI,2026,1
TOYOTA,GR YAR,BLK,2026,1
TOYOTA,GR YAR,GRY,2026,1
TOYOTA,GR YAR,SIL,2026,1
TOYOTA,GR YAR,WHI,2025,2
TOYOTA,GR YAR,WHI,2026,1
TOYOTA,GR86  ,BLK,2025,1
TOYOTA,GR86  ,BLK,2026,3
TOYOTA,GR86  ,GRY,2026,3
TOYOTA,GR86  ,RED,2026,1
TOYOTA,GR86  ,SIL,2026,1
TOYOTA,GR86 G,RED,2026,2
TOYOTA,HI LUX,WHI,2026,1
TOYOTA,HIACE ,WHI,2025,72
TOYOTA,HIACE ,WHI,2026,224
TOYOTA,HILUC ,WHI,2026,1
TOYOTA,HILUX ,BEI,2025,1
TOYOTA,HILUX ,BLK,2025,6
TOYOTA,HILUX ,BLK,2026,36
TOYOTA,HILUX ,BLU,2026,1
TOYOTA,HILUX ,GLD,2025,1
TOYOTA,HILUX ,GLD,2026,6
TOYOTA,HILUX ,GRY,2025,14
TOYOTA,HILUX ,GRY,2026,79
TOYOTA,HILUX ,OGE,2026,6
TOYOTA,HILUX ,RED,2026,18
TOYOTA,HILUX ,SIL,2025,17
TOYOTA,HILUX ,SIL,2026,66
TOYOTA,HILUX ,WHI,2025,78
TOYOTA,HILUX ,WHI,2026,347
TOYOTA,HILUX ,YLW,2026,3
TOYOTA,HILX D,WHI,2026,1
TOYOTA,HIUX S,WHI,2026,1
TOYOTA,KLUGER,BLK,2025,3
TOYOTA,KLUGER,BLK,2026,13
TOYOTA,KLUGER,BLU,2025,1
TOYOTA,KLUGER,BLU,2026,5
TOYOTA,KLUGER,BRZ,2026,1
TOYOTA,KLUGER,GRY,2025,6
TOYOTA,KLUGER,GRY,2026,23
TOYOTA,KLUGER,SIL,2025,5
TOYOTA,KLUGER,SIL,2026,7
TOYOTA,KLUGER,WHI,2025,22
TOYOTA,KLUGER,WHI,2026,30
TOYOTA,LANCRU,GRY,2026,1
TOYOTA,LAND C,SIL,2026,1
TOYOTA,LAND C,WHI,2026,1
TOYOTA,LANDCR,BEI,2025,12
TOYOTA,LANDCR,BEI,2026,2
TOYOTA,LANDCR,BLK,2025,1
TOYOTA,LANDCR,BLK,2026,32
TOYOTA,LANDCR,BLU,2026,1
TOYOTA,LANDCR,BRZ,2026,20
TOYOTA,LANDCR,FWN,2026,1
TOYOTA,LANDCR,GRY,2025,4
TOYOTA,LANDCR,GRY,2026,47
TOYOTA,LANDCR,MRN,2026,1
TOYOTA,LANDCR,RED,2026,4
TOYOTA,LANDCR,SIL,2025,1
TOYOTA,LANDCR,SIL,2026,18
TOYOTA,LANDCR,TAN,2025,1
TOYOTA,LANDCR,TAN,2026,1
TOYOTA,LANDCR,WHI,2025,13
TOYOTA,LANDCR,WHI,2026,116
TOYOTA,LC 300,GRY,2026,1
TOYOTA,LC 300,SIL,2025,1
TOYOTA,LC 300,WHI,2026,3
TOYOTA,LC 79 ,WHI,2025,1
TOYOTA,LC MIL,BEI,2025,3
TOYOTA,LC MIL,BRN,2025,1
TOYOTA,LC MIL,GRY,2025,1
TOYOTA,LC MIL,WHI,2025,5
TOYOTA,LC300 ,BLK,2026,6
TOYOTA,LC300 ,BRZ,2026,2
TOYOTA,LC300 ,GRY,2026,15
TOYOTA,LC300 ,RED,2026,1
TOYOTA,LC300 ,SIL,2026,2
TOYOTA,LC300 ,WHI,2026,23
TOYOTA,LC70  ,BEI,2025,1
TOYOTA,LC79  ,BEI,2025,1
TOYOTA,LC79 G,BEI,2025,1
TOYOTA,LC79 G,WHI,2025,8
TOYOTA,LC79 W,WHI,2025,1
TOYOTA,PARDO ,GRY,2026,1
TOYOTA,PRA   ,WHI,2026,1
TOYOTA,PRADO ,BEI,2026,4
TOYOTA,PRADO ,BLK,2026,101
TOYOTA,PRADO ,BLU,2026,11
TOYOTA,PRADO ,BRN,2026,3
TOYOTA,PRADO ,BRZ,2026,86
TOYOTA,PRADO ,FWN,2026,2
TOYOTA,PRADO ,GRY,2025,1
TOYOTA,PRADO ,GRY,2026,29
TOYOTA,PRADO ,TAN,2026,1
TOYOTA,PRADO ,WHI,2025,1
TOYOTA,PRADO ,WHI,2026,165
TOYOTA,RAV   ,BLK,2026,1
TOYOTA,RAV   ,BLU,2025,1
TOYOTA,RAV   ,GRN,2026,1
TOYOTA,RAV   ,GRY,2026,1
TOYOTA,RAV   ,WHI,2025,1
TOYOTA,RAV   ,WHI,2026,2
TOYOTA,RAV 4 ,BLK,2026,1
TOYOTA,RAV 4 ,BLU,2026,2
TOYOTA,RAV 4 ,BRN,2026,2
TOYOTA,RAV 4 ,BRZ,2026,2
TOYOTA,RAV 4 ,GRN,2026,2
TOYOTA,RAV 4 ,GRY,2026,5
TOYOTA,RAV 4 ,RED,2026,2
TOYOTA,RAV 4 ,SIL,2025,1
TOYOTA,RAV 4 ,SIL,2026,1
TOYOTA,RAV 4 ,WHI,2025,3
TOYOTA,RAV 4 ,WHI,2026,13
TOYOTA,RAV4  ,BLK,2025,1
TOYOTA,RAV4  ,BLK,2026,17
TOYOTA,RAV4  ,BLU,2025,4
TOYOTA,RAV4  ,BLU,2026,3
TOYOTA,RAV4  ,BRN,2026,2
TOYOTA,RAV4  ,BRZ,2026,15
TOYOTA,RAV4  ,GRN,2026,9
TOYOTA,RAV4  ,GRY,2025,3
TOYOTA,RAV4  ,GRY,2026,59
TOYOTA,RAV4  ,RED,2025,7
TOYOTA,RAV4  ,RED,2026,12
TOYOTA,RAV4  ,SIL,2025,20
TOYOTA,RAV4  ,SIL,2026,1
TOYOTA,RAV4  ,WHI,2025,56
TOYOTA,RAV4  ,WHI,2026,105
TOYOTA,RAV4 C,BLK,2025,1
TOYOTA,RAV4 C,BLU,2025,1
TOYOTA,RAV4 C,BLU,2026,3
TOYOTA,RAV4 C,BRZ,2026,2
TOYOTA,RAV4 C,GRN,2026,2
TOYOTA,RAV4 C,GRY,2025,3
TOYOTA,RAV4 C,GRY,2026,3
TOYOTA,RAV4 C,WHI,2026,5
TOYOTA,RAV4 E,BLK,2026,1
TOYOTA,RAV4 E,GRN,2026,3
TOYOTA,RAV4 E,WHI,2026,1
TOYOTA,RAV4 G,BLK,2026,2
TOYOTA,RAV4 G,BRN,2026,1
TOYOTA,RAV4 G,BRZ,2026,1
TOYOTA,RAV4 G,GRY,2025,1
TOYOTA,RAV4 G,GRY,2026,3
TOYOTA,RAV4 G,RED,2026,1
TOYOTA,RAV4 G,SIL,2026,4
TOYOTA,RAV4 G,WHI,2025,4
TOYOTA,RAV4 G,WHI,2026,11
TOYOTA,RAV4 H,BLK,2026,1
TOYOTA,RAV4 H,BLU,2025,1
TOYOTA,RAV4 H,BRZ,2026,2
TOYOTA,RAV4 H,GRY,2025,2
TOYOTA,RAV4 H,GRY,2026,5
TOYOTA,RAV4 H,RED,2025,1
TOYOTA,RAV4 H,SIL,2025,2
TOYOTA,RAV4 H,WHI,2025,3
TOYOTA,RAV4 H,WHI,2026,17
TOYOTA,RAV4 X,BLU,2026,1
TOYOTA,RAV4 X,BRZ,2026,1
TOYOTA,RAV4 X,GRY,2026,3
TOYOTA,RAV4 X,WHI,2026,2
TOYOTA,RAVH  ,GRY,2026,1
TOYOTA,RAVH  ,RED,2026,1
TOYOTA,RAVH C,BRZ,2026,1
TOYOTA,RAVH G,GRY,2026,1
TOYOTA,ROGUE ,WHI,2026,2
TOYOTA,SUPRA ,GRY,2026,1
TOYOTA,TOYOTA,WHI,2025,1
TOYOTA,TUNDRA,BLU,2025,1
TOYOTA,TUNDRA,GRY,2025,3
TOYOTA,TUNDRA,KHA,2025,3
TOYOTA,TUNDRA,RED,2025,2
TOYOTA,TUNDRA,SIL,2025,3
TOYOTA,TUNDRA,SIL,2026,1
TOYOTA,TUNDRA,WHI,2025,7
TOYOTA,YARIS ,BEI,2025,1
TOYOTA,YARIS ,BEI,2026,9
TOYOTA,YARIS ,BLK,2025,1
TOYOTA,YARIS ,BLK,2026,14
TOYOTA,YARIS ,BLU,2025,1
TOYOTA,YARIS ,BLU,2026,17
TOYOTA,YARIS ,BRN,2026,3
TOYOTA,YARIS ,BRZ,2026,3
TOYOTA,YARIS ,GRY,2026,14
TOYOTA,YARIS ,RED,2026,21
TOYOTA,YARIS ,SIL,2025,2
TOYOTA,YARIS ,SIL,2026,40
TOYOTA,YARIS ,WHI,2025,5
TOYOTA,YARIS ,WHI,2026,91
TRIUM ,BOBBER,BLK,2025,1
TRIUM ,BONNE ,BLK,2026,1
TRIUM ,BONNEV,BLK,2026,1
TRIUM ,DAY660,SIL,2026,1
TRIUM ,DAYTNA,SIL,2026,1
TRIUM ,DC04  ,BLU,2025,1
TRIUM ,LA2 TR,WHI,2026,1
TRIUM ,SCR400,WHI,2025,1
TRIUM ,SPD 3 ,GRY,2025,1
TRIUM ,SPE400,BLK,2025,2
TRIUM ,SPE400,WHI,2025,1
TRIUM ,SPEED ,BLK,2025,2
TRIUM ,SPEEDM,BLK,2026,1
TRIUM ,SPEEDM,RED,2025,1
TRIUM ,SPEEDM,RED,2026,1
TRIUM ,STREET,BLK,2025,1
TRIUM ,STREET,GRY,2026,2
TRIUM ,T010  ,BLK,2025,1
TRIUM ,T010  ,RED,2025,1
TRIUM ,T010  ,WHI,2025,1
TRIUM ,TIGER ,GRY,2025,1
TRIUM ,TIGER ,RED,2026,2
TRIUM ,TIGER ,WHI,2025,1
TRIUM ,TIGERS,BLU,2026,1
TRIUM ,TIGERS,SIL,2026,1
TRIUM ,TIGSP ,BLU,2026,1
TRIUM ,TIGSP ,YLW,2025,1
TRIUM ,TRI660,YLW,2026,1
TRIUM ,TRIDEN,RED,2026,3
TRIUM ,TRIDNT,WHI,2026,1
U D   ,CG3036,GRN,2025,2
U D   ,CG3036,GRN,2026,1
U D   ,CG32  ,WHI,2026,1
U D   ,CG3243,WHI,2025,1
U D   ,CW2536,WHI,2025,5
U D   ,CW2536,YLW,2025,1
U D   ,CW2639,WHI,2026,1
U D   ,GW2646,WHI,2026,1
U D   ,PK1730,WHI,2025,1
U LOAD,LG822T,YLW,2026,1
UBCO  ,DUTY  ,RED,2025,50
VALTRA,T195D ,WHI,2025,1
VESPA ,GTS150,RED,2025,1
VESPA ,GTS300,BLK,2026,1
VESPA ,GTS300,GRN,2025,3
VESPA ,GTS300,GRN,2026,1
VESPA ,GTS300,GRY,2026,1
VESPA ,GTV300,BLU,2026,1
VESPA ,PRIMAV,WHI,2026,1
VOLKS ,AMAROC,BEI,2025,1
VOLKS ,AMAROK,BEI,2025,4
VOLKS ,AMAROK,BLK,2025,4
VOLKS ,AMAROK,BLU,2025,4
VOLKS ,AMAROK,GRN,2025,3
VOLKS ,AMAROK,GRN,2026,1
VOLKS ,AMAROK,GRY,2025,7
VOLKS ,AMAROK,GRY,2026,3
VOLKS ,AMAROK,SIL,2025,5
VOLKS ,AMAROK,SIL,2026,1
VOLKS ,AMAROK,WHI,2025,20
VOLKS ,AMAROK,WHI,2026,2
VOLKS ,BUZZ  ,BLK,2025,1
VOLKS ,BUZZ  ,GRN,2025,1
VOLKS ,CADDY ,BLK,2025,1
VOLKS ,CADDY ,GRY,2025,1
VOLKS ,CADDY ,GRY,2026,1
VOLKS ,CADDY ,OGE,2025,1
VOLKS ,CADDY ,WHI,2025,9
VOLKS ,CADDY ,WHI,2026,2
VOLKS ,CRAFTE,WHI,2025,2
VOLKS ,CRAFTE,WHI,2026,6
VOLKS ,ETRANS,WHI,2026,2
VOLKS ,GOLF  ,BLK,2025,1
VOLKS ,GOLF  ,BLK,2026,4
VOLKS ,GOLF  ,BLU,2025,4
VOLKS ,GOLF  ,BLU,2026,3
VOLKS ,GOLF  ,GRY,2025,2
VOLKS ,GOLF  ,GRY,2026,6
VOLKS ,GOLF  ,SIL,2026,1
VOLKS ,GOLF  ,WHI,2025,2
VOLKS ,GOLF  ,WHI,2026,6
VOLKS ,GOLF G,BLK,2025,1
VOLKS ,GOLF R,GRY,2026,1
VOLKS ,GOLF R,WHI,2026,1
VOLKS ,ID 4  ,BLK,2025,1
VOLKS ,ID 4  ,BLU,2025,8
VOLKS ,ID 4  ,GRY,2025,6
VOLKS ,ID 4  ,SIL,2025,1
VOLKS ,ID 4  ,SIL,2026,1
VOLKS ,ID 4  ,WHI,2025,4
VOLKS ,ID 4  ,WHI,2026,1
VOLKS ,ID 4 P,BLU,2025,1
VOLKS ,ID 4 P,GRY,2025,1
VOLKS ,ID 5  ,BLK,2026,1
VOLKS ,ID 5  ,GRY,2025,4
VOLKS ,ID 5  ,RED,2025,1
VOLKS ,ID 5  ,WHI,2025,2
VOLKS ,ID 5 G,BLU,2025,1
VOLKS ,ID BUZ,BLK,2025,1
VOLKS ,ID BUZ,BLU,2025,1
VOLKS ,ID BUZ,GRN,2025,2
VOLKS ,ID BUZ,SIL,2025,4
VOLKS ,ID BUZ,WHI,2025,6
VOLKS ,ID4   ,BLK,2025,1
VOLKS ,ID4   ,BLU,2025,3
VOLKS ,ID4   ,BLU,2026,1
VOLKS ,ID4   ,GRY,2025,5
VOLKS ,ID4   ,SIL,2025,2
VOLKS ,ID4   ,WHI,2025,5
VOLKS ,ID4 GT,BLK,2025,1
VOLKS ,ID4 GT,SIL,2025,1
VOLKS ,ID4 PR,GRY,2025,1
VOLKS ,ID5   ,BLK,2025,1
VOLKS ,ID5   ,BLU,2025,1
VOLKS ,ID5   ,GRY,2025,1
VOLKS ,ID5   ,RED,2025,1
VOLKS ,ID5   ,WHI,2025,1
VOLKS ,ID5 GT,WHI,2025,1
VOLKS ,ID5 PR,BLK,2025,1
VOLKS ,ID5 PR,WHI,2025,1
VOLKS ,IDBUZZ,BLU,2025,1
VOLKS ,IDBUZZ,WHI,2025,2
VOLKS ,JRVX  ,WHI,2025,1
VOLKS ,MULTIV,BLK,2026,2
VOLKS ,MULTIV,OGE,2026,1
VOLKS ,MULTIV,SIL,2026,1
VOLKS ,MULTIV,WHI,2026,2
VOLKS ,MY26  ,WHI,2026,1
VOLKS ,POLO  ,BLK,2025,2
VOLKS ,POLO  ,BLU,2025,1
VOLKS ,POLO  ,GRY,2025,1
VOLKS ,POLO  ,GRY,2026,1
VOLKS ,POLO  ,SIL,2025,1
VOLKS ,POLO  ,WHI,2025,3
VOLKS ,POLO  ,WHI,2026,2
VOLKS ,T CROS,GRY,2025,4
VOLKS ,T CROS,SIL,2025,2
VOLKS ,T CROS,WHI,2025,13
VOLKS ,T ROC ,BLK,2025,3
VOLKS ,T ROC ,BLU,2025,3
VOLKS ,T ROC ,CRM,2025,2
VOLKS ,T ROC ,GRY,2025,5
VOLKS ,T ROC ,GRY,2026,1
VOLKS ,T ROC ,RED,2025,1
VOLKS ,T ROC ,SIL,2026,1
VOLKS ,T ROC ,WHI,2025,8
VOLKS ,T ROC ,WHI,2026,1
VOLKS ,TARON ,PUR,2025,1
VOLKS ,TAVASC,GRY,2026,1
VOLKS ,TAYRON,BLK,2025,7
VOLKS ,TAYRON,BLK,2026,4
VOLKS ,TAYRON,BLU,2025,3
VOLKS ,TAYRON,GRY,2025,4
VOLKS ,TAYRON,GRY,2026,6
VOLKS ,TAYRON,PUR,2026,1
VOLKS ,TAYRON,SIL,2025,5
VOLKS ,TAYRON,SIL,2026,2
VOLKS ,TAYRON,WHI,2025,12
VOLKS ,TAYRON,WHI,2026,5
VOLKS ,TCROSS,BLK,2025,1
VOLKS ,TCROSS,BLU,2025,4
VOLKS ,TCROSS,GRY,2025,4
VOLKS ,TCROSS,SIL,2025,1
VOLKS ,TIGUAN,BLK,2025,4
VOLKS ,TIGUAN,BLK,2026,3
VOLKS ,TIGUAN,BLU,2025,3
VOLKS ,TIGUAN,BLU,2026,2
VOLKS ,TIGUAN,GRN,2026,2
VOLKS ,TIGUAN,GRY,2025,2
VOLKS ,TIGUAN,GRY,2026,3
VOLKS ,TIGUAN,RED,2026,1
VOLKS ,TIGUAN,SIL,2025,4
VOLKS ,TIGUAN,WHI,2025,10
VOLKS ,TIGUAN,WHI,2026,6
VOLKS ,TOUARE,BLK,2026,1
VOLKS ,TOUARE,BLU,2026,2
VOLKS ,TOUARE,GRY,2026,2
VOLKS ,TOUARE,RED,2025,1
VOLKS ,TOUARE,SIL,2025,1
VOLKS ,TOUARE,WHI,2025,2
VOLKS ,TOUARE,WHI,2026,4
VOLKS ,TRANSP,BLK,2025,1
VOLKS ,TRANSP,GRY,2025,2
VOLKS ,TRANSP,WHI,2025,11
VOLKS ,TROC  ,BLK,2025,3
VOLKS ,TROC  ,BLU,2025,2
VOLKS ,TROC  ,GRY,2025,6
VOLKS ,TROC  ,RED,2025,1
VOLKS ,TROC  ,SIL,2025,1
VOLKS ,TROC  ,WHI,2025,4
VOLKS ,TROC  ,WHI,2026,1
VOLKS ,TROC C,WHI,2025,1
VOLKS ,TROC R,BLK,2025,1
VOLKS ,TROC S,GRY,2025,1
VOLVO ,B11R  ,WHI,2025,1
VOLVO ,B13R E,GRN,2026,1
VOLVO ,B8R   ,WHI,2026,3
VOLVO ,B8R E6,WHI,2026,1
VOLVO ,CX90  ,SIL,2026,1
VOLVO ,ES90  ,BLU,2026,2
VOLVO ,ES90  ,GRY,2026,1
VOLVO ,ES90  ,RED,2026,1
VOLVO ,ES90  ,WHI,2026,1
VOLVO ,EX30  ,BEI,2025,1
VOLVO ,EX30  ,BEI,2026,1
VOLVO ,EX30  ,BLK,2025,1
VOLVO ,EX30  ,BLK,2026,2
VOLVO ,EX30  ,BLU,2025,2
VOLVO ,EX30  ,BLU,2026,4
VOLVO ,EX30  ,GLD,2026,1
VOLVO ,EX30  ,GRY,2025,1
VOLVO ,EX30  ,GRY,2026,3
VOLVO ,EX30  ,WHI,2025,2
VOLVO ,EX30  ,WHI,2026,4
VOLVO ,EX30 C,GRY,2025,1
VOLVO ,EX30 C,WHI,2025,2
VOLVO ,EX30CC,BEI,2025,1
VOLVO ,EX40  ,BEI,2026,2
VOLVO ,EX40  ,BLK,2026,2
VOLVO ,EX40  ,BLU,2026,6
VOLVO ,EX40  ,GRN,2026,5
VOLVO ,EX40  ,GRY,2026,2
VOLVO ,EX40  ,SIL,2025,1
VOLVO ,EX40  ,SIL,2026,1
VOLVO ,EX40  ,WHI,2025,2
VOLVO ,EX40  ,WHI,2026,4
VOLVO ,EX90  ,BEI,2025,2
VOLVO ,EX90  ,BEI,2026,1
VOLVO ,EX90  ,BLK,2026,1
VOLVO ,EX90  ,BLU,2026,2
VOLVO ,EX90  ,GLD,2026,1
VOLVO ,EX90  ,MRN,2026,2
VOLVO ,EX90  ,SIL,2025,1
VOLVO ,EX90  ,WHI,2025,2
VOLVO ,FE    ,WHI,2025,2
VOLVO ,FE    ,WHI,2026,1
VOLVO ,FE320 ,WHI,2025,1
VOLVO ,FE350 ,WHI,2025,1
VOLVO ,FE8   ,WHI,2025,1
VOLVO ,FH    ,RED,2025,1
VOLVO ,FH    ,WHI,2025,1
VOLVO ,FH    ,WHI,2026,3
VOLVO ,FH16  ,BLU,2025,2
VOLVO ,FH16  ,WHI,2025,5
VOLVO ,FH780 ,WHI,2025,1
VOLVO ,FM    ,BLK,2025,1
VOLVO ,FM    ,OGE,2026,1
VOLVO ,FM    ,RED,2025,1
VOLVO ,FM    ,WHI,2025,4
VOLVO ,FM    ,WHI,2026,3
VOLVO ,FM11  ,BLU,2025,1
VOLVO ,FM410 ,WHI,2025,2
VOLVO ,FM500 ,WHI,2025,3
VOLVO ,FMX   ,WHI,2026,2
VOLVO ,XC40  ,BEI,2026,1
VOLVO ,XC40  ,BLK,2025,2
VOLVO ,XC40  ,BLK,2026,3
VOLVO ,XC40  ,BLU,2025,1
VOLVO ,XC40  ,BLU,2026,10
VOLVO ,XC40  ,GLD,2026,3
VOLVO ,XC40  ,GRN,2026,13
VOLVO ,XC40  ,GRY,2025,2
VOLVO ,XC40  ,GRY,2026,9
VOLVO ,XC40  ,SIL,2025,5
VOLVO ,XC40  ,SIL,2026,7
VOLVO ,XC40  ,WHI,2025,3
VOLVO ,XC40  ,WHI,2026,12
VOLVO ,XC60  ,BEI,2026,1
VOLVO ,XC60  ,BLK,2025,1
VOLVO ,XC60  ,BLK,2026,9
VOLVO ,XC60  ,BLU,2025,2
VOLVO ,XC60  ,BLU,2026,5
VOLVO ,XC60  ,GLD,2026,3
VOLVO ,XC60  ,GRN,2025,2
VOLVO ,XC60  ,GRN,2026,10
VOLVO ,XC60  ,GRY,2025,4
VOLVO ,XC60  ,GRY,2026,8
VOLVO ,XC60  ,RED,2025,1
VOLVO ,XC60  ,RED,2026,1
VOLVO ,XC60  ,SIL,2025,2
VOLVO ,XC60  ,SIL,2026,7
VOLVO ,XC60  ,WHI,2025,2
VOLVO ,XC60  ,WHI,2026,7
VOLVO ,XC90  ,BEI,2026,1
VOLVO ,XC90  ,BLK,2025,1
VOLVO ,XC90  ,BLK,2026,3
VOLVO ,XC90  ,BLU,2025,2
VOLVO ,XC90  ,BLU,2026,2
VOLVO ,XC90  ,GLD,2026,1
VOLVO ,XC90  ,GRY,2025,5
VOLVO ,XC90  ,GRY,2026,4
VOLVO ,XC90  ,MRN,2026,1
VOLVO ,XC90  ,SIL,2025,1
VOLVO ,XC90  ,SIL,2026,3
VOLVO ,XC90  ,WHI,2025,4
VOLVO ,XC90  ,WHI,2026,2
VULCAN,CPCJ25,OGE,2026,1
W NEUS,TIGGO ,WHI,2025,1
W NEUS,WRX   ,BLU,2025,1
XPENG ,G6    ,BLK,2025,2
XPENG ,G6    ,GRY,2025,2
XPENG ,G6    ,SIL,2025,3
XPENG ,G6    ,SIL,2026,1
XPENG ,G6    ,WHI,2025,4
XPENG ,XPENG ,SIL,2025,1
YAMAHA,AG200 ,BLU,2025,1
YAMAHA,AG200 ,BLU,2026,2
YAMAHA,CZD300,BLU,2025,1
YAMAHA,CZD300,GRY,2025,4
YAMAHA,FJR130,BLU,2025,1
YAMAHA,GPD150,GRY,2026,1
YAMAHA,GPD155,BLU,2025,1
YAMAHA,GPD155,GRY,2026,4
YAMAHA,GPD155,SIL,2026,2
YAMAHA,LTS125,BLK,2025,1
YAMAHA,MT03  ,BLK,2025,2
YAMAHA,MT03  ,GRY,2025,1
YAMAHA,MT03  ,GRY,2026,1
YAMAHA,MT07  ,BLK,2025,1
YAMAHA,MT07HO,BLK,2025,1
YAMAHA,MT07LA,BLK,2025,4
YAMAHA,MT07LA,BLU,2025,3
YAMAHA,MT07LA,GRY,2025,1
YAMAHA,MT07LA,SIL,2025,1
YAMAHA,MT07TR,BLK,2025,1
YAMAHA,MT09  ,SIL,2025,1
YAMAHA,MT09  ,SIL,2026,1
YAMAHA,MT09A ,BLK,2026,1
YAMAHA,MT09AS,SIL,2025,3
YAMAHA,MT09TR,BLK,2026,3
YAMAHA,MT09TR,BLU,2026,1
YAMAHA,MT10A ,BLU,2025,1
YAMAHA,MT10SP,SIL,2025,1
YAMAHA,MTM660,BLU,2025,1
YAMAHA,MTM660,WHI,2025,1
YAMAHA,MTM890,BLK,2025,1
YAMAHA,MTM890,BLK,2026,1
YAMAHA,TTR110,BLU,2026,1
YAMAHA,TTR125,BLU,2025,1
YAMAHA,WR250F,BLU,2025,3
YAMAHA,WR450F,BLU,2025,5
YAMAHA,WR450F,BLU,2026,1
YAMAHA,XSR900,BLK,2026,1
YAMAHA,XTZ690,BLK,2025,1
YAMAHA,XTZ690,BLK,2026,1
YAMAHA,XTZ690,BLU,2025,3
YAMAHA,XTZ690,GRY,2025,1
YAMAHA,XTZ690,GRY,2026,3
YAMAHA,YZ125X,BLU,2026,1
YAMAHA,YZ250 ,BLU,2026,1
YAMAHA,YZ250F,BLU,2025,1
YAMAHA,YZFR1M,BLK,2026,1
YAMAHA,YZFR3A,BLK,2025,9
YAMAHA,YZFR3A,BLU,2025,3
YAMAHA,YZFR3A,WHI,2025,7
YAMAHA,YZFR7H,BLU,2025,1
YAMAHA,YZFR7L,BLK,2025,4
YAMAHA,YZFR7L,BLU,2025,2
YAMAHA,YZFR9S,RED,2026,1
YAMAHA,YZFR9S,WHI,2025,1
YAMAHA,YZFR9T,BLK,2026,1
ZEEKR ,009   ,BLK,2025,3
ZEEKR ,009   ,BLK,2026,1
ZEEKR ,009 6 ,BLK,2025,1
ZEEKR ,7X    ,BLK,2026,34
ZEEKR ,7X    ,BLU,2026,26
ZEEKR ,7X    ,GRN,2026,89
ZEEKR ,7X    ,GRY,2026,74
ZEEKR ,7X    ,WHI,2026,36
ZEEKR ,7X LON,BLK,2026,1
ZEEKR ,7X LON,BLU,2026,1
ZEEKR ,7X PER,BLK,2026,1
ZEEKR ,7X PER,GRN,2026,1
ZEEKR ,7X PER,WHI,2026,1
ZEEKR ,7X RWD,BLU,2025,1
ZEEKR ,7X RWD,WHI,2026,1
ZEEKR ,X     ,GRY,2025,1
ZEEKR ,X     ,WHI,2025,1
ZEEKR ,X AWD ,GRY,2025,2