CD_MAKE_VEH,CD_MODEL_VEH,CD_CLR_BDY_VEH_P,NB_YEAR_MFC_VEH,TOTAL,CLEAN_MAKE_VEH
ABARTH,500E  ,BLU,2025,1,ABARTH
ABARTH,500E  ,GRN,2025,3,ABARTH
AION  ,AION V,BLK,2026,1,AION
AION  ,UT    ,SIL,2026,1,AION
AION  ,UT    ,WHI,2026,2,AION
AION  ,V     ,BLK,2026,1,AION
AION  ,V     ,GLD,2026,5,AION
AION  ,V     ,GRY,2025,1,AION
AION  ,V     ,GRY,2026,1,AION
AION  ,V     ,SIL,2026,2,AION
AION  ,V     ,WHI,2026,5,AION
AJP   ,PR7   ,WHI,2025,1,AJP
AJP   ,PR7   ,WHI,2026,5,AJP
ALFA R,GIULIA,BLK,2025,2,ALFA ROMEO
ALFA R,GIULIA,GRN,2026,1,ALFA ROMEO
ALFA R,GIULIA,WHI,2025,1,ALFA ROMEO
ALFA R,JUNIOR,GRY,2025,1,ALFA ROMEO
ALFA R,JUNIOR,WHI,2025,1,ALFA ROMEO
ALFA R,STELVI,BLK,2025,1,ALFA ROMEO
ALFA R,STELVI,RED,2025,1,ALFA ROMEO
ALFA R,STELVI,WHI,2025,2,ALFA ROMEO
ALFA R,TONALE,WHI,2025,2,ALFA ROMEO
ANTONI,ERGIT ,RED,2026,1,ANTONIO CARRARO
APRILI,RS660 ,BLU,2026,1,APRILIA
APRILI,RS660F,BLU,2026,1,APRILIA
APRILI,RS660F,YLW,2026,1,APRILIA
APRILI,TUAREG,BLK,2026,1,APRILIA
APRILI,TUR660,BLK,2026,1,APRILIA
ASTON ,DBX 70,BLK,2025,1,ASTON MARTIN
ASV   ,RT-135,YLW,2026,1,ASV
ASV   ,RT40  ,YLW,2026,1,ASV
AUDI  ,A3    ,BLK,2026,7,AUDI
AUDI  ,A3    ,BLU,2026,1,AUDI
AUDI  ,A3    ,GRN,2026,1,AUDI
AUDI  ,A3    ,GRY,2026,1,AUDI
AUDI  ,A3    ,RED,2026,1,AUDI
AUDI  ,A3    ,WHI,2025,1,AUDI
AUDI  ,A3    ,WHI,2026,1,AUDI
AUDI  ,A3 SPO,BLK,2026,1,AUDI
AUDI  ,A5    ,BLK,2025,6,AUDI
AUDI  ,A5    ,BLK,2026,3,AUDI
AUDI  ,A5    ,BLU,2025,1,AUDI
AUDI  ,A5    ,BLU,2026,1,AUDI
AUDI  ,A5    ,GRY,2025,3,AUDI
AUDI  ,A5    ,GRY,2026,2,AUDI
AUDI  ,A5    ,WHI,2025,1,AUDI
AUDI  ,A5    ,WHI,2026,2,AUDI
AUDI  ,A5 AVA,BLK,2025,1,AUDI
AUDI  ,A5 AVA,BLK,2026,1,AUDI
AUDI  ,A5 AVA,GRY,2026,1,AUDI
AUDI  ,A5 HYB,GRY,2025,1,AUDI
AUDI  ,Q2    ,BLK,2026,2,AUDI
AUDI  ,Q2    ,GRY,2026,3,AUDI
AUDI  ,Q3    ,BLK,2026,6,AUDI
AUDI  ,Q3    ,GRY,2025,3,AUDI
AUDI  ,Q3    ,GRY,2026,2,AUDI
AUDI  ,Q3    ,WHI,2025,1,AUDI
AUDI  ,Q3    ,WHI,2026,3,AUDI
AUDI  ,Q3 SPO,BLK,2025,1,AUDI
AUDI  ,Q4    ,BLK,2026,8,AUDI
AUDI  ,Q4    ,BLU,2026,1,AUDI
AUDI  ,Q4    ,GRY,2026,3,AUDI
AUDI  ,Q4    ,WHI,2025,1,AUDI
AUDI  ,Q4    ,WHI,2026,4,AUDI
AUDI  ,Q4 ETR,BLK,2026,2,AUDI
AUDI  ,Q4 ETR,BLU,2026,2,AUDI
AUDI  ,Q4 ETR,GRY,2026,1,AUDI
AUDI  ,Q4 ETR,WHI,2026,1,AUDI
AUDI  ,Q4ETRO,WHI,2026,1,AUDI
AUDI  ,Q5    ,BLK,2026,12,AUDI
AUDI  ,Q5    ,BLU,2026,2,AUDI
AUDI  ,Q5    ,GRN,2026,1,AUDI
AUDI  ,Q5    ,GRY,2025,3,AUDI
AUDI  ,Q5    ,GRY,2026,21,AUDI
AUDI  ,Q5    ,RED,2026,1,AUDI
AUDI  ,Q5    ,WHI,2025,1,AUDI
AUDI  ,Q5    ,WHI,2026,9,AUDI
AUDI  ,Q6    ,BLK,2025,2,AUDI
AUDI  ,Q6    ,BLK,2026,3,AUDI
AUDI  ,Q6    ,GRY,2025,2,AUDI
AUDI  ,Q6    ,GRY,2026,7,AUDI
AUDI  ,Q6    ,WHI,2025,1,AUDI
AUDI  ,Q6    ,WHI,2026,4,AUDI
AUDI  ,Q6 E-T,GRY,2026,1,AUDI
AUDI  ,Q6 ETR,GRY,2026,1,AUDI
AUDI  ,Q6E-TR,WHI,2025,1,AUDI
AUDI  ,Q7    ,BLK,2026,5,AUDI
AUDI  ,Q7    ,GRY,2026,5,AUDI
AUDI  ,Q7    ,WHI,2026,2,AUDI
AUDI  ,Q8    ,BLK,2026,1,AUDI
AUDI  ,Q8    ,BLU,2026,1,AUDI
AUDI  ,R7 SPO,BLK,2025,1,AUDI
AUDI  ,RS Q8 ,BLK,2026,1,AUDI
AUDI  ,RS3   ,BLK,2025,2,AUDI
AUDI  ,RS3   ,BLK,2026,4,AUDI
AUDI  ,RS3   ,GRN,2025,1,AUDI
AUDI  ,RS3   ,GRN,2026,1,AUDI
AUDI  ,RS3   ,GRY,2025,3,AUDI
AUDI  ,RS3   ,GRY,2026,4,AUDI
AUDI  ,RS3   ,RED,2025,1,AUDI
AUDI  ,RS3   ,WHI,2025,1,AUDI
AUDI  ,RSQ8  ,BLK,2025,1,AUDI
AUDI  ,RSQ8  ,BLK,2026,2,AUDI
AUDI  ,RSQ8  ,GRY,2026,1,AUDI
AUDI  ,S3    ,BLK,2026,7,AUDI
AUDI  ,S3    ,BLU,2026,3,AUDI
AUDI  ,S3    ,GRY,2025,1,AUDI
AUDI  ,S3    ,GRY,2026,5,AUDI
AUDI  ,S3    ,WHI,2026,2,AUDI
AUDI  ,S5    ,BLK,2026,6,AUDI
AUDI  ,S5    ,GRY,2025,1,AUDI
AUDI  ,S5    ,GRY,2026,5,AUDI
AUDI  ,S5 AVA,GRY,2026,1,AUDI
AUDI  ,SQ5   ,BLK,2026,8,AUDI
AUDI  ,SQ5   ,BLU,2026,1,AUDI
AUDI  ,SQ5   ,GRY,2025,2,AUDI
AUDI  ,SQ5   ,GRY,2026,4,AUDI
AUDI  ,SQ5   ,WHI,2026,7,AUDI
AUDI  ,SQ6   ,BLK,2025,1,AUDI
AUDI  ,SQ6   ,GRY,2025,1,AUDI
AUDI  ,SQ6 ET,BLK,2026,1,AUDI
AUDI  ,SQ7   ,WHI,2026,1,AUDI
AUSA  ,C351HX,RED,2026,1,AUSA
AVANT ,860I  ,GRN,2025,1,AVANT
AVANT ,860I  ,GRN,2026,1,AVANT
B C I ,PK6127,WHI,2026,1,BCI
B M W ,1 SERI,GRY,2025,1,BMW
B M W ,118   ,BLK,2025,1,BMW
B M W ,118   ,GRY,2025,2,BMW
B M W ,118   ,PUR,2025,1,BMW
B M W ,118   ,WHI,2025,1,BMW
B M W ,118 HA,BLK,2025,1,BMW
B M W ,118 HA,WHI,2025,1,BMW
B M W ,118I  ,BLK,2025,2,BMW
B M W ,118I  ,BLU,2025,1,BMW
B M W ,118I  ,BLU,2026,1,BMW
B M W ,118I  ,PUR,2025,2,BMW
B M W ,120   ,BLK,2025,3,BMW
B M W ,120   ,BLK,2026,3,BMW
B M W ,120   ,GRY,2026,1,BMW
B M W ,120   ,WHI,2025,1,BMW
B M W ,120 HA,GRY,2026,1,BMW
B M W ,1X1   ,WHI,2025,1,BMW
B M W ,1X2   ,WHI,2025,1,BMW
B M W ,218   ,BLK,2025,1,BMW
B M W ,218   ,BLU,2025,1,BMW
B M W ,218 GR,BLK,2025,1,BMW
B M W ,218I  ,GRY,2025,1,BMW
B M W ,220   ,BLK,2025,1,BMW
B M W ,220   ,GRY,2026,5,BMW
B M W ,220I  ,BLK,2026,2,BMW
B M W ,230I  ,BLK,2025,2,BMW
B M W ,230I  ,BLK,2026,1,BMW
B M W ,230I  ,BLU,2026,1,BMW
B M W ,230I  ,GRY,2025,1,BMW
B M W ,230I  ,GRY,2026,2,BMW
B M W ,230I  ,RED,2026,1,BMW
B M W ,330   ,BLU,2026,1,BMW
B M W ,330   ,GRY,2026,1,BMW
B M W ,330I  ,BLK,2025,1,BMW
B M W ,330I  ,BLK,2026,9,BMW
B M W ,330I  ,BLU,2026,3,BMW
B M W ,330I  ,GRY,2026,5,BMW
B M W ,330I  ,RED,2026,1,BMW
B M W ,330I  ,WHI,2026,6,BMW
B M W ,330I T,GRY,2025,1,BMW
B M W ,420I  ,BLK,2026,1,BMW
B M W ,420I  ,WHI,2026,1,BMW
B M W ,420I C,RED,2025,1,BMW
B M W ,430I  ,BLK,2025,2,BMW
B M W ,430I  ,BLU,2025,1,BMW
B M W ,430I  ,GRY,2025,1,BMW
B M W ,430I  ,WHI,2025,2,BMW
B M W ,520I  ,BLK,2026,1,BMW
B M W ,520I S,GRY,2025,1,BMW
B M W ,740   ,GRY,2025,1,BMW
B M W ,740I  ,GRY,2025,1,BMW
B M W ,840I  ,GRY,2026,1,BMW
B M W ,C 400 ,BLK,2026,1,BMW
B M W ,C400GT,BLU,2026,1,BMW
B M W ,F 800 ,BLK,2026,1,BMW
B M W ,F 800 ,BLU,2026,2,BMW
B M W ,F 900 ,BLU,2026,3,BMW
B M W ,F 900 ,GRN,2026,1,BMW
B M W ,F800 G,BLK,2026,1,BMW
B M W ,G 310 ,BLK,2026,3,BMW
B M W ,G 310 ,GRY,2026,2,BMW
B M W ,G 310R,BLU,2026,1,BMW
B M W ,G310GS,RED,2026,1,BMW
B M W ,G310R ,BLK,2026,4,BMW
B M W ,G310R ,BLU,2026,1,BMW
B M W ,G310R ,GRY,2026,1,BMW
B M W ,I4    ,BLK,2026,7,BMW
B M W ,I4    ,BLU,2026,1,BMW
B M W ,I4    ,GRY,2025,1,BMW
B M W ,I4    ,WHI,2025,7,BMW
B M W ,I4    ,WHI,2026,3,BMW
B M W ,I4 35 ,BLK,2025,1,BMW
B M W ,I4 35 ,BLK,2026,3,BMW
B M W ,I4 35 ,GRY,2026,1,BMW
B M W ,I4 35 ,WHI,2025,1,BMW
B M W ,I4 35 ,WHI,2026,1,BMW
B M W ,I4 EDR,BLK,2026,2,BMW
B M W ,I4 M50,BLK,2025,3,BMW
B M W ,I4 M50,GRY,2025,4,BMW
B M W ,I5 M60,WHI,2025,1,BMW
B M W ,I7    ,WHI,2025,1,BMW
B M W ,IX    ,BLK,2025,1,BMW
B M W ,IX    ,BLK,2026,5,BMW
B M W ,IX    ,GRY,2025,1,BMW
B M W ,IX    ,GRY,2026,2,BMW
B M W ,IX    ,WHI,2026,1,BMW
B M W ,IX 45 ,BLU,2025,1,BMW
B M W ,IX 45 ,BLU,2026,1,BMW
B M W ,IX 45 ,GRY,2026,1,BMW
B M W ,IX 45 ,WHI,2026,1,BMW
B M W ,IX X45,BLK,2026,1,BMW
B M W ,IX X45,BLU,2026,2,BMW
B M W ,IX1   ,BLK,2025,4,BMW
B M W ,IX1   ,BLK,2026,6,BMW
B M W ,IX1   ,BLU,2025,2,BMW
B M W ,IX1   ,BLU,2026,3,BMW
B M W ,IX1   ,GRN,2026,1,BMW
B M W ,IX1   ,GRY,2026,1,BMW
B M W ,IX1   ,SIL,2025,4,BMW
B M W ,IX1   ,SIL,2026,2,BMW
B M W ,IX1   ,WHI,2025,10,BMW
B M W ,IX1   ,WHI,2026,7,BMW
B M W ,IX1 30,BLK,2025,1,BMW
B M W ,IX1 30,BLK,2026,3,BMW
B M W ,IX1 30,BLU,2026,1,BMW
B M W ,IX1 30,GRN,2026,3,BMW
B M W ,IX1 30,SIL,2025,1,BMW
B M W ,IX1 30,SIL,2026,1,BMW
B M W ,IX1 30,WHI,2025,1,BMW
B M W ,IX1 30,WHI,2026,2,BMW
B M W ,IX2   ,BLK,2025,7,BMW
B M W ,IX2   ,BLK,2026,1,BMW
B M W ,IX2   ,BLU,2025,6,BMW
B M W ,IX2   ,BLU,2026,1,BMW
B M W ,IX2   ,GRN,2025,1,BMW
B M W ,IX2   ,GRY,2025,6,BMW
B M W ,IX2   ,GRY,2026,7,BMW
B M W ,IX2   ,MRN,2025,1,BMW
B M W ,IX2   ,RED,2025,5,BMW
B M W ,IX2   ,RED,2026,1,BMW
B M W ,IX2   ,WHI,2025,4,BMW
B M W ,IX2   ,WHI,2026,3,BMW
B M W ,IX2 20,BLK,2025,1,BMW
B M W ,IX2 20,RED,2025,2,BMW
B M W ,IX2 30,BLK,2026,2,BMW
B M W ,IX2 30,GRN,2026,1,BMW
B M W ,IX2 30,GRY,2025,1,BMW
B M W ,IX2 30,GRY,2026,1,BMW
B M W ,IX2 30,WHI,2026,1,BMW
B M W ,IX2 ED,BLK,2025,1,BMW
B M W ,IX2 ED,GRN,2026,1,BMW
B M W ,IX2 XD,WHI,2025,1,BMW
B M W ,IXL   ,WHI,2026,1,BMW
B M W ,K 1600,BLK,2026,1,BMW
B M W ,M 1000,BLK,2026,4,BMW
B M W ,M 1000,SIL,2025,1,BMW
B M W ,M 1000,SIL,2026,2,BMW
B M W ,M 1000,WHI,2026,4,BMW
B M W ,M1000 ,WHI,2026,1,BMW
B M W ,M1000R,WHI,2026,1,BMW
B M W ,M135  ,BLK,2025,1,BMW
B M W ,M135  ,BLK,2026,1,BMW
B M W ,M135  ,GRY,2025,2,BMW
B M W ,M135  ,WHI,2025,1,BMW
B M W ,M135I ,GRY,2025,1,BMW
B M W ,M2    ,BLU,2025,1,BMW
B M W ,M2    ,BLU,2026,2,BMW
B M W ,M2    ,GRN,2026,1,BMW
B M W ,M2    ,GRY,2026,5,BMW
B M W ,M2 COU,GRN,2026,1,BMW
B M W ,M2 COU,GRY,2026,1,BMW
B M W ,M2 CS ,BLK,2026,1,BMW
B M W ,M2 CS ,BLU,2026,1,BMW
B M W ,M235  ,BLK,2025,1,BMW
B M W ,M235  ,RED,2025,1,BMW
B M W ,M240I ,BLK,2026,2,BMW
B M W ,M240I ,GRY,2026,2,BMW
B M W ,M240I ,RED,2026,1,BMW
B M W ,M240I ,WHI,2026,2,BMW
B M W ,M3    ,BLK,2026,2,BMW
B M W ,M3    ,GRY,2025,1,BMW
B M W ,M3    ,GRY,2026,3,BMW
B M W ,M3 COM,BLU,2026,1,BMW
B M W ,M3 COM,GRN,2026,1,BMW
B M W ,M3 COM,GRY,2025,2,BMW
B M W ,M3 COM,GRY,2026,4,BMW
B M W ,M3 COM,OGE,2026,1,BMW
B M W ,M3 COM,WHI,2025,1,BMW
B M W ,M3 COM,WHI,2026,2,BMW
B M W ,M3 CS ,BLU,2025,1,BMW
B M W ,M340I ,BLK,2026,2,BMW
B M W ,M340I ,BLU,2026,1,BMW
B M W ,M340I ,GRY,2026,6,BMW
B M W ,M340I ,WHI,2026,3,BMW
B M W ,M4    ,BLU,2026,1,BMW
B M W ,M4 COM,WHI,2025,1,BMW
B M W ,M440I ,BLU,2025,1,BMW
B M W ,M440I ,BLU,2026,1,BMW
B M W ,M440I ,RED,2026,1,BMW
B M W ,M5    ,GRN,2026,1,BMW
B M W ,M5    ,OGE,2026,1,BMW
B M W ,M5 TOU,GRY,2025,1,BMW
B M W ,M8    ,BLU,2025,1,BMW
B M W ,M850I ,BLU,2025,1,BMW
B M W ,R 12 G,BLK,2026,2,BMW
B M W ,R 12 G,WHI,2026,1,BMW
B M W ,R 12 N,BLU,2026,1,BMW
B M W ,R 1300,BLK,2026,12,BMW
B M W ,R 1300,BLU,2026,8,BMW
B M W ,R 1300,GRN,2026,1,BMW
B M W ,R 1300,RED,2026,1,BMW
B M W ,R 1300,WHI,2026,3,BMW
B M W ,R12 NI,OGE,2026,1,BMW
B M W ,R12 NI,SIL,2026,1,BMW
B M W ,R1300 ,BLK,2026,2,BMW
B M W ,R1300 ,BLU,2026,2,BMW
B M W ,R1300 ,GRY,2026,1,BMW
B M W ,R1300G,BLK,2026,1,BMW
B M W ,R1300G,BLU,2026,1,BMW
B M W ,S 1000,BLK,2026,6,BMW
B M W ,S 1000,BLU,2026,9,BMW
B M W ,S 1000,SIL,2026,1,BMW
B M W ,S 1000,WHI,2026,3,BMW
B M W ,S1000 ,BLU,2026,2,BMW
B M W ,S1000R,SIL,2026,1,BMW
B M W ,X1    ,BLK,2025,6,BMW
B M W ,X1    ,BLK,2026,9,BMW
B M W ,X1    ,BLU,2025,2,BMW
B M W ,X1    ,BLU,2026,4,BMW
B M W ,X1    ,GRN,2025,1,BMW
B M W ,X1    ,GRN,2026,7,BMW
B M W ,X1    ,GRY,2025,2,BMW
B M W ,X1    ,GRY,2026,3,BMW
B M W ,X1    ,SIL,2025,1,BMW
B M W ,X1    ,SIL,2026,5,BMW
B M W ,X1    ,WHI,2025,8,BMW
B M W ,X1    ,WHI,2026,12,BMW
B M W ,X1 18I,BLK,2025,2,BMW
B M W ,X1 18I,BLK,2026,2,BMW
B M W ,X1 18I,GRN,2026,1,BMW
B M W ,X1 18I,WHI,2025,1,BMW
B M W ,X1 20I,BLK,2026,1,BMW
B M W ,X1 20I,BLU,2025,1,BMW
B M W ,X1 20I,GRN,2025,1,BMW
B M W ,X1 20I,GRY,2025,1,BMW
B M W ,X1 20I,SIL,2025,2,BMW
B M W ,X1 20I,SIL,2026,1,BMW
B M W ,X1 20I,WHI,2025,2,BMW
B M W ,X1 20I,WHI,2026,5,BMW
B M W ,X1 M35,RED,2026,1,BMW
B M W ,X1 SDR,WHI,2025,1,BMW
B M W ,X1 XDR,BLU,2026,1,BMW
B M W ,X1 XDR,WHI,2026,1,BMW
B M W ,X2    ,BLK,2025,3,BMW
B M W ,X2    ,BLK,2026,3,BMW
B M W ,X2    ,BLU,2025,1,BMW
B M W ,X2    ,GRY,2025,8,BMW
B M W ,X2    ,GRY,2026,1,BMW
B M W ,X2    ,WHI,2025,1,BMW
B M W ,X2    ,WHI,2026,2,BMW
B M W ,X2 20I,WHI,2025,1,BMW
B M W ,X2 M35,GRY,2025,1,BMW
B M W ,X2 M35,GRY,2026,2,BMW
B M W ,X3    ,BEI,2025,4,BMW
B M W ,X3    ,BEI,2026,1,BMW
B M W ,X3    ,BLK,2025,9,BMW
B M W ,X3    ,BLK,2026,13,BMW
B M W ,X3    ,BLU,2025,6,BMW
B M W ,X3    ,BLU,2026,9,BMW
B M W ,X3    ,GLD,2026,1,BMW
B M W ,X3    ,GRY,2025,13,BMW
B M W ,X3    ,GRY,2026,14,BMW
B M W ,X3    ,RED,2025,2,BMW
B M W ,X3    ,WHI,2025,13,BMW
B M W ,X3    ,WHI,2026,11,BMW
B M W ,X3 20 ,BLK,2026,3,BMW
B M W ,X3 20 ,BLU,2025,2,BMW
B M W ,X3 20 ,BLU,2026,1,BMW
B M W ,X3 20 ,GRY,2025,2,BMW
B M W ,X3 20 ,GRY,2026,4,BMW
B M W ,X3 20 ,WHI,2025,2,BMW
B M W ,X3 20 ,WHI,2026,1,BMW
B M W ,X3 20X,WHI,2025,1,BMW
B M W ,X3 30E,BLK,2025,2,BMW
B M W ,X3 30E,BLK,2026,3,BMW
B M W ,X3 30E,BLU,2025,1,BMW
B M W ,X3 30E,BLU,2026,3,BMW
B M W ,X3 30E,GRY,2025,10,BMW
B M W ,X3 30E,GRY,2026,8,BMW
B M W ,X3 30E,WHI,2025,7,BMW
B M W ,X3 30E,WHI,2026,2,BMW
B M W ,X3 40D,GRY,2026,3,BMW
B M W ,X3 40D,WHI,2026,2,BMW
B M W ,X3 M50,BLK,2025,1,BMW
B M W ,X3 M50,BLK,2026,2,BMW
B M W ,X3 M50,BLU,2025,1,BMW
B M W ,X3 M50,BLU,2026,2,BMW
B M W ,X3 M50,GRY,2025,1,BMW
B M W ,X3 M50,WHI,2025,2,BMW
B M W ,X3 M50,WHI,2026,2,BMW
B M W ,X4    ,BLK,2025,2,BMW
B M W ,X4    ,GRY,2026,1,BMW
B M W ,X4    ,WHI,2025,1,BMW
B M W ,X4    ,WHI,2026,2,BMW
B M W ,X4 30I,GRY,2025,1,BMW
B M W ,X5    ,BLK,2025,2,BMW
B M W ,X5    ,BLK,2026,5,BMW
B M W ,X5    ,BLU,2025,5,BMW
B M W ,X5    ,BLU,2026,1,BMW
B M W ,X5    ,GRN,2025,2,BMW
B M W ,X5    ,GRY,2025,18,BMW
B M W ,X5    ,GRY,2026,13,BMW
B M W ,X5    ,WHI,2025,4,BMW
B M W ,X5    ,WHI,2026,4,BMW
B M W ,X5 30D,BLK,2025,3,BMW
B M W ,X5 30D,BLK,2026,7,BMW
B M W ,X5 30D,BLU,2026,2,BMW
B M W ,X5 30D,GRY,2025,2,BMW
B M W ,X5 30D,GRY,2026,1,BMW
B M W ,X5 30D,WHI,2026,2,BMW
B M W ,X5 40I,BLK,2025,2,BMW
B M W ,X5 40I,GRY,2026,1,BMW
B M W ,X5 40I,WHI,2025,1,BMW
B M W ,X5 50E,BLK,2025,1,BMW
B M W ,X5 50E,BLU,2026,1,BMW
B M W ,X5 50E,GRY,2025,1,BMW
B M W ,X5 50E,GRY,2026,2,BMW
B M W ,X5 M  ,BLU,2026,1,BMW
B M W ,X5 M60,BLK,2026,1,BMW
B M W ,X5 M60,GRY,2026,1,BMW
B M W ,X5 M60,WHI,2025,1,BMW
B M W ,X5 M60,WHI,2026,2,BMW
B M W ,X5 XDR,BLK,2026,1,BMW
B M W ,X5 XDR,GRY,2026,3,BMW
B M W ,X5 XDR,WHI,2025,1,BMW
B M W ,X6    ,BLK,2026,1,BMW
B M W ,X6    ,BLU,2026,1,BMW
B M W ,X6    ,GRY,2026,2,BMW
B M W ,X6 30D,BLK,2025,1,BMW
B M W ,X6 30D,BLK,2026,1,BMW
B M W ,X6 30D,GRY,2026,1,BMW
B M W ,X6 30D,WHI,2025,1,BMW
B M W ,X6 40I,BLK,2026,1,BMW
B M W ,X6 40I,GRY,2026,1,BMW
B M W ,X6 40I,WHI,2026,1,BMW
B M W ,X6 M60,BLK,2025,1,BMW
B M W ,X6 M60,BLU,2026,1,BMW
B M W ,X6 XDR,BLK,2026,1,BMW
B M W ,X6 XDR,GRY,2025,1,BMW
B M W ,X6 XDR,WHI,2025,1,BMW
B M W ,X7    ,BLK,2025,5,BMW
B M W ,X7    ,BLK,2026,1,BMW
B M W ,X7    ,BLU,2025,1,BMW
B M W ,X7    ,BLU,2026,1,BMW
B M W ,X7    ,GRY,2025,3,BMW
B M W ,X7    ,GRY,2026,3,BMW
B M W ,X7    ,WHI,2025,1,BMW
B M W ,X7 40D,BLK,2025,1,BMW
B M W ,X7 40D,BLK,2026,3,BMW
B M W ,X7 40D,BLU,2025,1,BMW
B M W ,X7 40D,WHI,2026,1,BMW
B M W ,X7 40I,GRY,2026,1,BMW
B M W ,X7 M60,BLK,2025,1,BMW
B M W ,X7 M60,BLK,2026,2,BMW
B M W ,X7 M60,GRY,2025,2,BMW
B M W ,X7 XDR,WHI,2025,1,BMW
B Y D ,ATT0 2,BLK,2026,1,BYD
B Y D ,ATTO  ,BLK,2026,3,BYD
B Y D ,ATTO  ,BLU,2026,2,BYD
B Y D ,ATTO  ,GRN,2025,1,BYD
B Y D ,ATTO  ,GRN,2026,7,BYD
B Y D ,ATTO  ,GRY,2026,4,BYD
B Y D ,ATTO  ,SIL,2026,1,BYD
B Y D ,ATTO  ,WHI,2025,3,BYD
B Y D ,ATTO  ,WHI,2026,8,BYD
B Y D ,ATTO 1,BLK,2025,2,BYD
B Y D ,ATTO 1,BLK,2026,12,BYD
B Y D ,ATTO 1,BLU,2026,12,BYD
B Y D ,ATTO 1,GRN,2025,2,BYD
B Y D ,ATTO 1,GRN,2026,12,BYD
B Y D ,ATTO 1,SIL,2026,1,BYD
B Y D ,ATTO 1,WHI,2025,7,BYD
B Y D ,ATTO 1,WHI,2026,11,BYD
B Y D ,ATTO 2,BLK,2025,6,BYD
B Y D ,ATTO 2,BLK,2026,16,BYD
B Y D ,ATTO 2,GRN,2026,1,BYD
B Y D ,ATTO 2,GRY,2025,8,BYD
B Y D ,ATTO 2,GRY,2026,1,BYD
B Y D ,ATTO 2,WHI,2025,20,BYD
B Y D ,ATTO 2,WHI,2026,44,BYD
B Y D ,ATTO 3,BLK,2025,4,BYD
B Y D ,ATTO 3,BLK,2026,7,BYD
B Y D ,ATTO 3,BLU,2026,1,BYD
B Y D ,ATTO 3,GRY,2025,4,BYD
B Y D ,ATTO 3,GRY,2026,22,BYD
B Y D ,ATTO 3,WHI,2025,11,BYD
B Y D ,ATTO 3,WHI,2026,8,BYD
B Y D ,ATTO1 ,BLK,2025,1,BYD
B Y D ,ATTO1 ,BLK,2026,5,BYD
B Y D ,ATTO1 ,BLU,2026,7,BYD
B Y D ,ATTO1 ,GRN,2026,40,BYD
B Y D ,ATTO1 ,SIL,2026,5,BYD
B Y D ,ATTO1 ,WHI,2025,5,BYD
B Y D ,ATTO1 ,WHI,2026,3,BYD
B Y D ,ATTO2 ,BLK,2025,8,BYD
B Y D ,ATTO2 ,BLK,2026,18,BYD
B Y D ,ATTO2 ,GRY,2025,5,BYD
B Y D ,ATTO2 ,WHI,2025,5,BYD
B Y D ,ATTO2 ,WHI,2026,8,BYD
B Y D ,ATTO3 ,BLK,2025,1,BYD
B Y D ,ATTO3 ,BLK,2026,13,BYD
B Y D ,ATTO3 ,GRY,2025,3,BYD
B Y D ,ATTO3 ,GRY,2026,6,BYD
B Y D ,ATTO3 ,WHI,2025,4,BYD
B Y D ,ATTO3 ,WHI,2026,5,BYD
B Y D ,BYD   ,BLK,2025,1,BYD
B Y D ,BYD MY,BLK,2026,1,BYD
B Y D ,BYD MY,GRY,2025,1,BYD
B Y D ,BYD MY,WHI,2026,1,BYD
B Y D ,DEALIO,WHI,2026,1,BYD
B Y D ,DOLPHI,BLU,2025,1,BYD
B Y D ,DOLPHI,BLU,2026,4,BYD
B Y D ,DOLPHI,GRY,2025,15,BYD
B Y D ,DOLPHI,GRY,2026,24,BYD
B Y D ,DOLPHI,WHI,2025,19,BYD
B Y D ,DOLPHI,WHI,2026,10,BYD
B Y D ,PAH   ,OGE,2025,1,BYD
B Y D ,PAH   ,WHI,2025,1,BYD
B Y D ,SA3   ,GRY,2025,1,BYD
B Y D ,SC3E  ,WHI,2025,1,BYD
B Y D ,SEAL  ,BLK,2025,7,BYD
B Y D ,SEAL  ,BLK,2026,15,BYD
B Y D ,SEAL  ,BLU,2025,3,BYD
B Y D ,SEAL  ,BLU,2026,1,BYD
B Y D ,SEAL  ,GRY,2025,24,BYD
B Y D ,SEAL  ,GRY,2026,19,BYD
B Y D ,SEAL  ,WHI,2025,27,BYD
B Y D ,SEAL  ,WHI,2026,2,BYD
B Y D ,SEAL 6,GRY,2025,1,BYD
B Y D ,SEALI ,BLK,2025,11,BYD
B Y D ,SEALI ,BLK,2026,4,BYD
B Y D ,SEALI ,GRN,2025,1,BYD
B Y D ,SEALI ,GRY,2025,15,BYD
B Y D ,SEALI ,GRY,2026,2,BYD
B Y D ,SEALI ,WHI,2025,13,BYD
B Y D ,SEALI ,WHI,2026,1,BYD
B Y D ,SEALIN,WHI,2026,1,BYD
B Y D ,SEALIO,AQU,2025,12,BYD
B Y D ,SEALIO,AQU,2026,8,BYD
B Y D ,SEALIO,BEI,2025,1,BYD
B Y D ,SEALIO,BLK,2025,173,BYD
B Y D ,SEALIO,BLK,2026,55,BYD
B Y D ,SEALIO,BLU,2025,49,BYD
B Y D ,SEALIO,BLU,2026,4,BYD
B Y D ,SEALIO,BRN,2025,1,BYD
B Y D ,SEALIO,GRN,2025,31,BYD
B Y D ,SEALIO,GRN,2026,15,BYD
B Y D ,SEALIO,GRY,2025,329,BYD
B Y D ,SEALIO,GRY,2026,86,BYD
B Y D ,SEALIO,TUR,2026,1,BYD
B Y D ,SEALIO,WHI,2025,269,BYD
B Y D ,SEALIO,WHI,2026,94,BYD
B Y D ,SHARK ,BLK,2025,65,BYD
B Y D ,SHARK ,BLK,2026,14,BYD
B Y D ,SHARK ,BLU,2025,15,BYD
B Y D ,SHARK ,BLU,2026,11,BYD
B Y D ,SHARK ,GRN,2025,1,BYD
B Y D ,SHARK ,GRN,2026,1,BYD
B Y D ,SHARK ,GRY,2025,28,BYD
B Y D ,SHARK ,GRY,2026,15,BYD
B Y D ,SHARK ,OGE,2025,20,BYD
B Y D ,SHARK ,OGE,2026,10,BYD
B Y D ,SHARK ,WHI,2025,47,BYD
B Y D ,SHARK ,WHI,2026,28,BYD
B Y D ,SHARK6,BLK,2025,12,BYD
B Y D ,SHARK6,BLK,2026,1,BYD
B Y D ,SHARK6,BLU,2025,1,BYD
B Y D ,SHARK6,BLU,2026,4,BYD
B Y D ,SHARK6,GRY,2025,4,BYD
B Y D ,SHARK6,GRY,2026,28,BYD
B Y D ,SHARK6,OGE,2025,4,BYD
B Y D ,SHARK6,OGE,2026,1,BYD
B Y D ,SHARK6,WHI,2025,17,BYD
B Y D ,SHARK6,WHI,2026,2,BYD
B Y D ,SR    ,WHI,2025,1,BYD
B Y D ,TZ200X,BLK,2026,1,BYD
B Y D ,TZ220X,GRN,2025,1,BYD
BENT  ,BENTAY,GRN,2026,1,BENTLEY
BETA  ,300RR ,RED,2026,1,BETA
BETA  ,ENDURO,RED,2025,1,BETA
BETA  ,RR 300,RED,2025,1,BETA
BETA  ,RR200 ,BLU,2025,1,BETA
BETA  ,RR250 ,RED,2026,1,BETA
BETA  ,RR300 ,BLU,2025,1,BETA
BETA  ,RR300 ,RED,2025,1,BETA
BETA  ,XT300 ,GRY,2025,3,BETA
BOBCAT,S770  ,WHI,2026,1,BOBCAT
BOBCAT,T450  ,WHI,2026,1,BOBCAT
BOBCAT,TL3060,WHI,2026,1,BOBCAT
BOBCAT,TL38 7,WHI,2025,1,BOBCAT
BOBCAT,UT6580,WHI,2026,1,BOBCAT
BRAAAP,CRUISE,RED,2026,1,BRAAAP
CAD   ,LYRIQ ,BLK,2025,3,CADILLAC
CAD   ,LYRIQ ,RED,2025,1,CADILLAC
CAD   ,LYRIQ ,SIL,2025,2,CADILLAC
CAD   ,OPTIQ ,BLK,2026,1,CADILLAC
CAD   ,VISTIQ,SIL,2026,2,CADILLAC
CAN AM,DEFEND,BLK,2026,1,CAN-AM
CAN AM,DEFEND,FWN,2026,1,CAN-AM
CAN AM,DEFEND,YLW,2025,2,CAN-AM
CAN AM,DEFLTD,BLU,2026,1,CAN-AM
CAN AM,HD9 XU,YLW,2025,2,CAN-AM
CASE  ,FARMAL,RED,2025,1,CASE
CFMOTO,      ,GRN,2025,1,CFMOTO
CFMOTO,      ,SIL,2026,1,CFMOTO
CFMOTO,150SC ,BLK,2025,2,CFMOTO
CFMOTO,150SC ,BLK,2026,1,CFMOTO
CFMOTO,150SC ,SIL,2025,1,CFMOTO
CFMOTO,150SC ,SIL,2026,1,CFMOTO
CFMOTO,300NK ,BLK,2025,10,CFMOTO
CFMOTO,300NK ,BLU,2025,1,CFMOTO
CFMOTO,400NK ,BLK,2026,1,CFMOTO
CFMOTO,450 MT,BLK,2026,1,CFMOTO
CFMOTO,450CLC,BLK,2025,5,CFMOTO
CFMOTO,450CLC,BLK,2026,1,CFMOTO
CFMOTO,450CLC,WHI,2025,1,CFMOTO
CFMOTO,450MT ,BLK,2025,3,CFMOTO
CFMOTO,450MT ,BLK,2026,15,CFMOTO
CFMOTO,450MT ,BLU,2025,3,CFMOTO
CFMOTO,450MT ,BLU,2026,9,CFMOTO
CFMOTO,450MT ,GRY,2025,5,CFMOTO
CFMOTO,450NK ,WHI,2025,2,CFMOTO
CFMOTO,450SR ,BLK,2025,3,CFMOTO
CFMOTO,450SR ,BLK,2026,1,CFMOTO
CFMOTO,450SR ,WHI,2025,5,CFMOTO
CFMOTO,450SR ,WHI,2026,1,CFMOTO
CFMOTO,450SRS,BLK,2026,5,CFMOTO
CFMOTO,450SRS,WHI,2025,1,CFMOTO
CFMOTO,450SRS,WHI,2026,3,CFMOTO
CFMOTO,675 NK,GRY,2026,1,CFMOTO
CFMOTO,675NK ,WHI,2025,1,CFMOTO
CFMOTO,675SRR,BLK,2025,2,CFMOTO
CFMOTO,675SRR,GRY,2025,1,CFMOTO
CFMOTO,675SRR,GRY,2026,2,CFMOTO
CFMOTO,675SRR,WHI,2025,1,CFMOTO
CFMOTO,675SRS,WHI,2025,1,CFMOTO
CFMOTO,700MT ,WHI,2025,1,CFMOTO
CFMOTO,800 MT,BLU,2026,1,CFMOTO
CFMOTO,800MT ,BLK,2025,4,CFMOTO
CFMOTO,800NK ,BLK,2025,1,CFMOTO
CFMOTO,A     ,BLU,2026,1,CFMOTO
CFMOTO,C400  ,GRN,2026,1,CFMOTO
CFMOTO,CF1000,BLU,2025,1,CFMOTO
CFMOTO,CF250 ,BLU,2026,1,CFMOTO
CFMOTO,CF520 ,RED,2026,1,CFMOTO
CFMOTO,CF8001,BLK,2025,1,CFMOTO
CFMOTO,CL250 ,GRN,2025,1,CFMOTO
CFMOTO,CLX 70,BLU,2025,1,CFMOTO
CFMOTO,ML450 ,BLK,2026,1,CFMOTO
CFMOTO,ML450 ,BLU,2026,1,CFMOTO
CFMOTO,MT EXP,WHI,2025,1,CFMOTO
CFMOTO,MTX800,BLU,2026,1,CFMOTO
CFMOTO,NK800 ,BLK,2025,1,CFMOTO
CFMOTO,PAPIO ,AQU,2026,1,CFMOTO
CFMOTO,PAPIO ,BLU,2026,1,CFMOTO
CFMOTO,SC150 ,BLK,2025,1,CFMOTO
CFMOTO,SC150 ,SIL,2026,3,CFMOTO
CFMOTO,U600  ,BLU,2026,1,CFMOTO
CFMOTO,U600  ,GRN,2026,1,CFMOTO
CFMOTO,U600  ,SIL,2026,1,CFMOTO
CFMOTO,UFORCE,GRY,2025,1,CFMOTO
CFMOTO,UFORCE,KHA,2026,1,CFMOTO
CFMOTO,UV6   ,SIL,2026,1,CFMOTO
CFMOTO,VFORCE,BLU,2025,1,CFMOTO
CFMOTO,XO PAP,BLU,2026,1,CFMOTO
CHERY ,C5    ,BLK,2025,4,CHERY
CHERY ,C5    ,BLK,2026,43,CHERY
CHERY ,C5    ,GRY,2025,8,CHERY
CHERY ,C5    ,GRY,2026,18,CHERY
CHERY ,C5    ,RED,2025,5,CHERY
CHERY ,C5    ,RED,2026,5,CHERY
CHERY ,C5    ,SIL,2025,3,CHERY
CHERY ,C5    ,SIL,2026,4,CHERY
CHERY ,C5    ,WHI,2025,21,CHERY
CHERY ,C5    ,WHI,2026,6,CHERY
CHERY ,C5 OMO,WHI,2026,1,CHERY
CHERY ,C5 ULT,BLK,2026,7,CHERY
CHERY ,C5 ULT,GRY,2025,1,CHERY
CHERY ,C5 ULT,RED,2026,1,CHERY
CHERY ,C5 ULT,SIL,2025,2,CHERY
CHERY ,C5 ULT,SIL,2026,1,CHERY
CHERY ,C5 ULT,WHI,2025,3,CHERY
CHERY ,C5 URB,BLK,2025,1,CHERY
CHERY ,C5 URB,RED,2025,1,CHERY
CHERY ,C5 URB,SIL,2026,1,CHERY
CHERY ,C5 URB,WHI,2025,1,CHERY
CHERY ,E5    ,BLK,2025,2,CHERY
CHERY ,E5    ,BLK,2026,1,CHERY
CHERY ,E5    ,GRN,2025,1,CHERY
CHERY ,E5    ,RED,2026,1,CHERY
CHERY ,E5    ,SIL,2025,1,CHERY
CHERY ,E5    ,SIL,2026,1,CHERY
CHERY ,E5    ,WHI,2025,9,CHERY
CHERY ,E5 BEV,WHI,2025,1,CHERY
CHERY ,E5 ULT,BLK,2025,1,CHERY
CHERY ,J5    ,GRY,2026,1,CHERY
CHERY ,J5  SU,BLU,2026,1,CHERY
CHERY ,MG U9 ,GRN,2026,1,CHERY
CHERY ,MY25 C,BLK,2025,1,CHERY
CHERY ,MY25 C,RED,2025,1,CHERY
CHERY ,MY25 C,WHI,2026,1,CHERY
CHERY ,MY25 U,BLK,2026,1,CHERY
CHERY ,MY26 T,BLK,2025,2,CHERY
CHERY ,MY26 T,GRN,2025,1,CHERY
CHERY ,MY26 T,GRY,2025,4,CHERY
CHERY ,MY26 T,RED,2025,1,CHERY
CHERY ,MY26 T,WHI,2025,4,CHERY
CHERY ,MY26 T,WHI,2026,1,CHERY
CHERY ,OMODA ,BLK,2026,7,CHERY
CHERY ,OMODA ,GRY,2026,2,CHERY
CHERY ,OMODA ,WHI,2025,4,CHERY
CHERY ,T34   ,WHI,2026,1,CHERY
CHERY ,T4 ULT,WHI,2025,1,CHERY
CHERY ,T4 URB,GRY,2026,1,CHERY
CHERY ,T4 URB,WHI,2025,1,CHERY
CHERY ,T8 ULT,WHI,2025,1,CHERY
CHERY ,TI    ,RED,2025,1,CHERY
CHERY ,TIGGO ,BLK,2025,160,CHERY
CHERY ,TIGGO ,BLK,2026,42,CHERY
CHERY ,TIGGO ,BLU,2025,24,CHERY
CHERY ,TIGGO ,BLU,2026,7,CHERY
CHERY ,TIGGO ,GRN,2025,26,CHERY
CHERY ,TIGGO ,GRN,2026,8,CHERY
CHERY ,TIGGO ,GRY,2025,187,CHERY
CHERY ,TIGGO ,GRY,2026,114,CHERY
CHERY ,TIGGO ,RED,2025,105,CHERY
CHERY ,TIGGO ,RED,2026,20,CHERY
CHERY ,TIGGO ,SIL,2025,94,CHERY
CHERY ,TIGGO ,SIL,2026,19,CHERY
CHERY ,TIGGO ,TUR,2025,1,CHERY
CHERY ,TIGGO ,TUR,2026,1,CHERY
CHERY ,TIGGO ,WHI,2025,195,CHERY
CHERY ,TIGGO ,WHI,2026,52,CHERY
CHERY ,TIGGO4,BLK,2025,3,CHERY
CHERY ,TIGGO4,GRY,2025,3,CHERY
CHERY ,TIGGO4,GRY,2026,7,CHERY
CHERY ,TIGGO4,RED,2025,3,CHERY
CHERY ,TIGGO4,RED,2026,5,CHERY
CHERY ,TIGGO4,SIL,2025,5,CHERY
CHERY ,TIGGO4,SIL,2026,2,CHERY
CHERY ,TIGGO4,WHI,2025,3,CHERY
CHERY ,TIGGO4,WHI,2026,3,CHERY
CHERY ,TIGGO7,BLK,2025,1,CHERY
CHERY ,TIGGO7,GRY,2026,1,CHERY
CHERY ,TIGGO7,SIL,2025,1,CHERY
CHERY ,TIGGO8,BLU,2025,1,CHERY
CHERY ,TIGGO8,GRY,2025,1,CHERY
CHERY ,TIGGO8,WHI,2025,1,CHERY
CHERY ,TIGGO9,GRN,2025,1,CHERY
CHERY ,TIGGO9,GRY,2026,1,CHERY
CHERY ,TIGGO9,WHI,2025,1,CHERY
CHERY ,TIGO 4,WHI,2025,1,CHERY
CHERY ,TIGOG ,BLK,2025,1,CHERY
CHERY ,TOGGO ,RED,2026,1,CHERY
CHERY ,WAGON ,BLK,2026,1,CHERY
CHEV  ,CORVET,RED,2026,2,CHEVROLET
CHEV  ,SILVAR,BLK,2026,1,CHEVROLET
CHEV  ,SILVAR,GRY,2026,1,CHEVROLET
CHEV  ,SILVAR,WHI,2026,1,CHEVROLET
CHEV  ,SILVER,BLK,2025,5,CHEVROLET
CHEV  ,SILVER,BLK,2026,14,CHEVROLET
CHEV  ,SILVER,BLU,2026,3,CHEVROLET
CHEV  ,SILVER,GRN,2026,1,CHEVROLET
CHEV  ,SILVER,GRY,2025,1,CHEVROLET
CHEV  ,SILVER,GRY,2026,5,CHEVROLET
CHEV  ,SILVER,RED,2025,1,CHEVROLET
CHEV  ,SILVER,RED,2026,2,CHEVROLET
CHEV  ,SILVER,WHI,2025,6,CHEVROLET
CHEV  ,SILVER,WHI,2026,13,CHEVROLET
CUPRA ,ATECA ,BLK,2025,7,CUPRA
CUPRA ,ATECA ,GRY,2025,2,CUPRA
CUPRA ,ATECA ,WHI,2025,1,CUPRA
CUPRA ,FORMEN,BLK,2025,5,CUPRA
CUPRA ,FORMEN,GRY,2025,19,CUPRA
CUPRA ,FORMEN,RED,2025,2,CUPRA
CUPRA ,LEON  ,GRY,2025,1,CUPRA
CUPRA ,LEON  ,PUR,2025,1,CUPRA
CUPRA ,TAVASC,BEI,2026,1,CUPRA
CUPRA ,TAVASC,BLU,2025,2,CUPRA
CUPRA ,TAVASC,BLU,2026,3,CUPRA
CUPRA ,TAVASC,GRY,2025,4,CUPRA
CUPRA ,TAVASC,GRY,2026,1,CUPRA
CUPRA ,TAVASC,WHI,2025,1,CUPRA
CUPRA ,TERRAM,BLK,2025,3,CUPRA
CUPRA ,TERRAM,BLU,2025,2,CUPRA
CUPRA ,TERRAM,BLU,2026,2,CUPRA
CUPRA ,TERRAM,GRY,2025,1,CUPRA
CUPRA ,TERRAM,GRY,2026,1,CUPRA
CUPRA ,TERRAM,PUR,2025,1,CUPRA
CUPRA ,TERRAM,PUR,2026,1,CUPRA
CUPRA ,TERRAM,WHI,2025,2,CUPRA
DAF   ,CF 17 ,WHI,2025,1,DAF
DAF   ,PUTZME,WHI,2026,1,DAF
DEEPAL,EO7   ,WHI,2025,1,DEEPAL
DEEPAL,S07   ,BLK,2025,1,DEEPAL
DEEPAL,S07   ,BLK,2026,5,DEEPAL
DEEPAL,S07   ,GRN,2025,2,DEEPAL
DEEPAL,S07   ,GRY,2026,5,DEEPAL
DEEPAL,S07   ,OGE,2026,1,DEEPAL
DEEPAL,S07   ,WHI,2025,1,DEEPAL
DEEPAL,S07   ,WHI,2026,2,DEEPAL
DEEPAL,S07   ,YLW,2026,2,DEEPAL
DENZA ,B5    ,BLK,2025,21,DENZA
DENZA ,B5    ,BLU,2025,12,DENZA
DENZA ,B5    ,BLU,2026,1,DENZA
DENZA ,B5    ,GRN,2025,5,DENZA
DENZA ,B5    ,GRN,2026,1,DENZA
DENZA ,B5    ,GRY,2025,20,DENZA
DENZA ,B5    ,GRY,2026,2,DENZA
DENZA ,B5    ,SIL,2025,2,DENZA
DENZA ,B5L   ,BLK,2025,2,DENZA
DENZA ,B5L   ,BLU,2025,2,DENZA
DENZA ,B5L   ,BLU,2026,2,DENZA
DENZA ,B5L   ,GRN,2026,1,DENZA
DENZA ,B5L   ,GRY,2025,7,DENZA
DENZA ,B5L   ,GRY,2026,1,DENZA
DENZA ,B8    ,BLK,2025,8,DENZA
DENZA ,B8    ,GLD,2025,3,DENZA
DENZA ,B8    ,SIL,2025,5,DENZA
DENZA ,B8    ,SIL,2026,1,DENZA
DENZA ,D9    ,BLK,2025,1,DENZA
DEVELO,SD320H,OGE,2026,1,DEVELON
DODGE ,CHALL ,BLK,2026,1,DODGE
DODGE ,R A M ,GRY,2025,1,DODGE
DUCATI,DIAVEL,RED,2025,1,DUCATI
DUCATI,HYPERM,RED,2025,1,DUCATI
DUCATI,MONSTE,BLK,2025,1,DUCATI
DUCATI,MONSTE,RED,2025,2,DUCATI
DUCATI,MULTIS,RED,2025,1,DUCATI
DUCATI,PANIGA,BLK,2026,2,DUCATI
DUCATI,PANIGA,RED,2025,3,DUCATI
DUCATI,SCRAMB,GRN,2026,1,DUCATI
DUCATI,STREET,RED,2025,1,DUCATI
DUCATI,STREET,RED,2026,1,DUCATI
ENFLD ,BUL65 ,GRN,2026,1,LDV
ENFORC,08LITH,RED,2026,1,ENFORCER
ENFORC,08LITS,RED,2025,1,ENFORCER
ENFORC,FLDAXF,RED,2026,1,ENFORCER
ENFORC,FLDAXT,RED,2026,1,ENFORCER
EP    ,CPD18T,RED,2026,1,DEEPAL
F LINE,CASCAD,WHI,2026,1,FUTUR LINE
FANTIC,XEF310,WHI,2025,1,FANTIC MOTOR
FARIZO,SUPERV,WHI,2025,1,FARIZON
FARIZO,SUPERV,WHI,2026,4,FARIZON
FENDT ,616   ,GRN,2025,1,FENDT
FENDT ,618   ,GRN,2025,1,FENDT
FENDT ,618   ,GRN,2026,1,FENDT
FENDT ,620 VA,GRN,2026,1,FENDT
FENDT ,720   ,GRN,2026,2,FENDT
FENDT ,724   ,GRN,2025,1,FENDT
FENDT ,930VG7,GRN,2025,1,FENDT
FERRAR,12CILI,BLK,2026,1,FERRARI
FERRAR,12CILI,GRY,2026,1,FERRARI
FERRAR,K105  ,GRN,2026,2,FERRARI
FIAT  ,500E  ,GLD,2025,1,FIAT
FIAT  ,500E  ,WHI,2025,4,FIAT
FIAT  ,DESTIN,WHI,2026,2,FIAT
FIAT  ,DUCATI,WHI,2025,1,FIAT
FIAT  ,DUCATO,GRY,2026,1,FIAT
FIAT  ,DUCATO,WHI,2025,3,FIAT
FIAT  ,DUCATO,WHI,2026,15,FIAT
FIAT  ,FD 19 ,WHI,2026,7,FIAT
FIAT  ,IN3   ,WHI,2026,3,FIAT
FIAT  ,IN3   ,YLW,2026,1,FIAT
FIAT  ,IN600 ,WHI,2026,2,FIAT
FIAT  ,IND600,WHI,2026,1,FIAT
FIAT  ,JRV   ,WHI,2025,1,FIAT
FIAT  ,SCUDO ,WHI,2026,2,FIAT
FIAT  ,SIGNAT,WHI,2025,1,FIAT
FIAT  ,V 6442,WHI,2026,1,FIAT
FL TOY,HIACE ,WHI,2025,1,TOYOTA
FLFORD,TRANSI,WHI,2026,1,FORD
FORD  ,ATTO 2,WHI,2026,1,FORD
FORD  ,ERVERE,GRY,2026,1,FORD
FORD  ,EVERER,GRY,2026,1,FORD
FORD  ,EVERES,BLK,2025,8,FORD
FORD  ,EVERES,BLK,2026,104,FORD
FORD  ,EVERES,BLU,2025,2,FORD
FORD  ,EVERES,BLU,2026,28,FORD
FORD  ,EVERES,BRZ,2026,35,FORD
FORD  ,EVERES,GRY,2025,27,FORD
FORD  ,EVERES,GRY,2026,100,FORD
FORD  ,EVERES,SIL,2025,19,FORD
FORD  ,EVERES,SIL,2026,79,FORD
FORD  ,EVERES,WHI,2025,31,FORD
FORD  ,EVERES,WHI,2026,154,FORD
FORD  ,F 150 ,BLU,2026,1,FORD
FORD  ,F 150 ,GRY,2025,1,FORD
FORD  ,F150  ,BLK,2025,5,FORD
FORD  ,F150  ,BLK,2026,1,FORD
FORD  ,F150  ,BLU,2025,2,FORD
FORD  ,F150  ,BLU,2026,3,FORD
FORD  ,F150  ,GRY,2025,9,FORD
FORD  ,F150  ,GRY,2026,1,FORD
FORD  ,F150  ,RED,2025,2,FORD
FORD  ,F150  ,SIL,2025,4,FORD
FORD  ,F150  ,WHI,2025,4,FORD
FORD  ,F150  ,WHI,2026,3,FORD
FORD  ,F150 P,BLK,2025,1,FORD
FORD  ,F150 P,GRY,2025,1,FORD
FORD  ,F150 P,WHI,2025,2,FORD
FORD  ,F150 X,SIL,2025,1,FORD
FORD  ,F150 X,WHI,2025,1,FORD
FORD  ,F350  ,GRY,2025,1,FORD
FORD  ,MACH E,BLU,2025,1,FORD
FORD  ,MACH E,WHI,2025,1,FORD
FORD  ,MUSTAN,BLK,2025,21,FORD
FORD  ,MUSTAN,BLU,2025,24,FORD
FORD  ,MUSTAN,BLU,2026,1,FORD
FORD  ,MUSTAN,GRY,2025,8,FORD
FORD  ,MUSTAN,OGE,2026,1,FORD
FORD  ,MUSTAN,PUR,2025,1,FORD
FORD  ,MUSTAN,RED,2025,17,FORD
FORD  ,MUSTAN,RED,2026,1,FORD
FORD  ,MUSTAN,SIL,2025,4,FORD
FORD  ,MUSTAN,WHI,2025,9,FORD
FORD  ,MUSTAN,YLW,2025,2,FORD
FORD  ,RANGER,BEI,2026,1,FORD
FORD  ,RANGER,BLK,2025,66,FORD
FORD  ,RANGER,BLK,2026,113,FORD
FORD  ,RANGER,BLU,2025,7,FORD
FORD  ,RANGER,BLU,2026,17,FORD
FORD  ,RANGER,BRZ,2026,4,FORD
FORD  ,RANGER,GLD,2026,3,FORD
FORD  ,RANGER,GRY,2025,120,FORD
FORD  ,RANGER,GRY,2026,161,FORD
FORD  ,RANGER,OGE,2025,2,FORD
FORD  ,RANGER,OGE,2026,3,FORD
FORD  ,RANGER,RED,2025,3,FORD
FORD  ,RANGER,RED,2026,1,FORD
FORD  ,RANGER,SIL,2025,37,FORD
FORD  ,RANGER,SIL,2026,97,FORD
FORD  ,RANGER,TAN,2025,2,FORD
FORD  ,RANGER,TAN,2026,7,FORD
FORD  ,RANGER,WHI,2025,120,FORD
FORD  ,RANGER,WHI,2026,394,FORD
FORD  ,RANGER,YLW,2025,1,FORD
FORD  ,RANGER,YLW,2026,4,FORD
FORD  ,RAPTOR,BLK,2025,1,FORD
FORD  ,RAPTOR,BLK,2026,2,FORD
FORD  ,RAPTOR,GRY,2026,4,FORD
FORD  ,RAPTOR,OGE,2026,1,FORD
FORD  ,RAPTOR,WHI,2025,2,FORD
FORD  ,RAPTOR,WHI,2026,1,FORD
FORD  ,SEALIO,BLK,2026,1,FORD
FORD  ,SEALIO,WHI,2026,1,FORD
FORD  ,SUPER ,SIL,2025,1,FORD
FORD  ,SUPERD,GRY,2026,2,FORD
FORD  ,SUPERD,WHI,2026,1,FORD
FORD  ,TOUARE,GRY,2026,1,FORD
FORD  ,TOURNE,BLK,2026,1,FORD
FORD  ,TOURNE,WHI,2025,1,FORD
FORD  ,TRANSI,BLK,2025,1,FORD
FORD  ,TRANSI,BLK,2026,2,FORD
FORD  ,TRANSI,BLU,2025,1,FORD
FORD  ,TRANSI,BLU,2026,2,FORD
FORD  ,TRANSI,GRY,2025,2,FORD
FORD  ,TRANSI,GRY,2026,17,FORD
FORD  ,TRANSI,RED,2025,1,FORD
FORD  ,TRANSI,SIL,2026,3,FORD
FORD  ,TRANSI,WHI,2025,6,FORD
FORD  ,TRANSI,WHI,2026,60,FORD
FORD  ,TRASNI,WHI,2026,1,FORD
FORD  ,WILDTR,GRY,2026,1,FORD
FOTON ,P4    ,BLK,2026,1,FOTON
FOTON ,T5    ,WHI,2026,3,FOTON
FOTON ,TUNLAN,BLK,2025,1,FOTON
FOTON ,TUNLAN,BLK,2026,3,FOTON
FOTON ,TUNLAN,BLU,2025,1,FOTON
FOTON ,TUNLAN,BLU,2026,1,FOTON
FOTON ,TUNLAN,GRN,2025,2,FOTON
FOTON ,TUNLAN,GRY,2025,3,FOTON
FOTON ,TUNLAN,GRY,2026,2,FOTON
FOTON ,TUNLAN,PUR,2025,1,FOTON
FOTON ,TUNLAN,SIL,2025,3,FOTON
FOTON ,TUNLAN,SIL,2026,4,FOTON
FOTON ,TUNLAN,WHI,2025,3,FOTON
FOTON ,TUNLAN,WHI,2026,3,FOTON
FUSO  ,CANTER,WHI,2025,18,FUSO
FUSO  ,CANTER,WHI,2026,8,FUSO
FUSO  ,E6 CAN,WHI,2026,1,FUSO
FUSO  ,ECANTE,WHI,2025,1,FUSO
FUSO  ,FEA61B,WHI,2026,1,FUSO
FUSO  ,FEB21E,WHI,2025,3,FUSO
FUSO  ,FEB71E,WHI,2025,1,FUSO
FUSO  ,FIGHTE,WHI,2025,9,FUSO
FUSO  ,FIGHTE,WHI,2026,2,FUSO
FUSO  ,FK62FL,WHI,2025,1,FUSO
FUSO  ,FK65FL,WHI,2025,1,FUSO
FUSO  ,FM67FS,WHI,2025,1,FUSO
FUSO  ,FP74HG,WHI,2026,2,FUSO
FUSO  ,FV80HK,WHI,2025,1,FUSO
FUSO  ,SHOGUN,WHI,2025,6,FUSO
FUSO  ,SHOGUN,WHI,2026,1,FUSO
G M C ,YUKON ,BLK,2025,2,GMC
G M C ,YUKON ,BLK,2026,1,GMC
G M C ,YUKON ,GRY,2025,1,GMC
G M C ,YUKON ,WHI,2025,1,GMC
G M C ,YUKON ,WHI,2026,2,GMC
G WALL,CANNON,BLK,2025,42,GREAT WALL
G WALL,CANNON,BLK,2026,21,GREAT WALL
G WALL,CANNON,BLU,2025,10,GREAT WALL
G WALL,CANNON,BLU,2026,6,GREAT WALL
G WALL,CANNON,GRY,2025,10,GREAT WALL
G WALL,CANNON,GRY,2026,18,GREAT WALL
G WALL,CANNON,RED,2025,6,GREAT WALL
G WALL,CANNON,RED,2026,6,GREAT WALL
G WALL,CANNON,SIL,2025,14,GREAT WALL
G WALL,CANNON,SIL,2026,15,GREAT WALL
G WALL,CANNON,WHI,2025,44,GREAT WALL
G WALL,CANNON,WHI,2026,58,GREAT WALL
G WALL,CANON ,SIL,2026,1,GREAT WALL
G WALL,H6    ,BLK,2025,5,GREAT WALL
G WALL,H6    ,BLK,2026,4,GREAT WALL
G WALL,H6    ,BLU,2025,1,GREAT WALL
G WALL,H6    ,BLU,2026,1,GREAT WALL
G WALL,H6    ,GLD,2025,1,GREAT WALL
G WALL,H6    ,GLD,2026,1,GREAT WALL
G WALL,H6    ,GRY,2025,1,GREAT WALL
G WALL,H6    ,GRY,2026,1,GREAT WALL
G WALL,H6    ,WHI,2025,7,GREAT WALL
G WALL,H6    ,WHI,2026,2,GREAT WALL
G WALL,H6 GT ,RED,2025,1,GREAT WALL
G WALL,H6 GT ,WHI,2025,2,GREAT WALL
G WALL,H7    ,WHI,2025,2,GREAT WALL
G WALL,H7    ,WHI,2026,1,GREAT WALL
G WALL,HAVAL ,BLK,2025,10,GREAT WALL
G WALL,HAVAL ,BLK,2026,9,GREAT WALL
G WALL,HAVAL ,BLU,2025,1,GREAT WALL
G WALL,HAVAL ,BLU,2026,2,GREAT WALL
G WALL,HAVAL ,CRM,2026,2,GREAT WALL
G WALL,HAVAL ,GLD,2026,1,GREAT WALL
G WALL,HAVAL ,GRY,2025,9,GREAT WALL
G WALL,HAVAL ,GRY,2026,9,GREAT WALL
G WALL,HAVAL ,WHI,2025,20,GREAT WALL
G WALL,HAVAL ,WHI,2026,18,GREAT WALL
G WALL,JOLION,BLK,2026,13,GREAT WALL
G WALL,JOLION,BLU,2025,2,GREAT WALL
G WALL,JOLION,BLU,2026,1,GREAT WALL
G WALL,JOLION,GRY,2025,3,GREAT WALL
G WALL,JOLION,GRY,2026,19,GREAT WALL
G WALL,JOLION,RED,2026,1,GREAT WALL
G WALL,JOLION,WHI,2025,2,GREAT WALL
G WALL,JOLION,WHI,2026,21,GREAT WALL
G WALL,ORA   ,BLK,2025,3,GREAT WALL
G WALL,ORA   ,BLK,2026,6,GREAT WALL
G WALL,ORA   ,GRN,2025,1,GREAT WALL
G WALL,ORA   ,GRN,2026,11,GREAT WALL
G WALL,ORA   ,GRY,2025,2,GREAT WALL
G WALL,ORA   ,GRY,2026,4,GREAT WALL
G WALL,ORA   ,RED,2026,6,GREAT WALL
G WALL,ORA   ,WHI,2025,3,GREAT WALL
G WALL,ORA   ,WHI,2026,21,GREAT WALL
G WALL,ORA 5 ,GRY,2026,1,GREAT WALL
G WALL,ORA 58,BLK,2026,2,GREAT WALL
G WALL,ORA 58,RED,2026,1,GREAT WALL
G WALL,ORA 63,GRY,2026,1,GREAT WALL
G WALL,ORA EV,GRN,2026,1,GREAT WALL
G WALL,ORA GT,BLK,2025,1,GREAT WALL
G WALL,ORA GT,BLK,2026,2,GREAT WALL
G WALL,ORA GT,GRY,2025,1,GREAT WALL
G WALL,ORA GT,RED,2026,1,GREAT WALL
G WALL,ORA GT,WHI,2026,1,GREAT WALL
G WALL,ORA LU,GRN,2026,2,GREAT WALL
G WALL,ORA LU,RED,2026,2,GREAT WALL
G WALL,ORD 5 ,BLU,2026,1,GREAT WALL
G WALL,TANK  ,BLK,2025,9,GREAT WALL
G WALL,TANK  ,BLK,2026,5,GREAT WALL
G WALL,TANK  ,GRY,2025,2,GREAT WALL
G WALL,TANK  ,GRY,2026,5,GREAT WALL
G WALL,TANK  ,OGE,2025,1,GREAT WALL
G WALL,TANK  ,RED,2025,3,GREAT WALL
G WALL,TANK  ,SIL,2026,1,GREAT WALL
G WALL,TANK  ,WHI,2025,3,GREAT WALL
G WALL,TANK  ,WHI,2026,2,GREAT WALL
G WALL,TANK 3,BLK,2025,10,GREAT WALL
G WALL,TANK 3,BLK,2026,7,GREAT WALL
G WALL,TANK 3,GRY,2025,9,GREAT WALL
G WALL,TANK 3,GRY,2026,13,GREAT WALL
G WALL,TANK 3,OGE,2025,4,GREAT WALL
G WALL,TANK 3,OGE,2026,1,GREAT WALL
G WALL,TANK 3,RED,2025,4,GREAT WALL
G WALL,TANK 3,WHI,2025,10,GREAT WALL
G WALL,TANK 3,WHI,2026,3,GREAT WALL
G WALL,TANK 5,BLK,2025,8,GREAT WALL
G WALL,TANK 5,BLK,2026,2,GREAT WALL
G WALL,TANK 5,GLD,2025,1,GREAT WALL
G WALL,TANK 5,GLD,2026,1,GREAT WALL
G WALL,TANK 5,SIL,2025,2,GREAT WALL
G WALL,TANK 5,SIL,2026,1,GREAT WALL
G WALL,TANK 5,WHI,2025,3,GREAT WALL
G WALL,TANK 5,WHI,2026,1,GREAT WALL
G WALL,TANK50,WHI,2026,1,GREAT WALL
G WALL,UTE AL,WHI,2026,1,GREAT WALL
GAC   ,AION  ,BEI,2025,1,GAC
GAC   ,AION  ,BEI,2026,1,GAC
GAC   ,AION  ,BLK,2025,2,GAC
GAC   ,AION  ,BLK,2026,1,GAC
GAC   ,AION  ,GRY,2026,3,GAC
GAC   ,AION  ,WHI,2025,1,GAC
GAC   ,AION  ,WHI,2026,2,GAC
GAC   ,AION U,WHI,2026,3,GAC
GAC   ,AION V,BEI,2025,1,GAC
GAC   ,AION V,BEI,2026,3,GAC
GAC   ,AION V,GRY,2026,2,GAC
GAC   ,AION V,SIL,2026,1,GAC
GAC   ,AION V,WHI,2025,1,GAC
GAC   ,EMZOOM,BLK,2026,10,GAC
GAC   ,EMZOOM,GRY,2026,6,GAC
GAC   ,EMZOOM,PNK,2026,1,GAC
GAC   ,EMZOOM,PUR,2026,5,GAC
GAC   ,EMZOOM,RED,2026,4,GAC
GAC   ,EMZOOM,SIL,2026,1,GAC
GAC   ,EMZOOM,WHI,2026,11,GAC
GAC   ,M8    ,BLK,2025,2,GAC
GAC   ,M8    ,BLK,2026,3,GAC
GAC   ,M8    ,WHI,2025,1,GAC
GAIUS ,EX5   ,BLK,2026,1,GAIUS
GAIUS ,EX5 IN,GRY,2026,1,GAIUS
GASGAS,EC300 ,RED,2025,1,GASGAS
GEELY ,EX5   ,BLK,2026,20,GEELY
GEELY ,EX5   ,GRN,2026,69,GEELY
GEELY ,EX5   ,GRY,2025,2,GEELY
GEELY ,EX5   ,GRY,2026,40,GEELY
GEELY ,EX5   ,SIL,2025,1,GEELY
GEELY ,EX5   ,SIL,2026,30,GEELY
GEELY ,EX5   ,WHI,2026,41,GEELY
GEELY ,EX5 CO,GRN,2026,1,GEELY
GEELY ,EX5 CO,GRY,2026,1,GEELY
GEELY ,EX5 CO,WHI,2026,1,GEELY
GEELY ,EX5 IN,BLK,2026,7,GEELY
GEELY ,EX5 IN,GRN,2026,17,GEELY
GEELY ,EX5 IN,GRY,2026,10,GEELY
GEELY ,EX5 IN,SIL,2026,3,GEELY
GEELY ,EX5 IN,WHI,2026,6,GEELY
GEELY ,STARRA,BLK,2025,12,GEELY
GEELY ,STARRA,BLK,2026,7,GEELY
GEELY ,STARRA,BLU,2025,3,GEELY
GEELY ,STARRA,BLU,2026,13,GEELY
GEELY ,STARRA,GRN,2025,10,GEELY
GEELY ,STARRA,GRN,2026,5,GEELY
GEELY ,STARRA,GRY,2025,13,GEELY
GEELY ,STARRA,GRY,2026,16,GEELY
GEELY ,STARRA,SIL,2025,45,GEELY
GEELY ,STARRA,SIL,2026,24,GEELY
GEELY ,STARRA,WHI,2025,32,GEELY
GEELY ,STARRA,WHI,2026,33,GEELY
GEELY ,STARRY,BLU,2026,1,GEELY
GENSIS,G70   ,BLU,2026,1,GENESIS
GENSIS,GV70  ,BLU,2025,2,GENESIS
GENSIS,GV70  ,BLU,2026,2,GENESIS
GENSIS,GV70  ,SIL,2025,1,GENESIS
GENSIS,GV70  ,SIL,2026,2,GENESIS
GENSIS,GV70  ,WHI,2025,6,GENESIS
GENSIS,GV70  ,WHI,2026,3,GENESIS
GMSV  ,YUKON ,BLK,2025,1,GMSV
GOLDAC,GA8048,GRN,2026,1,GOLDACRE
H DAV ,FLFB  ,BLK,2025,4,HARLEY-DAVIDSON
H DAV ,FLFB  ,BLU,2025,1,HARLEY-DAVIDSON
H DAV ,FLH   ,GRY,2026,1,HARLEY-DAVIDSON
H DAV ,FLHC  ,BLK,2025,1,HARLEY-DAVIDSON
H DAV ,FLHC  ,BLK,2026,1,HARLEY-DAVIDSON
H DAV ,FLHCS ,GRY,2025,1,HARLEY-DAVIDSON
H DAV ,FLHLT ,BLK,2026,2,HARLEY-DAVIDSON
H DAV ,FLHRXS,BLK,2025,2,HARLEY-DAVIDSON
H DAV ,FLHX  ,BLK,2025,4,HARLEY-DAVIDSON
H DAV ,FLHXLS,GRY,2026,1,HARLEY-DAVIDSON
H DAV ,FLHXST,BLU,2026,1,HARLEY-DAVIDSON
H DAV ,FLHXU ,BLK,2025,3,HARLEY-DAVIDSON
H DAV ,FLTRX ,BLK,2025,2,HARLEY-DAVIDSON
H DAV ,FLTRX ,BLK,2026,3,HARLEY-DAVIDSON
H DAV ,FLTRX ,PUR,2025,1,HARLEY-DAVIDSON
H DAV ,FLTRXS,BLK,2025,1,HARLEY-DAVIDSON
H DAV ,FXBB  ,BLK,2025,4,HARLEY-DAVIDSON
H DAV ,FXBB  ,BLK,2026,2,HARLEY-DAVIDSON
H DAV ,FXBB  ,BLU,2026,1,HARLEY-DAVIDSON
H DAV ,FXBB  ,GRY,2025,2,HARLEY-DAVIDSON
H DAV ,FXBR  ,BLK,2025,29,HARLEY-DAVIDSON
H DAV ,FXBR  ,GRY,2026,2,HARLEY-DAVIDSON
H DAV ,FXBR  ,OGE,2026,1,HARLEY-DAVIDSON
H DAV ,FXBR  ,YLW,2025,1,HARLEY-DAVIDSON
H DAV ,FXLRS ,BLK,2025,1,HARLEY-DAVIDSON
H DAV ,FXLRS ,BLK,2026,2,HARLEY-DAVIDSON
H DAV ,FXLRS ,BLU,2026,1,HARLEY-DAVIDSON
H DAV ,FXLRS ,GRY,2025,4,HARLEY-DAVIDSON
H DAV ,FXLRS ,GRY,2026,1,HARLEY-DAVIDSON
H DAV ,FXLRS ,RED,2025,1,HARLEY-DAVIDSON
H DAV ,FXLRST,BLK,2025,2,HARLEY-DAVIDSON
H DAV ,FXLRST,BLK,2026,2,HARLEY-DAVIDSON
H DAV ,FXLRST,BLU,2025,2,HARLEY-DAVIDSON
H DAV ,RA1250,GRY,2025,1,HARLEY-DAVIDSON
H DAV ,RH1250,BLU,2026,1,HARLEY-DAVIDSON
H DAV ,RH975S,OGE,2025,2,HARLEY-DAVIDSON
H DAV ,X500  ,BLK,2025,1,HARLEY-DAVIDSON
HAMM  ,HD14TT,OGE,2025,1,HAMM
HANGCH,CPD25 ,GRN,2026,1,HANGCHA
HANGCH,CPD35X,GRN,2025,1,HANGCHA
HANGCH,CXW22F,RED,2025,1,HANGCHA
HAVAL ,H     ,BLK,2025,1,HAVAL
HAVAL ,H6    ,BEI,2025,4,HAVAL
HAVAL ,H6    ,BLK,2025,89,HAVAL
HAVAL ,H6    ,BLK,2026,18,HAVAL
HAVAL ,H6    ,BLU,2025,6,HAVAL
HAVAL ,H6    ,BLU,2026,1,HAVAL
HAVAL ,H6    ,GLD,2025,25,HAVAL
HAVAL ,H6    ,GLD,2026,8,HAVAL
HAVAL ,H6    ,GRY,2025,54,HAVAL
HAVAL ,H6    ,GRY,2026,16,HAVAL
HAVAL ,H6    ,RED,2025,1,HAVAL
HAVAL ,H6    ,RED,2026,1,HAVAL
HAVAL ,H6    ,WHI,2025,92,HAVAL
HAVAL ,H6    ,WHI,2026,10,HAVAL
HAVAL ,H6 GT ,BLK,2025,12,HAVAL
HAVAL ,H6 GT ,BLK,2026,2,HAVAL
HAVAL ,H6 GT ,BLU,2025,3,HAVAL
HAVAL ,H6 GT ,GRY,2025,4,HAVAL
HAVAL ,H6 GT ,RED,2025,4,HAVAL
HAVAL ,H6 GT ,RED,2026,2,HAVAL
HAVAL ,H6 GT ,WHI,2025,8,HAVAL
HAVAL ,H6 HYB,BLK,2025,2,HAVAL
HAVAL ,H6 HYB,BLK,2026,3,HAVAL
HAVAL ,H6 HYB,GLD,2025,3,HAVAL
HAVAL ,H6 HYB,GRY,2025,5,HAVAL
HAVAL ,H6 HYB,WHI,2025,2,HAVAL
HAVAL ,H6 LUX,GRY,2025,3,HAVAL
HAVAL ,H6 LUX,WHI,2025,2,HAVAL
HAVAL ,H6 PHE,BLK,2025,4,HAVAL
HAVAL ,H6 PHE,BLK,2026,1,HAVAL
HAVAL ,H6 PHE,BLU,2026,2,HAVAL
HAVAL ,H6 PHE,GLD,2025,1,HAVAL
HAVAL ,H6 PHE,GLD,2026,1,HAVAL
HAVAL ,H6 PHE,GRY,2025,3,HAVAL
HAVAL ,H6 PHE,GRY,2026,6,HAVAL
HAVAL ,H6 PHE,WHI,2025,1,HAVAL
HAVAL ,H6 PHE,WHI,2026,1,HAVAL
HAVAL ,H6 ULT,BLK,2025,4,HAVAL
HAVAL ,H6 ULT,BLK,2026,1,HAVAL
HAVAL ,H6 ULT,GLD,2026,1,HAVAL
HAVAL ,H6 ULT,GRY,2025,4,HAVAL
HAVAL ,H6 ULT,WHI,2025,6,HAVAL
HAVAL ,H6 ULT,WHI,2026,2,HAVAL
HAVAL ,H6GT  ,BLK,2025,1,HAVAL
HAVAL ,H6GT  ,BLU,2025,2,HAVAL
HAVAL ,H6GT  ,GRY,2025,1,HAVAL
HAVAL ,H6GT  ,WHI,2025,2,HAVAL
HAVAL ,H6GT U,BLU,2025,1,HAVAL
HAVAL ,H6GT U,WHI,2026,1,HAVAL
HAVAL ,H7    ,BLK,2025,5,HAVAL
HAVAL ,H7    ,BLK,2026,7,HAVAL
HAVAL ,H7    ,GRY,2025,2,HAVAL
HAVAL ,H7    ,GRY,2026,3,HAVAL
HAVAL ,H7    ,OGE,2026,1,HAVAL
HAVAL ,H7    ,WHI,2025,4,HAVAL
HAVAL ,H7    ,WHI,2026,2,HAVAL
HAVAL ,H7 HEV,GRY,2026,1,HAVAL
HAVAL ,H7 VAN,OGE,2025,2,HAVAL
HAVAL ,H7 VAN,WHI,2025,2,HAVAL
HAVAL ,JOLION,BLK,2025,40,HAVAL
HAVAL ,JOLION,BLK,2026,56,HAVAL
HAVAL ,JOLION,BLU,2025,22,HAVAL
HAVAL ,JOLION,BLU,2026,15,HAVAL
HAVAL ,JOLION,GRY,2025,24,HAVAL
HAVAL ,JOLION,GRY,2026,76,HAVAL
HAVAL ,JOLION,RED,2025,4,HAVAL
HAVAL ,JOLION,RED,2026,9,HAVAL
HAVAL ,JOLION,WHI,2025,37,HAVAL
HAVAL ,JOLION,WHI,2026,130,HAVAL
HAVAL ,ORA   ,GRN,2026,3,HAVAL
HAVAL ,ORA   ,RED,2025,4,HAVAL
HAVAL ,ORA   ,WHI,2026,1,HAVAL
HAVAL ,ORA GT,GRY,2026,1,HAVAL
HAVAL ,ORA GT,WHI,2026,1,HAVAL
HDRIVE,64TSPM,GRN,2025,1,HYDRO DRIVE
HDRIVE,6X4 TS,GRN,2025,1,HYDRO DRIVE
HERROD,MUSTAN,BLU,2025,1,HERROD
HINO  ,300   ,RED,2025,1,HINO
HINO  ,300   ,WHI,2025,21,HINO
HINO  ,300   ,WHI,2026,1,HINO
HINO  ,300 61,PNK,2025,2,HINO
HINO  ,300 61,WHI,2025,3,HINO
HINO  ,300 WI,WHI,2025,1,HINO
HINO  ,500   ,WHI,2025,4,HINO
HINO  ,616   ,WHI,2025,1,HINO
HINO  ,616 AT,WHI,2025,1,HINO
HINO  ,616AT ,WHI,2025,2,HINO
HINO  ,616AT3,WHI,2025,1,HINO
HINO  ,700   ,WHI,2025,3,HINO
HINO  ,921 AT,WHI,2025,4,HINO
HINO  ,FD 112,WHI,2025,1,HINO
HINO  ,FE 142,WHI,2025,2,HINO
HINO  ,FG500 ,WHI,2025,1,HINO
HINO  ,FH 183,WHI,2025,1,HINO
HINO  ,FH1832,WHI,2025,1,HINO
HINO  ,FL 262,WHI,2025,2,HINO
HINO  ,FL2628,WHI,2025,1,HINO
HINO  ,FS 263,WHI,2025,1,HINO
HINO  ,FS2848,WHI,2025,2,HINO
HINO  ,GT1528,RED,2025,1,HINO
HOLDEN,YUKON ,BLK,2025,1,HOLDEN
HONDA ,ACCORD,GRY,2025,1,HONDA
HONDA ,CB125F,BLK,2025,2,HONDA
HONDA ,CB125F,BLK,2026,1,HONDA
HONDA ,CB125F,RED,2025,1,HONDA
HONDA ,CB125F,RED,2026,2,HONDA
HONDA ,CB500F,RED,2025,4,HONDA
HONDA ,CB500F,WHI,2025,2,HONDA
HONDA ,CB500X,RED,2025,2,HONDA
HONDA ,CB500X,WHI,2025,1,HONDA
HONDA ,CB650R,BLK,2025,7,HONDA
HONDA ,CB650R,BLK,2026,1,HONDA
HONDA ,CB650R,GRY,2025,1,HONDA
HONDA ,CB650R,RED,2025,4,HONDA
HONDA ,CBF125,BLK,2025,1,HONDA
HONDA ,CBF125,RED,2025,3,HONDA
HONDA ,CBR100,RED,2025,1,HONDA
HONDA ,CBR500,BLK,2026,1,HONDA
HONDA ,CBR50R,BLK,2026,2,HONDA
HONDA ,CBR50R,RED,2025,1,HONDA
HONDA ,CBR5R ,BLK,2025,1,HONDA
HONDA ,CBR650,BLK,2025,3,HONDA
HONDA ,CBR650,BLK,2026,11,HONDA
HONDA ,CBR650,RED,2025,14,HONDA
HONDA ,CBR650,RED,2026,8,HONDA
HONDA ,CIVIC ,BLU,2026,3,HONDA
HONDA ,CIVIC ,GRY,2025,2,HONDA
HONDA ,CIVIC ,GRY,2026,1,HONDA
HONDA ,CIVIC ,RED,2026,3,HONDA
HONDA ,CIVIC ,WHI,2025,2,HONDA
HONDA ,CIVIC ,WHI,2026,6,HONDA
HONDA ,CL500 ,GRN,2026,1,HONDA
HONDA ,CMX500,BLK,2025,1,HONDA
HONDA ,CMX500,BLK,2026,4,HONDA
HONDA ,CMX500,GRY,2025,1,HONDA
HONDA ,CRF110,BLK,2025,1,HONDA
HONDA ,CRF110,RED,2025,1,HONDA
HONDA ,CRF300,RED,2025,8,HONDA
HONDA ,CRF300,RED,2026,1,HONDA
HONDA ,CRF450,RED,2025,1,HONDA
HONDA ,CRF45L,RED,2026,1,HONDA
HONDA ,CRV   ,BLK,2025,6,HONDA
HONDA ,CRV   ,BLK,2026,9,HONDA
HONDA ,CRV   ,BLU,2025,25,HONDA
HONDA ,CRV   ,BLU,2026,9,HONDA
HONDA ,CRV   ,GRY,2025,45,HONDA
HONDA ,CRV   ,GRY,2026,14,HONDA
HONDA ,CRV   ,RED,2025,33,HONDA
HONDA ,CRV   ,RED,2026,16,HONDA
HONDA ,CRV   ,SIL,2025,23,HONDA
HONDA ,CRV   ,SIL,2026,5,HONDA
HONDA ,CRV   ,WHI,2025,50,HONDA
HONDA ,CRV   ,WHI,2026,17,HONDA
HONDA ,CRV EH,BLK,2025,1,HONDA
HONDA ,CRV EH,BLU,2026,2,HONDA
HONDA ,CRV EH,GRY,2026,1,HONDA
HONDA ,CRV EH,RED,2026,1,HONDA
HONDA ,CRV EH,WHI,2026,1,HONDA
HONDA ,CRV HE,BLK,2026,1,HONDA
HONDA ,CRV HE,BLU,2025,2,HONDA
HONDA ,CRV HE,BLU,2026,1,HONDA
HONDA ,CRV HE,GRY,2025,4,HONDA
HONDA ,CRV HE,RED,2025,1,HONDA
HONDA ,CRV HE,RED,2026,2,HONDA
HONDA ,CRV HE,WHI,2025,4,HONDA
HONDA ,CRV HE,WHI,2026,1,HONDA
HONDA ,CRV VT,BLK,2025,3,HONDA
HONDA ,CRV VT,BLU,2025,1,HONDA
HONDA ,CRV VT,GRY,2025,3,HONDA
HONDA ,CRV VT,GRY,2026,1,HONDA
HONDA ,CRV VT,RED,2025,2,HONDA
HONDA ,CRV VT,SIL,2025,1,HONDA
HONDA ,CRV VT,SIL,2026,2,HONDA
HONDA ,CRV VT,WHI,2025,8,HONDA
HONDA ,GB350 ,BLK,2025,2,HONDA
HONDA ,GB350 ,GRY,2026,1,HONDA
HONDA ,GB350 ,SIL,2025,1,HONDA
HONDA ,GB350 ,WHI,2025,5,HONDA
HONDA ,HONDA ,BLU,2025,1,HONDA
HONDA ,HR VIX,RED,2025,1,HONDA
HONDA ,HRV   ,GRN,2025,8,HONDA
HONDA ,HRV   ,GRN,2026,8,HONDA
HONDA ,HRV   ,GRY,2025,9,HONDA
HONDA ,HRV   ,GRY,2026,24,HONDA
HONDA ,HRV   ,RED,2025,9,HONDA
HONDA ,HRV   ,RED,2026,5,HONDA
HONDA ,HRV   ,SIL,2025,1,HONDA
HONDA ,HRV   ,SIL,2026,6,HONDA
HONDA ,HRV   ,WHI,2025,11,HONDA
HONDA ,HRV   ,WHI,2026,20,HONDA
HONDA ,HRV EH,GRN,2025,2,HONDA
HONDA ,HRV EH,GRN,2026,1,HONDA
HONDA ,HRV EH,GRY,2026,1,HONDA
HONDA ,HRV EH,WHI,2025,2,HONDA
HONDA ,HRV EH,WHI,2026,1,HONDA
HONDA ,HRV HE,GRN,2026,1,HONDA
HONDA ,HRV HE,RED,2026,1,HONDA
HONDA ,HRV HE,WHI,2025,1,HONDA
HONDA ,HRV HE,WHI,2026,1,HONDA
HONDA ,HRV VI,GRY,2025,1,HONDA
HONDA ,HRV VI,GRY,2026,4,HONDA
HONDA ,HRV VI,RED,2025,2,HONDA
HONDA ,HRV VI,WHI,2025,3,HONDA
HONDA ,HZV   ,GRY,2025,1,HONDA
HONDA ,NAVI  ,WHI,2026,1,HONDA
HONDA ,NSR250,RED,2026,1,HONDA
HONDA ,NSS350,GRY,2025,3,HONDA
HONDA ,NVA110,GRN,2025,1,HONDA
HONDA ,NVA110,PNK,2025,1,HONDA
HONDA ,NX500 ,WHI,2025,2,HONDA
HONDA ,NX500 ,WHI,2026,2,HONDA
HONDA ,ODYSSE,WHI,2026,1,HONDA
HONDA ,PCX   ,BLU,2025,1,HONDA
HONDA ,PIONEE,BLK,2025,1,HONDA
HONDA ,PIONEE,RED,2025,1,HONDA
HONDA ,PRELUD,BLU,2026,1,HONDA
HONDA ,SUPER ,PUR,2025,1,HONDA
HONDA ,SXS100,RED,2026,1,HONDA
HONDA ,XL750 ,BLK,2025,1,HONDA
HONDA ,XL750 ,GRY,2025,2,HONDA
HONDA ,XL750 ,WHI,2025,1,HONDA
HONDA ,XL750S,BLK,2025,1,HONDA
HONDA ,XL750S,WHI,2025,1,HONDA
HONDA ,ZRV   ,BLK,2025,5,HONDA
HONDA ,ZRV   ,GRN,2025,1,HONDA
HONDA ,ZRV   ,GRY,2025,13,HONDA
HONDA ,ZRV   ,MRN,2025,6,HONDA
HONDA ,ZRV   ,RED,2025,6,HONDA
HONDA ,ZRV   ,WHI,2025,11,HONDA
HONDA ,ZRV EH,GRY,2025,2,HONDA
HONDA ,ZRV VT,GRY,2025,4,HONDA
HONDA ,ZRV VT,MRN,2025,4,HONDA
HONDA ,ZRV VT,WHI,2025,2,HONDA
HSQVRN,FE450 ,WHI,2025,1,HUSQVARNA
HSQVRN,FE501 ,WHI,2025,1,HUSQVARNA
HSQVRN,FS450 ,WHI,2026,1,HUSQVARNA
HSQVRN,NORDEN,GRY,2025,1,HUSQVARNA
HSQVRN,SP401 ,BLK,2025,1,HUSQVARNA
HSQVRN,SVARTP,BLK,2025,1,HUSQVARNA
HSQVRN,TE14  ,WHI,2026,1,HUSQVARNA
HSQVRN,TE300 ,GRY,2025,1,HUSQVARNA
HSQVRN,TE300 ,GRY,2026,2,HUSQVARNA
HSQVRN,TE300 ,WHI,2026,1,HUSQVARNA
HUSQVA,EXPEND,BLU,2026,1,HUSQVARNA
HUSQVA,NORDEN,GRN,2025,1,HUSQVARNA
HUSQVA,T300  ,WHI,2026,1,HUSQVARNA
HYNDAI,ELEXI ,WHI,2026,1,HYUNDAI
HYNDAI,ELEXIO,BLK,2026,3,HYUNDAI
HYNDAI,ELEXIO,BLU,2026,3,HYUNDAI
HYNDAI,ELEXIO,GRY,2026,12,HYUNDAI
HYNDAI,ELEXIO,RED,2026,1,HYUNDAI
HYNDAI,ELEXIO,WHI,2026,16,HYUNDAI
HYNDAI,FORES ,WHI,2025,1,HYUNDAI
HYNDAI,I20   ,BLU,2025,4,HYUNDAI
HYNDAI,I20   ,GRY,2025,7,HYUNDAI
HYNDAI,I20   ,RED,2025,1,HYUNDAI
HYNDAI,I20   ,WHI,2025,1,HYUNDAI
HYNDAI,I20 N ,BLU,2025,1,HYUNDAI
HYNDAI,I20 N ,GRY,2025,1,HYUNDAI
HYNDAI,I30   ,BLK,2025,4,HYUNDAI
HYNDAI,I30   ,BLK,2026,4,HYUNDAI
HYNDAI,I30   ,BLU,2025,15,HYUNDAI
HYNDAI,I30   ,BLU,2026,7,HYUNDAI
HYNDAI,I30   ,GRY,2025,24,HYUNDAI
HYNDAI,I30   ,GRY,2026,25,HYUNDAI
HYNDAI,I30   ,RED,2025,3,HYUNDAI
HYNDAI,I30   ,WHI,2025,18,HYUNDAI
HYNDAI,I30   ,WHI,2026,20,HYUNDAI
HYNDAI,I30 HE,BLK,2026,1,HYUNDAI
HYNDAI,I30 HE,BLU,2026,7,HYUNDAI
HYNDAI,I30 HE,GRY,2025,1,HYUNDAI
HYNDAI,I30 HE,GRY,2026,10,HYUNDAI
HYNDAI,I30 HE,WHI,2025,3,HYUNDAI
HYNDAI,I30 HE,WHI,2026,1,HYUNDAI
HYNDAI,I30 N ,BLU,2025,1,HYUNDAI
HYNDAI,I30 N ,BLU,2026,1,HYUNDAI
HYNDAI,I30 N ,GRY,2025,1,HYUNDAI
HYNDAI,I30 N ,RED,2026,1,HYUNDAI
HYNDAI,I30 SE,BLK,2026,1,HYUNDAI
HYNDAI,I30 SE,BLU,2026,1,HYUNDAI
HYNDAI,I30 SE,GRY,2025,2,HYUNDAI
HYNDAI,I30 SE,GRY,2026,4,HYUNDAI
HYNDAI,I30 SE,WHI,2025,3,HYUNDAI
HYNDAI,I30N  ,BLU,2025,1,HYUNDAI
HYNDAI,ILOAD ,WHI,2026,1,HYUNDAI
HYNDAI,INSTER,BLK,2025,3,HYUNDAI
HYNDAI,INSTER,GRN,2026,2,HYUNDAI
HYNDAI,INSTER,KHA,2025,2,HYUNDAI
HYNDAI,INSTER,KHA,2026,1,HYUNDAI
HYNDAI,INSTER,SIL,2025,1,HYUNDAI
HYNDAI,INSTER,WHI,2025,12,HYUNDAI
HYNDAI,INSTER,YLW,2025,3,HYUNDAI
HYNDAI,IONIQ ,BLK,2025,1,HYUNDAI
HYNDAI,IONIQ ,BLU,2025,1,HYUNDAI
HYNDAI,IONIQ ,BLU,2026,1,HYUNDAI
HYNDAI,IONIQ ,GRN,2025,1,HYUNDAI
HYNDAI,IONIQ ,GRY,2025,5,HYUNDAI
HYNDAI,IONIQ ,GRY,2026,4,HYUNDAI
HYNDAI,IONIQ ,WHI,2025,5,HYUNDAI
HYNDAI,IONIQ ,WHI,2026,4,HYUNDAI
HYNDAI,IONIQ9,GRY,2025,1,HYUNDAI
HYNDAI,KONA  ,BLK,2025,27,HYUNDAI
HYNDAI,KONA  ,BLK,2026,13,HYUNDAI
HYNDAI,KONA  ,BLU,2025,17,HYUNDAI
HYNDAI,KONA  ,BLU,2026,30,HYUNDAI
HYNDAI,KONA  ,GRN,2025,25,HYUNDAI
HYNDAI,KONA  ,GRN,2026,92,HYUNDAI
HYNDAI,KONA  ,GRY,2025,45,HYUNDAI
HYNDAI,KONA  ,GRY,2026,55,HYUNDAI
HYNDAI,KONA  ,OGE,2026,2,HYUNDAI
HYNDAI,KONA  ,RED,2025,16,HYUNDAI
HYNDAI,KONA  ,RED,2026,29,HYUNDAI
HYNDAI,KONA  ,WHI,2025,55,HYUNDAI
HYNDAI,KONA  ,WHI,2026,85,HYUNDAI
HYNDAI,KONA  ,YLW,2026,4,HYUNDAI
HYNDAI,KONA C,GRN,2026,1,HYUNDAI
HYNDAI,KONA E,GRN,2026,2,HYUNDAI
HYNDAI,KONA E,GRY,2025,1,HYUNDAI
HYNDAI,KONA E,GRY,2026,3,HYUNDAI
HYNDAI,KONA E,RED,2026,2,HYUNDAI
HYNDAI,KONA E,WHI,2025,2,HYUNDAI
HYNDAI,KONA E,WHI,2026,5,HYUNDAI
HYNDAI,KONA H,BLK,2025,2,HYUNDAI
HYNDAI,KONA H,BLU,2025,3,HYUNDAI
HYNDAI,KONA H,BLU,2026,1,HYUNDAI
HYNDAI,KONA H,GRN,2025,5,HYUNDAI
HYNDAI,KONA H,GRN,2026,6,HYUNDAI
HYNDAI,KONA H,GRY,2025,8,HYUNDAI
HYNDAI,KONA H,GRY,2026,6,HYUNDAI
HYNDAI,KONA H,OGE,2025,1,HYUNDAI
HYNDAI,KONA H,RED,2025,1,HYUNDAI
HYNDAI,KONA H,RED,2026,2,HYUNDAI
HYNDAI,KONA H,WHI,2025,8,HYUNDAI
HYNDAI,KONA H,WHI,2026,11,HYUNDAI
HYNDAI,KONA N,WHI,2026,2,HYUNDAI
HYNDAI,KONA P,GRN,2026,3,HYUNDAI
HYNDAI,KONA P,GRY,2025,1,HYUNDAI
HYNDAI,KONA P,GRY,2026,2,HYUNDAI
HYNDAI,KONA P,WHI,2025,1,HYUNDAI
HYNDAI,KONA P,WHI,2026,2,HYUNDAI
HYNDAI,NX4 V4,SIL,2026,2,HYUNDAI
HYNDAI,PALISA,BLK,2025,4,HYUNDAI
HYNDAI,PALISA,BLK,2026,1,HYUNDAI
HYNDAI,PALISA,BLU,2025,4,HYUNDAI
HYNDAI,PALISA,BLU,2026,2,HYUNDAI
HYNDAI,PALISA,BRN,2025,1,HYUNDAI
HYNDAI,PALISA,BRN,2026,3,HYUNDAI
HYNDAI,PALISA,GRN,2026,5,HYUNDAI
HYNDAI,PALISA,GRY,2025,2,HYUNDAI
HYNDAI,PALISA,GRY,2026,1,HYUNDAI
HYNDAI,PALISA,SIL,2025,1,HYUNDAI
HYNDAI,PALISA,SIL,2026,3,HYUNDAI
HYNDAI,PALISA,WHI,2025,3,HYUNDAI
HYNDAI,PALISA,WHI,2026,2,HYUNDAI
HYNDAI,QX V5 ,SIL,2025,1,HYUNDAI
HYNDAI,SANTA ,BLK,2025,15,HYUNDAI
HYNDAI,SANTA ,BLK,2026,13,HYUNDAI
HYNDAI,SANTA ,BLU,2025,2,HYUNDAI
HYNDAI,SANTA ,BLU,2026,7,HYUNDAI
HYNDAI,SANTA ,BRN,2026,2,HYUNDAI
HYNDAI,SANTA ,BRZ,2025,3,HYUNDAI
HYNDAI,SANTA ,BRZ,2026,4,HYUNDAI
HYNDAI,SANTA ,CRM,2025,1,HYUNDAI
HYNDAI,SANTA ,CRM,2026,1,HYUNDAI
HYNDAI,SANTA ,GRN,2026,7,HYUNDAI
HYNDAI,SANTA ,GRY,2025,11,HYUNDAI
HYNDAI,SANTA ,GRY,2026,19,HYUNDAI
HYNDAI,SANTA ,OGE,2026,1,HYUNDAI
HYNDAI,SANTA ,SIL,2025,1,HYUNDAI
HYNDAI,SANTA ,SIL,2026,10,HYUNDAI
HYNDAI,SANTA ,WHI,2025,15,HYUNDAI
HYNDAI,SANTA ,WHI,2026,36,HYUNDAI
HYNDAI,SANTE ,BLK,2025,1,HYUNDAI
HYNDAI,SANTE ,BLK,2026,3,HYUNDAI
HYNDAI,SANTE ,BLU,2025,1,HYUNDAI
HYNDAI,SANTE ,GRN,2026,1,HYUNDAI
HYNDAI,SANTE ,WHI,2025,1,HYUNDAI
HYNDAI,SANTE ,WHI,2026,1,HYUNDAI
HYNDAI,SONATA,BLU,2026,2,HYUNDAI
HYNDAI,SONATA,GRY,2025,1,HYUNDAI
HYNDAI,SONATA,GRY,2026,1,HYUNDAI
HYNDAI,SONATA,SIL,2025,2,HYUNDAI
HYNDAI,SONATA,WHI,2025,1,HYUNDAI
HYNDAI,STARIA,BLK,2026,1,HYUNDAI
HYNDAI,STARIA,SIL,2025,2,HYUNDAI
HYNDAI,STARIA,SIL,2026,3,HYUNDAI
HYNDAI,STARIA,WHI,2025,21,HYUNDAI
HYNDAI,STARIA,WHI,2026,49,HYUNDAI
HYNDAI,SX2 V2,WHI,2025,1,HYUNDAI
HYNDAI,SX2 V3,WHI,2025,1,HYUNDAI
HYNDAI,TIGGO ,BLK,2025,1,HYUNDAI
HYNDAI,TUCON ,SIL,2026,1,HYUNDAI
HYNDAI,TUCSO ,BLU,2025,1,HYUNDAI
HYNDAI,TUCSON,BLK,2025,9,HYUNDAI
HYNDAI,TUCSON,BLK,2026,29,HYUNDAI
HYNDAI,TUCSON,BLU,2025,8,HYUNDAI
HYNDAI,TUCSON,BLU,2026,35,HYUNDAI
HYNDAI,TUCSON,BRZ,2026,17,HYUNDAI
HYNDAI,TUCSON,CRM,2026,1,HYUNDAI
HYNDAI,TUCSON,GRN,2025,4,HYUNDAI
HYNDAI,TUCSON,GRN,2026,6,HYUNDAI
HYNDAI,TUCSON,GRY,2025,17,HYUNDAI
HYNDAI,TUCSON,GRY,2026,116,HYUNDAI
HYNDAI,TUCSON,RED,2025,1,HYUNDAI
HYNDAI,TUCSON,RED,2026,21,HYUNDAI
HYNDAI,TUCSON,SIL,2025,2,HYUNDAI
HYNDAI,TUCSON,SIL,2026,35,HYUNDAI
HYNDAI,TUCSON,WHI,2025,14,HYUNDAI
HYNDAI,TUCSON,WHI,2026,146,HYUNDAI
HYNDAI,TUCSUN,GRY,2026,1,HYUNDAI
HYNDAI,TUSCON,BLK,2026,3,HYUNDAI
HYNDAI,TUSCON,BLU,2025,1,HYUNDAI
HYNDAI,TUSCON,BRZ,2026,1,HYUNDAI
HYNDAI,TUSCON,GRN,2025,1,HYUNDAI
HYNDAI,TUSCON,GRY,2026,1,HYUNDAI
HYNDAI,TUSCON,SIL,2026,8,HYUNDAI
HYNDAI,TUSCON,WHI,2026,13,HYUNDAI
HYNDAI,VENUE ,BLK,2025,3,HYUNDAI
HYNDAI,VENUE ,BLU,2025,9,HYUNDAI
HYNDAI,VENUE ,BLU,2026,2,HYUNDAI
HYNDAI,VENUE ,GRY,2025,6,HYUNDAI
HYNDAI,VENUE ,GRY,2026,12,HYUNDAI
HYNDAI,VENUE ,RED,2025,4,HYUNDAI
HYNDAI,VENUE ,SIL,2025,6,HYUNDAI
HYNDAI,VENUE ,SIL,2026,5,HYUNDAI
HYNDAI,VENUE ,WHI,2025,39,HYUNDAI
HYNDAI,VENUE ,WHI,2026,26,HYUNDAI
HYSTER,J1.8XN,YLW,2026,1,HYSTER
INDIAN,101 SC,RED,2025,1,INDIAN
INDIAN,CHIEFT,BLK,2025,1,INDIAN
INDIAN,PURSUI,RED,2026,1,INDIAN
INDIAN,PURSUI,WHI,2026,1,INDIAN
INDIAN,ROADMA,RED,2026,1,INDIAN
INDIAN,SCOUT ,BLK,2025,1,INDIAN
INDIAN,SCOUT ,BLK,2026,4,INDIAN
INDIAN,SCOUT ,WHI,2025,1,INDIAN
INDIAN,SPORT ,BLK,2026,1,INDIAN
INDIAN,SUPER ,BLK,2025,1,INDIAN
INEOS ,GRENAD,BEI,2025,1,INEOS
INEOS ,GRENAD,BEI,2026,2,INEOS
INEOS ,GRENAD,BLK,2025,1,INEOS
INEOS ,GRENAD,BLK,2026,4,INEOS
INEOS ,GRENAD,BLU,2026,1,INEOS
INEOS ,GRENAD,GRN,2026,1,INEOS
INEOS ,GRENAD,GRY,2025,2,INEOS
INEOS ,GRENAD,GRY,2026,1,INEOS
INEOS ,GRENAD,RED,2026,1,INEOS
INEOS ,GRENAD,SIL,2026,1,INEOS
INEOS ,IGXX  ,CRM,2026,1,INEOS
INEOS ,IGXX  ,SIL,2026,1,INEOS
INEOS ,MY26 5,CRM,2026,1,INEOS
INEOS ,MY26 S,BLU,2026,1,INEOS
INEOS ,MY26 S,GRY,2026,1,INEOS
INEOS ,QMASTR,WHI,2026,1,INEOS
ISUZU ,      ,RED,2026,1,ISUZU
ISUZU ,4X4 XT,WHI,2025,1,ISUZU
ISUZU ,AMAROK,GRY,2025,1,ISUZU
ISUZU ,D MAX ,BLK,2025,1,ISUZU
ISUZU ,D MAX ,BLK,2026,1,ISUZU
ISUZU ,D MAX ,GRY,2025,5,ISUZU
ISUZU ,D MAX ,RED,2025,1,ISUZU
ISUZU ,D MAX ,SIL,2025,1,ISUZU
ISUZU ,D MAX ,WHI,2025,19,ISUZU
ISUZU ,D MAX ,WHI,2026,5,ISUZU
ISUZU ,DMAX  ,BLK,2025,10,ISUZU
ISUZU ,DMAX  ,BLK,2026,2,ISUZU
ISUZU ,DMAX  ,BLU,2025,11,ISUZU
ISUZU ,DMAX  ,BLU,2026,2,ISUZU
ISUZU ,DMAX  ,GRY,2025,38,ISUZU
ISUZU ,DMAX  ,GRY,2026,31,ISUZU
ISUZU ,DMAX  ,OGE,2025,5,ISUZU
ISUZU ,DMAX  ,OGE,2026,2,ISUZU
ISUZU ,DMAX  ,RED,2025,5,ISUZU
ISUZU ,DMAX  ,RED,2026,3,ISUZU
ISUZU ,DMAX  ,SIL,2025,16,ISUZU
ISUZU ,DMAX  ,SIL,2026,14,ISUZU
ISUZU ,DMAX  ,WHI,2025,110,ISUZU
ISUZU ,DMAX  ,WHI,2026,72,ISUZU
ISUZU ,DMAX 4,BLK,2025,1,ISUZU
ISUZU ,DMAX 4,BLK,2026,1,ISUZU
ISUZU ,DMAX 4,GRY,2025,2,ISUZU
ISUZU ,DMAX 4,GRY,2026,3,ISUZU
ISUZU ,DMAX 4,SIL,2025,3,ISUZU
ISUZU ,DMAX 4,WHI,2025,6,ISUZU
ISUZU ,DMAX 4,WHI,2026,4,ISUZU
ISUZU ,DMAX B,BLK,2026,1,ISUZU
ISUZU ,DMAX B,GRY,2026,1,ISUZU
ISUZU ,DMAX B,WHI,2025,1,ISUZU
ISUZU ,DMAX C,GRY,2025,1,ISUZU
ISUZU ,DMAX C,GRY,2026,2,ISUZU
ISUZU ,DMAX C,SIL,2026,1,ISUZU
ISUZU ,DMAX L,GRY,2025,1,ISUZU
ISUZU ,DMAX L,GRY,2026,2,ISUZU
ISUZU ,DMAX L,SIL,2025,1,ISUZU
ISUZU ,DMAX L,WHI,2025,1,ISUZU
ISUZU ,DMAX L,WHI,2026,1,ISUZU
ISUZU ,DMAX S,BLK,2025,2,ISUZU
ISUZU ,DMAX S,WHI,2025,11,ISUZU
ISUZU ,DMAX S,WHI,2026,12,ISUZU
ISUZU ,DMAX X,BLU,2025,1,ISUZU
ISUZU ,DMAX X,GRY,2025,1,ISUZU
ISUZU ,DMAX X,GRY,2026,1,ISUZU
ISUZU ,DMAX X,SIL,2025,1,ISUZU
ISUZU ,DMAX X,SIL,2026,2,ISUZU
ISUZU ,DMAX X,WHI,2025,1,ISUZU
ISUZU ,DMAX X,WHI,2026,3,ISUZU
ISUZU ,FH FYH,WHI,2025,1,ISUZU
ISUZU ,FRD   ,WHI,2025,1,ISUZU
ISUZU ,FRR   ,WHI,2025,3,ISUZU
ISUZU ,FRR 11,WHI,2025,7,ISUZU
ISUZU ,FRR 11,WHI,2026,1,ISUZU
ISUZU ,FSD   ,WHI,2025,1,ISUZU
ISUZU ,FSD 14,WHI,2025,1,ISUZU
ISUZU ,FSR   ,BRN,2025,4,ISUZU
ISUZU ,FSR   ,WHI,2025,1,ISUZU
ISUZU ,FSR 14,WHI,2025,3,ISUZU
ISUZU ,FVD   ,WHI,2025,1,ISUZU
ISUZU ,FVD 17,BLU,2025,3,ISUZU
ISUZU ,FVD 17,WHI,2025,1,ISUZU
ISUZU ,FVL   ,GRN,2025,1,ISUZU
ISUZU ,FVL   ,WHI,2025,6,ISUZU
ISUZU ,FVL   ,WHI,2026,1,ISUZU
ISUZU ,FVL 26,WHI,2025,3,ISUZU
ISUZU ,FVL 26,WHI,2026,1,ISUZU
ISUZU ,FVR 17,WHI,2025,2,ISUZU
ISUZU ,FVZ   ,WHI,2025,1,ISUZU
ISUZU ,FXL 26,WHI,2025,1,ISUZU
ISUZU ,FXY 24,WHI,2025,2,ISUZU
ISUZU ,FXY 26,WHI,2026,1,ISUZU
ISUZU ,FXZ 24,WHI,2025,1,ISUZU
ISUZU ,FXZ 26,WHI,2026,1,ISUZU
ISUZU ,FYJ   ,WHI,2025,5,ISUZU
ISUZU ,FYJ 30,WHI,2025,8,ISUZU
ISUZU ,FYJ 32,WHI,2025,1,ISUZU
ISUZU ,MU X  ,BLK,2025,2,ISUZU
ISUZU ,MU X  ,GRY,2025,1,ISUZU
ISUZU ,MU X  ,GRY,2026,3,ISUZU
ISUZU ,MU X  ,RED,2025,1,ISUZU
ISUZU ,MU X  ,SIL,2025,1,ISUZU
ISUZU ,MU X  ,WHI,2025,2,ISUZU
ISUZU ,MU X  ,WHI,2026,2,ISUZU
ISUZU ,MUX   ,BLK,2025,13,ISUZU
ISUZU ,MUX   ,BLK,2026,15,ISUZU
ISUZU ,MUX   ,BLU,2025,2,ISUZU
ISUZU ,MUX   ,BLU,2026,6,ISUZU
ISUZU ,MUX   ,GRY,2025,34,ISUZU
ISUZU ,MUX   ,GRY,2026,31,ISUZU
ISUZU ,MUX   ,RED,2025,6,ISUZU
ISUZU ,MUX   ,RED,2026,2,ISUZU
ISUZU ,MUX   ,SIL,2025,24,ISUZU
ISUZU ,MUX   ,SIL,2026,16,ISUZU
ISUZU ,MUX   ,WHI,2025,32,ISUZU
ISUZU ,MUX   ,WHI,2026,34,ISUZU
ISUZU ,MUX 4X,GRY,2025,1,ISUZU
ISUZU ,MUX 4X,SIL,2025,2,ISUZU
ISUZU ,MUX 4X,WHI,2025,1,ISUZU
ISUZU ,MUX LS,BLU,2025,1,ISUZU
ISUZU ,MUX LS,GRY,2026,1,ISUZU
ISUZU ,MUX LS,SIL,2025,2,ISUZU
ISUZU ,MUX LS,WHI,2025,5,ISUZU
ISUZU ,MUX LS,WHI,2026,7,ISUZU
ISUZU ,MUX XT,BLK,2025,1,ISUZU
ISUZU ,MUX XT,BLK,2026,2,ISUZU
ISUZU ,MUX XT,SIL,2026,2,ISUZU
ISUZU ,MUX XT,WHI,2025,2,ISUZU
ISUZU ,MUX XT,WHI,2026,1,ISUZU
ISUZU ,NH NP ,WHI,2025,1,ISUZU
ISUZU ,NLR   ,BLK,2026,1,ISUZU
ISUZU ,NLR   ,WHI,2025,3,ISUZU
ISUZU ,NLR   ,WHI,2026,6,ISUZU
ISUZU ,NLR   ,YLW,2026,2,ISUZU
ISUZU ,NLR 45,GRY,2026,1,ISUZU
ISUZU ,NLR 45,WHI,2026,3,ISUZU
ISUZU ,NLR45 ,WHI,2026,1,ISUZU
ISUZU ,NMR   ,WHI,2025,1,ISUZU
ISUZU ,NMR   ,WHI,2026,1,ISUZU
ISUZU ,NNR   ,WHI,2025,7,ISUZU
ISUZU ,NNR   ,WHI,2026,16,ISUZU
ISUZU ,NNR 45,WHI,2025,4,ISUZU
ISUZU ,NNR 45,WHI,2026,8,ISUZU
ISUZU ,NPR   ,SIL,2026,2,ISUZU
ISUZU ,NPR   ,WHI,2025,3,ISUZU
ISUZU ,NPR 45,WHI,2025,1,ISUZU
ISUZU ,NPR 65,WHI,2025,1,ISUZU
ISUZU ,NPR 65,WHI,2026,1,ISUZU
ISUZU ,NPR 70,WHI,2025,1,ISUZU
ISUZU ,NPR 75,WHI,2025,2,ISUZU
ISUZU ,NPR88U,WHI,2026,1,ISUZU
ISUZU ,NPS   ,WHI,2025,1,ISUZU
ISUZU ,NPS 75,WHI,2025,1,ISUZU
ISUZU ,NQR   ,WHI,2025,3,ISUZU
ISUZU ,NQR   ,WHI,2026,4,ISUZU
ISUZU ,NQR 88,WHI,2025,2,ISUZU
ISUZU ,NQR88 ,WHI,2025,1,ISUZU
ISUZU ,NQS 80,WHI,2026,1,ISUZU
ISUZU ,WAG DM,WHI,2026,1,ISUZU
IVECO ,50C21 ,WHI,2025,1,IVECO
IVECO ,70 21 ,SIL,2025,1,IVECO
IVECO ,70 C21,SIL,2026,2,IVECO
IVECO ,DAILY ,WHI,2025,5,IVECO
IVECO ,DAILY ,WHI,2026,1,IVECO
IVECO ,DAILY ,YLW,2025,1,IVECO
IVECO ,EUROCA,WHI,2025,2,IVECO
IVECO ,S WAY ,BLU,2025,2,IVECO
IVECO ,SWAY  ,WHI,2025,2,IVECO
J C B ,3CX CO,YLW,2026,1,JCB
J C B ,3CX PR,YLW,2026,2,JCB
J C B ,53260 ,YLW,2025,2,JCB
J C B ,54270 ,YLW,2025,2,JCB
J C B ,560-80,YLW,2026,1,JCB
J DEER,616R  ,GRN,2025,1,JOHN DEERE
J DEER,6M 155,GRN,2025,1,JOHN DEERE
J DEER,6M 200,GRN,2025,1,JOHN DEERE
J DEER,6M 250,GRN,2025,1,JOHN DEERE
J DEER,6M180 ,GRN,2026,1,JOHN DEERE
J DEER,6R 155,GRN,2025,1,JOHN DEERE
J DEER,6R 200,GRN,2025,1,JOHN DEERE
J DEER,85410 ,GRN,2025,1,JOHN DEERE
J DEER,8R 280,GRN,2025,1,JOHN DEERE
J DEER,8R 370,GRN,2025,1,JOHN DEERE
J DEER,8R370 ,GRN,2026,1,JOHN DEERE
JAC   ,HAVEN ,BLK,2025,1,JAC
JAC   ,J5  SU,WHI,2026,1,JAC
JAC   ,JAC T9,WHI,2025,1,JAC
JAC   ,T9    ,BLK,2025,1,JAC
JAC   ,T9    ,BLU,2025,1,JAC
JAC   ,T9    ,GRY,2025,1,JAC
JAC   ,T9    ,GRY,2026,1,JAC
JAC   ,T9    ,RED,2025,2,JAC
JAC   ,T9 HAV,BLK,2025,1,JAC
JACOB ,SLF1  ,OGE,2026,1,JACOBSEN
JAECOO,J5    ,BLK,2025,1,JAECOO
JAECOO,J5    ,BLK,2026,33,JAECOO
JAECOO,J5    ,BLU,2026,47,JAECOO
JAECOO,J5    ,GRY,2025,2,JAECOO
JAECOO,J5    ,GRY,2026,39,JAECOO
JAECOO,J5    ,WHI,2025,1,JAECOO
JAECOO,J5    ,WHI,2026,39,JAECOO
JAECOO,J5  SU,BLK,2026,3,JAECOO
JAECOO,J5  SU,BLU,2026,2,JAECOO
JAECOO,J5  SU,GRY,2026,2,JAECOO
JAECOO,J5  SU,WHI,2026,10,JAECOO
JAECOO,J5 BEV,BLK,2026,2,JAECOO
JAECOO,J5 BEV,BLU,2026,7,JAECOO
JAECOO,J5 BEV,GRY,2026,2,JAECOO
JAECOO,J5 BEV,WHI,2026,9,JAECOO
JAECOO,J5 EV ,BLK,2026,6,JAECOO
JAECOO,J5 EV ,BLU,2026,4,JAECOO
JAECOO,J5 EV ,GRY,2026,5,JAECOO
JAECOO,J5 EV ,WHI,2026,5,JAECOO
JAECOO,J5 SUM,BLK,2026,10,JAECOO
JAECOO,J5 SUM,BLU,2026,18,JAECOO
JAECOO,J5 SUM,GRY,2026,12,JAECOO
JAECOO,J5 SUM,WHI,2026,13,JAECOO
JAECOO,J54 BE,GRY,2026,1,JAECOO
JAECOO,J7    ,BLK,2025,18,JAECOO
JAECOO,J7    ,BLK,2026,4,JAECOO
JAECOO,J7    ,BLU,2025,6,JAECOO
JAECOO,J7    ,GRN,2025,9,JAECOO
JAECOO,J7    ,GRN,2026,2,JAECOO
JAECOO,J7    ,SIL,2025,15,JAECOO
JAECOO,J7    ,SIL,2026,3,JAECOO
JAECOO,J7    ,WHI,2025,17,JAECOO
JAECOO,J7    ,WHI,2026,5,JAECOO
JAECOO,J7 RID,BLK,2025,2,JAECOO
JAECOO,J7 RID,BLU,2025,1,JAECOO
JAECOO,J7 RID,GRN,2025,1,JAECOO
JAECOO,J7 RID,WHI,2025,2,JAECOO
JAECOO,J7 RID,WHI,2026,1,JAECOO
JAECOO,J7 SHS,BLK,2026,1,JAECOO
JAECOO,J7 SUM,BLK,2025,8,JAECOO
JAECOO,J7 SUM,BLK,2026,2,JAECOO
JAECOO,J7 SUM,BLU,2025,1,JAECOO
JAECOO,J7 SUM,GRN,2025,4,JAECOO
JAECOO,J7 SUM,GRN,2026,1,JAECOO
JAECOO,J7 SUM,SIL,2025,5,JAECOO
JAECOO,J7 SUM,WHI,2025,5,JAECOO
JAECOO,J7 SUM,WHI,2026,1,JAECOO
JAECOO,J7 TRA,BLK,2025,1,JAECOO
JAECOO,J7 TRA,BLK,2026,2,JAECOO
JAECOO,J7 TRA,BLU,2025,1,JAECOO
JAECOO,J7 TRA,GRN,2025,2,JAECOO
JAECOO,J7 TRA,GRN,2026,5,JAECOO
JAECOO,J7 TRA,SIL,2025,1,JAECOO
JAECOO,J7 TRA,WHI,2025,1,JAECOO
JAECOO,J7 TRA,WHI,2026,2,JAECOO
JAECOO,J8    ,BLK,2025,2,JAECOO
JAECOO,J8    ,BLU,2025,3,JAECOO
JAECOO,J8    ,SIL,2025,2,JAECOO
JAECOO,J8    ,WHI,2025,3,JAECOO
JAECOO,J8    ,WHI,2026,1,JAECOO
JAECOO,J8 RID,BLK,2025,2,JAECOO
JAECOO,J8 RID,BLU,2025,1,JAECOO
JAECOO,J8 RID,SIL,2025,1,JAECOO
JAECOO,J8 RID,WHI,2025,1,JAECOO
JAECOO,JAECOO,BLK,2025,1,JAECOO
JAECOO,JAECOO,GRN,2025,1,JAECOO
JAECOO,JAECOO,GRY,2026,1,JAECOO
JAECOO,MY25 J,GRN,2025,1,JAECOO
JAECOO,MY25 O,GRY,2025,1,JAECOO
JAECOO,OMODA ,BLK,2025,1,JAECOO
JAECOO,OMODA ,GRY,2025,3,JAECOO
JAECOO,OMODA ,WHI,2025,2,JAECOO
JEEP  ,COMPAS,BLK,2026,1,JEEP
JEEP  ,COMPAS,GRN,2025,4,JEEP
JEEP  ,GLADIA,BLK,2025,1,JEEP
JEEP  ,GLADIA,GRY,2026,1,JEEP
JEEP  ,GLADIA,WHI,2026,2,JEEP
JEEP  ,RUBICO,GRY,2026,1,JEEP
JEEP  ,WRANGL,BLK,2025,2,JEEP
JEEP  ,WRANGL,BLK,2026,1,JEEP
JEEP  ,WRANGL,BLU,2026,1,JEEP
JEEP  ,WRANGL,GRY,2026,3,JEEP
K T M ,1390 S,BLK,2026,1,KTM
K T M ,1390 S,WHI,2026,1,KTM
K T M ,1390AD,BLU,2025,1,KTM
K T M ,1390AD,OGE,2025,1,KTM
K T M ,1390AD,OGE,2026,1,KTM
K T M ,1390SD,BLK,2025,1,KTM
K T M ,250 EX,OGE,2025,1,KTM
K T M ,300 EX,OGE,2025,3,KTM
K T M ,300EXC,OGE,2025,6,KTM
K T M ,300EXC,OGE,2026,4,KTM
K T M ,350 EX,OGE,2025,1,KTM
K T M ,350 EX,WHI,2025,1,KTM
K T M ,350EXC,OGE,2025,2,KTM
K T M ,35EXCF,OGE,2025,1,KTM
K T M ,390ADV,OGE,2025,2,KTM
K T M ,390ADV,OGE,2026,1,KTM
K T M ,390ADV,WHI,2025,2,KTM
K T M ,390ADV,WHI,2026,1,KTM
K T M ,390DUK,BLU,2025,1,KTM
K T M ,390END,OGE,2025,1,KTM
K T M ,400SX ,OGE,2026,1,KTM
K T M ,450EXC,OGE,2025,3,KTM
K T M ,45EXCF,OGE,2025,2,KTM
K T M ,45EXCF,WHI,2025,1,KTM
K T M ,500EXC,OGE,2025,1,KTM
K T M ,500EXC,OGE,2026,1,KTM
K T M ,990 RC,BLK,2026,1,KTM
K T M ,DK390 ,BLU,2025,1,KTM
KAWASA,EL450A,RED,2025,1,KAWASAKI
KAWASA,EL450A,RED,2026,1,KAWASAKI
KAWASA,EN650B,BLK,2025,2,KAWASAKI
KAWASA,EN650B,BLK,2026,1,KAWASAKI
KAWASA,EN650B,BLU,2025,1,KAWASAKI
KAWASA,EN650B,GRY,2025,4,KAWASAKI
KAWASA,EN650B,SIL,2025,1,KAWASAKI
KAWASA,EN650D,BLK,2026,1,KAWASAKI
KAWASA,ER500E,GRN,2025,1,KAWASAKI
KAWASA,ER500F,BLK,2026,2,KAWASAKI
KAWASA,ER500F,GRN,2025,1,KAWASAKI
KAWASA,ER65ML,GRY,2025,1,KAWASAKI
KAWASA,ER65SL,BLK,2025,1,KAWASAKI
KAWASA,ER6NLA,BLK,2025,1,KAWASAKI
KAWASA,EX400G,BLK,2026,2,KAWASAKI
KAWASA,EX500G,BLK,2026,14,KAWASAKI
KAWASA,EX500G,GRN,2025,3,KAWASAKI
KAWASA,EX500G,WHI,2025,3,KAWASAKI
KAWASA,EX500G,WHI,2026,7,KAWASAKI
KAWASA,EX500J,BLK,2026,1,KAWASAKI
KAWASA,EX650L,GRN,2026,3,KAWASAKI
KAWASA,EX650S,GRN,2025,1,KAWASAKI
KAWASA,KAF700,GRN,2026,1,KAWASAKI
KAWASA,KL650 ,BLK,2025,1,KAWASAKI
KAWASA,KL650E,GRN,2026,1,KAWASAKI
KAWASA,KLR650,GRN,2025,1,KAWASAKI
KAWASA,KLX150,BLK,2025,2,KAWASAKI
KAWASA,KLX150,BLK,2026,1,KAWASAKI
KAWASA,KLX250,GRN,2025,1,KAWASAKI
KAWASA,KLX300,GRN,2026,2,KAWASAKI
KAWASA,KX    ,GRN,2026,1,KAWASAKI
KAWASA,KX250 ,GRN,2025,1,KAWASAKI
KAWASA,KX250F,GRN,2025,1,KAWASAKI
KAWASA,KX250X,GRN,2026,1,KAWASAKI
KAWASA,KX252F,GRN,2025,1,KAWASAKI
KAWASA,KX450 ,GRN,2025,1,KAWASAKI
KAWASA,LX300H,GRN,2026,1,KAWASAKI
KAWASA,MUCE  ,GLD,2025,1,KAWASAKI
KAWASA,RS900C,BLU,2026,1,KAWASAKI
KAWASA,Z900  ,GRY,2026,1,KAWASAKI
KAWASA,Z900 S,GRN,2025,1,KAWASAKI
KAWASA,Z900 S,WHI,2025,1,KAWASAKI
KAWASA,Z900RS,BLK,2025,1,KAWASAKI
KAWASA,Z900RS,BLK,2026,1,KAWASAKI
KAWASA,Z900RS,MRN,2026,1,KAWASAKI
KAWASA,Z900RS,RED,2025,1,KAWASAKI
KAWASA,ZR902A,RED,2025,1,KAWASAKI
KAWASA,ZX10R ,GRN,2025,3,KAWASAKI
KAWASA,ZX1100,GRN,2026,2,KAWASAKI
KAWASA,ZX636 ,BLK,2025,1,KAWASAKI
KAWASA,ZX6R  ,GRY,2026,1,KAWASAKI
KENWTH,K220  ,BLU,2025,2,KENWORTH
KENWTH,K220  ,WHI,2026,1,KENWORTH
KENWTH,T320A ,WHI,2025,1,KENWORTH
KENWTH,T360A ,WHI,2025,4,KENWORTH
KENWTH,T360A ,YLW,2025,2,KENWORTH
KENWTH,T410  ,RED,2025,2,KENWORTH
KENWTH,T410SA,WHI,2025,1,KENWORTH
KENWTH,T420SA,WHI,2025,1,KENWORTH
KENWTH,T610SA,WHI,2025,1,KENWORTH
KENWTH,T620  ,WHI,2025,1,KENWORTH
KENWTH,T620  ,WHI,2026,1,KENWORTH
KENWTH,T620SA,BLU,2025,1,KENWORTH
KENWTH,T620SA,WHI,2025,2,KENWORTH
KENWTH,T620SA,WHI,2026,1,KENWORTH
KENWTH,T659  ,WHI,2025,4,KENWORTH
KENWTH,T909  ,BLK,2025,1,KENWORTH
KENWTH,T909  ,BLU,2025,2,KENWORTH
KENWTH,T909  ,WHI,2025,6,KENWORTH
KGM   ,ACTYON,BEI,2025,1,KGM
KGM   ,ACTYON,BLK,2025,1,KGM
KGM   ,ACTYON,CRM,2025,2,KGM
KGM   ,ACTYON,GLD,2025,1,KGM
KGM   ,ACTYON,GRN,2026,1,KGM
KGM   ,ACTYON,GRY,2025,1,KGM
KGM   ,ACTYON,WHI,2025,2,KGM
KGM   ,MUSSO ,BLK,2025,5,KGM
KGM   ,MUSSO ,BLK,2026,2,KGM
KGM   ,MUSSO ,BLU,2025,1,KGM
KGM   ,MUSSO ,BLU,2026,2,KGM
KGM   ,MUSSO ,GLD,2026,3,KGM
KGM   ,MUSSO ,GRN,2025,4,KGM
KGM   ,MUSSO ,GRY,2025,6,KGM
KGM   ,MUSSO ,GRY,2026,2,KGM
KGM   ,MUSSO ,WHI,2025,3,KGM
KGM   ,MUSSO ,WHI,2026,3,KGM
KGM   ,REXTON,BLK,2025,1,KGM
KGM   ,REXTON,GRY,2025,1,KGM
KGM   ,REXTON,GRY,2026,2,KGM
KGM   ,REXTON,WHI,2025,2,KGM
KGM   ,REXTON,WHI,2026,2,KGM
KGM   ,TORRES,BLU,2025,1,KGM
KIA   ,2026  ,WHI,2026,1,KIA
KIA   ,CAR   ,BLK,2025,1,KIA
KIA   ,CARNIV,BLK,2025,6,KIA
KIA   ,CARNIV,BLK,2026,17,KIA
KIA   ,CARNIV,BLU,2025,2,KIA
KIA   ,CARNIV,BLU,2026,27,KIA
KIA   ,CARNIV,GRY,2025,13,KIA
KIA   ,CARNIV,GRY,2026,94,KIA
KIA   ,CARNIV,RED,2026,9,KIA
KIA   ,CARNIV,SIL,2025,2,KIA
KIA   ,CARNIV,SIL,2026,3,KIA
KIA   ,CARNIV,WHI,2025,17,KIA
KIA   ,CARNIV,WHI,2026,64,KIA
KIA   ,CL4M K,GRY,2025,4,KIA
KIA   ,CL4M K,GRY,2026,1,KIA
KIA   ,CL4M K,WHI,2026,1,KIA
KIA   ,EV3   ,BLK,2025,9,KIA
KIA   ,EV3   ,BLU,2025,4,KIA
KIA   ,EV3   ,GRN,2025,5,KIA
KIA   ,EV3   ,GRN,2026,7,KIA
KIA   ,EV3   ,GRY,2025,18,KIA
KIA   ,EV3   ,GRY,2026,2,KIA
KIA   ,EV3   ,OGE,2025,6,KIA
KIA   ,EV3   ,RED,2025,2,KIA
KIA   ,EV3   ,SIL,2025,9,KIA
KIA   ,EV3   ,SIL,2026,2,KIA
KIA   ,EV3   ,WHI,2025,23,KIA
KIA   ,EV3   ,WHI,2026,19,KIA
KIA   ,EV3 EA,GRY,2025,1,KIA
KIA   ,EV3 GT,GRY,2025,1,KIA
KIA   ,EV4   ,BLK,2025,1,KIA
KIA   ,EV4   ,BLK,2026,1,KIA
KIA   ,EV4   ,BLU,2025,2,KIA
KIA   ,EV4   ,BLU,2026,1,KIA
KIA   ,EV4   ,GRY,2025,1,KIA
KIA   ,EV4   ,GRY,2026,1,KIA
KIA   ,EV4   ,SIL,2026,2,KIA
KIA   ,EV4   ,WHI,2025,3,KIA
KIA   ,EV4   ,WHI,2026,1,KIA
KIA   ,EV4 AI,WHI,2025,1,KIA
KIA   ,EV4 CT,BLU,2026,1,KIA
KIA   ,EV4 EA,WHI,2026,1,KIA
KIA   ,EV5   ,BLK,2025,17,KIA
KIA   ,EV5   ,BLU,2025,31,KIA
KIA   ,EV5   ,BLU,2026,3,KIA
KIA   ,EV5   ,GRN,2025,13,KIA
KIA   ,EV5   ,GRN,2026,1,KIA
KIA   ,EV5   ,GRY,2025,18,KIA
KIA   ,EV5   ,GRY,2026,2,KIA
KIA   ,EV5   ,RED,2025,5,KIA
KIA   ,EV5   ,WHI,2025,43,KIA
KIA   ,EV5   ,WHI,2026,9,KIA
KIA   ,EV5 AI,GRN,2025,1,KIA
KIA   ,EV5 AI,WHI,2025,2,KIA
KIA   ,EV5 EA,BLU,2025,2,KIA
KIA   ,EV5 EA,WHI,2026,1,KIA
KIA   ,EV5 GT,GRY,2025,2,KIA
KIA   ,EV5 OV,BLK,2025,1,KIA
KIA   ,EV5 OV,WHI,2025,1,KIA
KIA   ,EV6   ,WHI,2025,3,KIA
KIA   ,EV9   ,GRN,2026,1,KIA
KIA   ,K4    ,BLK,2025,13,KIA
KIA   ,K4    ,BLK,2026,4,KIA
KIA   ,K4    ,BLU,2025,31,KIA
KIA   ,K4    ,BLU,2026,8,KIA
KIA   ,K4    ,GLD,2025,2,KIA
KIA   ,K4    ,GRN,2025,5,KIA
KIA   ,K4    ,GRN,2026,9,KIA
KIA   ,K4    ,GRY,2025,39,KIA
KIA   ,K4    ,GRY,2026,23,KIA
KIA   ,K4    ,RED,2025,17,KIA
KIA   ,K4    ,RED,2026,7,KIA
KIA   ,K4    ,TUR,2025,1,KIA
KIA   ,K4    ,WHI,2025,95,KIA
KIA   ,K4    ,WHI,2026,27,KIA
KIA   ,K4    ,YLW,2025,4,KIA
KIA   ,K4    ,YLW,2026,1,KIA
KIA   ,K4 GT ,GRY,2025,2,KIA
KIA   ,K4 GT ,WHI,2025,1,KIA
KIA   ,K4 SPO,GRY,2026,1,KIA
KIA   ,KA    ,WHI,2026,1,KIA
KIA   ,KA4 CA,BLU,2026,2,KIA
KIA   ,KA4 CA,GRY,2026,3,KIA
KIA   ,MQ4 PE,WHI,2025,1,KIA
KIA   ,MQ4 PE,WHI,2026,2,KIA
KIA   ,PICANT,BEI,2025,2,KIA
KIA   ,PICANT,BEI,2026,4,KIA
KIA   ,PICANT,BLK,2025,6,KIA
KIA   ,PICANT,BLK,2026,11,KIA
KIA   ,PICANT,CRM,2025,1,KIA
KIA   ,PICANT,GRN,2025,7,KIA
KIA   ,PICANT,GRN,2026,24,KIA
KIA   ,PICANT,GRY,2025,13,KIA
KIA   ,PICANT,GRY,2026,9,KIA
KIA   ,PICANT,RED,2025,4,KIA
KIA   ,PICANT,RED,2026,7,KIA
KIA   ,PICANT,SIL,2025,7,KIA
KIA   ,PICANT,SIL,2026,4,KIA
KIA   ,PICANT,WHI,2025,14,KIA
KIA   ,PICANT,WHI,2026,28,KIA
KIA   ,SELTO ,BLU,2026,1,KIA
KIA   ,SELTOS,BLK,2025,13,KIA
KIA   ,SELTOS,BLK,2026,6,KIA
KIA   ,SELTOS,BLU,2025,20,KIA
KIA   ,SELTOS,BLU,2026,21,KIA
KIA   ,SELTOS,GRY,2025,18,KIA
KIA   ,SELTOS,GRY,2026,43,KIA
KIA   ,SELTOS,OGE,2025,2,KIA
KIA   ,SELTOS,OGE,2026,9,KIA
KIA   ,SELTOS,WHI,2025,20,KIA
KIA   ,SELTOS,WHI,2026,66,KIA
KIA   ,SELTS ,WHI,2026,1,KIA
KIA   ,SETOS ,GRY,2025,1,KIA
KIA   ,SORENT,BLK,2025,3,KIA
KIA   ,SORENT,BLK,2026,17,KIA
KIA   ,SORENT,BLU,2025,8,KIA
KIA   ,SORENT,BLU,2026,8,KIA
KIA   ,SORENT,BRN,2025,2,KIA
KIA   ,SORENT,BRN,2026,3,KIA
KIA   ,SORENT,GRN,2025,2,KIA
KIA   ,SORENT,GRN,2026,4,KIA
KIA   ,SORENT,GRY,2025,18,KIA
KIA   ,SORENT,GRY,2026,15,KIA
KIA   ,SORENT,SIL,2025,4,KIA
KIA   ,SORENT,WHI,2025,52,KIA
KIA   ,SORENT,WHI,2026,21,KIA
KIA   ,SORNTO,GRY,2025,1,KIA
KIA   ,SORREN,BLK,2026,1,KIA
KIA   ,SORREN,BLU,2026,1,KIA
KIA   ,SP2 SE,GRY,2025,1,KIA
KIA   ,SPORT ,GRN,2026,1,KIA
KIA   ,SPORTA,BLK,2025,21,KIA
KIA   ,SPORTA,BLK,2026,21,KIA
KIA   ,SPORTA,BLU,2025,13,KIA
KIA   ,SPORTA,BLU,2026,44,KIA
KIA   ,SPORTA,GRN,2025,15,KIA
KIA   ,SPORTA,GRN,2026,34,KIA
KIA   ,SPORTA,GRY,2025,39,KIA
KIA   ,SPORTA,GRY,2026,102,KIA
KIA   ,SPORTA,WHI,2025,49,KIA
KIA   ,SPORTA,WHI,2026,69,KIA
KIA   ,STONIC,BLK,2025,3,KIA
KIA   ,STONIC,BLK,2026,7,KIA
KIA   ,STONIC,BLU,2025,8,KIA
KIA   ,STONIC,BLU,2026,17,KIA
KIA   ,STONIC,GRN,2025,3,KIA
KIA   ,STONIC,GRN,2026,10,KIA
KIA   ,STONIC,GRY,2025,6,KIA
KIA   ,STONIC,GRY,2026,12,KIA
KIA   ,STONIC,RED,2025,3,KIA
KIA   ,STONIC,RED,2026,7,KIA
KIA   ,STONIC,SIL,2025,6,KIA
KIA   ,STONIC,SIL,2026,8,KIA
KIA   ,STONIC,WHI,2025,30,KIA
KIA   ,STONIC,WHI,2026,38,KIA
KIA   ,TASMAN,BEI,2025,7,KIA
KIA   ,TASMAN,BLK,2025,14,KIA
KIA   ,TASMAN,BLK,2026,2,KIA
KIA   ,TASMAN,BLU,2025,1,KIA
KIA   ,TASMAN,GRN,2025,4,KIA
KIA   ,TASMAN,GRY,2025,29,KIA
KIA   ,TASMAN,GRY,2026,1,KIA
KIA   ,TASMAN,RED,2025,3,KIA
KIA   ,TASMAN,TAN,2025,1,KIA
KIA   ,TASMAN,WHI,2025,28,KIA
KIA   ,TASMAN,WHI,2026,4,KIA
KIA   ,TK    ,BEI,2025,1,KIA
KIA   ,TK TAS,BLK,2025,2,KIA
KIA   ,TK TAS,GRN,2025,1,KIA
KIA   ,TK TAS,GRY,2026,4,KIA
KIOTI ,      ,OGE,2026,1,KIOTI
KIOTI ,DK5820,OGE,2026,1,KIOTI
KIOTI ,K92400,OGE,2025,1,KIOTI
KIOTI ,RX6030,OGE,2026,1,KIOTI
KIOTI ,RX8030,OGE,2025,1,KIOTI
KOBELC,SK140 ,BLU,2026,1,KOBELCO
KOMATS,PC240 ,YLW,2026,1,KOMATSU
KOMATS,PC55MR,YLW,2025,1,KOMATSU
KOMATS,WA475 ,YLW,2026,1,KOMATSU
KTM   ,2T-EXC,OGE,2025,1,KTM
KUBOTA,F3690 ,OGE,2026,1,KUBOTA
KUBOTA,HVX900,OGE,2026,1,KUBOTA
KUBOTA,KX0184,OGE,2026,1,KUBOTA
KUBOTA,L3800H,OGE,2026,1,KUBOTA
KUBOTA,L4600D,OGE,2026,1,KUBOTA
KUBOTA,L5740H,OGE,2026,1,KUBOTA
KUBOTA,M110GX,OGE,2026,1,KUBOTA
KUBOTA,M5111D,OGE,2025,1,KUBOTA
KUBOTA,M7040 ,OGE,2026,1,KUBOTA
KUBOTA,M7040S,OGE,2025,1,KUBOTA
KUBOTA,M8540 ,OGE,2025,1,KUBOTA
KUBOTA,M8540 ,RED,2026,1,KUBOTA
KUBOTA,M9540 ,OGE,2025,1,KUBOTA
KUBOTA,RTV X2,OGE,2026,1,KUBOTA
KUBOTA,RTVX  ,OGE,2025,1,KUBOTA
KUBOTA,RTVX11,OGE,2025,1,KUBOTA
KUBOTA,RTVX2S,OGE,2026,1,KUBOTA
KUBOTA,U17-5 ,OGE,2026,1,KUBOTA
KUBOTA,U274HG,OGE,2026,1,KUBOTA
KUBOTA,X1120 ,OGE,2026,1,KUBOTA
KUBOTA,X900  ,OGE,2025,1,KUBOTA
KYMCO ,AGILIT,WHI,2025,1,KYMCO
KYMCO ,LIKE 1,BLK,2026,1,KYMCO
KYMCO ,LIKE12,BLK,2025,1,KYMCO
KYMCO ,LIKE12,RED,2026,1,KYMCO
KYMCO ,LIKE12,YLW,2025,1,KYMCO
L ROV ,DEF   ,WHI,2025,1,LAND ROVER
L ROV ,DEF 11,BLK,2026,1,LAND ROVER
L ROV ,DEF 11,GRY,2026,1,LAND ROVER
L ROV ,DEF 13,BLK,2026,1,LAND ROVER
L ROV ,DEF 90,BLK,2026,1,LAND ROVER
L ROV ,DEF 90,GRN,2026,1,LAND ROVER
L ROV ,DEF110,BLK,2026,1,LAND ROVER
L ROV ,DEF110,GRY,2026,1,LAND ROVER
L ROV ,DEF130,BLK,2026,1,LAND ROVER
L ROV ,DEFEDE,BLK,2026,1,LAND ROVER
L ROV ,DEFEND,BEI,2026,2,LAND ROVER
L ROV ,DEFEND,BLK,2025,6,LAND ROVER
L ROV ,DEFEND,BLK,2026,37,LAND ROVER
L ROV ,DEFEND,BLU,2026,1,LAND ROVER
L ROV ,DEFEND,BRZ,2026,4,LAND ROVER
L ROV ,DEFEND,FWN,2026,1,LAND ROVER
L ROV ,DEFEND,GLD,2026,2,LAND ROVER
L ROV ,DEFEND,GRN,2026,33,LAND ROVER
L ROV ,DEFEND,GRY,2025,5,LAND ROVER
L ROV ,DEFEND,GRY,2026,31,LAND ROVER
L ROV ,DEFEND,WHI,2025,6,LAND ROVER
L ROV ,DEFEND,WHI,2026,8,LAND ROVER
L ROV ,DEFEND,YLW,2026,3,LAND ROVER
L ROV ,DISCOV,BLK,2025,3,LAND ROVER
L ROV ,DISCOV,BLK,2026,2,LAND ROVER
L ROV ,DISCOV,GRY,2025,5,LAND ROVER
L ROV ,DISCOV,GRY,2026,3,LAND ROVER
L ROV ,DISCOV,RED,2026,1,LAND ROVER
L ROV ,DISCOV,SIL,2026,1,LAND ROVER
L ROV ,DISCOV,WHI,2025,1,LAND ROVER
L ROV ,DISCOV,WHI,2026,1,LAND ROVER
L ROV ,EVOQUE,BLU,2026,1,LAND ROVER
L ROV ,RAGE R,BLK,2026,1,LAND ROVER
L ROV ,RANE R,BLK,2026,1,LAND ROVER
L ROV ,RANGE ,BLK,2025,10,LAND ROVER
L ROV ,RANGE ,BLK,2026,19,LAND ROVER
L ROV ,RANGE ,BLU,2026,9,LAND ROVER
L ROV ,RANGE ,BRZ,2026,2,LAND ROVER
L ROV ,RANGE ,GRN,2025,1,LAND ROVER
L ROV ,RANGE ,GRN,2026,1,LAND ROVER
L ROV ,RANGE ,GRY,2025,5,LAND ROVER
L ROV ,RANGE ,GRY,2026,17,LAND ROVER
L ROV ,RANGE ,SIL,2026,1,LAND ROVER
L ROV ,RANGE ,WHI,2025,6,LAND ROVER
L ROV ,RANGE ,WHI,2026,7,LAND ROVER
L ROV ,RRS   ,BLK,2026,1,LAND ROVER
L ROV ,RRSPOR,BLK,2026,1,LAND ROVER
L ROV ,VELAR ,BLK,2026,1,LAND ROVER
L ROV ,VELAR ,WHI,2026,1,LAND ROVER
LAMB G,TEMARA,GRY,2026,1,LAMBORGHINI
LAMB G,URUS  ,BLK,2025,1,LAMBORGHINI
LAMBR ,G350  ,RED,2025,1,LAMBORGHINI
LAMBR ,X300  ,CRM,2026,1,LAMBORGHINI
LAMBR ,X300  ,RED,2025,1,LAMBORGHINI
LANDIN,110HC ,BLU,2026,1,LANDINI
LDV   ,1500 L,BLK,2025,1,LDV
LDV   ,D90   ,BLK,2025,7,LDV
LDV   ,D90   ,BLK,2026,4,LDV
LDV   ,D90   ,GRN,2025,7,LDV
LDV   ,D90   ,GRN,2026,6,LDV
LDV   ,D90   ,GRY,2025,11,LDV
LDV   ,D90   ,GRY,2026,11,LDV
LDV   ,D90   ,WHI,2025,13,LDV
LDV   ,D90   ,WHI,2026,11,LDV
LDV   ,D90 2W,GRY,2026,1,LDV
LDV   ,D90 2W,WHI,2026,1,LDV
LDV   ,D90 4W,BLK,2025,1,LDV
LDV   ,D90 4W,GRY,2026,1,LDV
LDV   ,D90 EX,GRN,2025,1,LDV
LDV   ,D90 EX,WHI,2025,1,LDV
LDV   ,D90 MO,WHI,2026,2,LDV
LDV   ,D90 PE,GRY,2025,1,LDV
LDV   ,DEL 9 ,WHI,2025,1,LDV
LDV   ,DEL 9 ,WHI,2026,1,LDV
LDV   ,DELIVE,BLK,2026,1,LDV
LDV   ,DELIVE,WHI,2025,33,LDV
LDV   ,DELIVE,WHI,2026,50,LDV
LDV   ,DL9   ,WHI,2026,1,LDV
LDV   ,G10   ,BLK,2025,2,LDV
LDV   ,G10   ,BLK,2026,3,LDV
LDV   ,G10   ,WHI,2025,18,LDV
LDV   ,G10   ,WHI,2026,14,LDV
LDV   ,G10 PL,WHI,2025,1,LDV
LDV   ,G10 PL,WHI,2026,2,LDV
LDV   ,G10 VA,WHI,2025,1,LDV
LDV   ,SV63D ,WHI,2026,1,LDV
LDV   ,T60   ,BLK,2025,4,LDV
LDV   ,T60   ,BLK,2026,3,LDV
LDV   ,T60   ,BLU,2025,3,LDV
LDV   ,T60   ,BLU,2026,1,LDV
LDV   ,T60   ,GRY,2025,8,LDV
LDV   ,T60   ,GRY,2026,6,LDV
LDV   ,T60   ,WHI,2025,6,LDV
LDV   ,T60   ,WHI,2026,10,LDV
LDV   ,T60 MA,BLK,2026,1,LDV
LDV   ,T60 MA,BLU,2025,2,LDV
LDV   ,T60 MA,BLU,2026,1,LDV
LDV   ,T60 MA,GRY,2026,1,LDV
LDV   ,T60 MA,WHI,2025,2,LDV
LDV   ,TERRON,BLK,2025,6,LDV
LDV   ,TERRON,BLK,2026,2,LDV
LDV   ,TERRON,BLU,2025,2,LDV
LDV   ,TERRON,GRN,2025,1,LDV
LDV   ,TERRON,GRY,2025,1,LDV
LDV   ,TERRON,GRY,2026,1,LDV
LDV   ,TERRON,WHI,2025,7,LDV
LDV   ,TERRON,WHI,2026,3,LDV
LDV   ,TERRON,YLW,2025,3,LDV
LEAPM ,B10   ,BLK,2026,2,LEAPMOTOR
LEAPM ,B10   ,BLU,2025,1,LEAPMOTOR
LEAPM ,B10   ,BLU,2026,5,LEAPMOTOR
LEAPM ,B10   ,GRY,2025,1,LEAPMOTOR
LEAPM ,B10   ,GRY,2026,4,LEAPMOTOR
LEAPM ,B10   ,PUR,2025,2,LEAPMOTOR
LEAPM ,B10   ,PUR,2026,4,LEAPMOTOR
LEAPM ,B10   ,SIL,2026,4,LEAPMOTOR
LEAPM ,B10   ,WHI,2025,1,LEAPMOTOR
LEAPM ,B10   ,WHI,2026,8,LEAPMOTOR
LEAPM ,B10 DE,BLK,2026,3,LEAPMOTOR
LEAPM ,B10 DE,BLU,2026,1,LEAPMOTOR
LEAPM ,B10 DE,WHI,2026,1,LEAPMOTOR
LEAPM ,B10 ST,BLK,2025,1,LEAPMOTOR
LEAPM ,B10 ST,BLU,2026,1,LEAPMOTOR
LEAPM ,B10 ST,PUR,2026,1,LEAPMOTOR
LEAPM ,B10 ST,WHI,2026,1,LEAPMOTOR
LEAPM ,C10   ,BLK,2025,2,LEAPMOTOR
LEAPM ,C10   ,BLK,2026,4,LEAPMOTOR
LEAPM ,C10   ,GRN,2025,1,LEAPMOTOR
LEAPM ,C10   ,GRN,2026,2,LEAPMOTOR
LEAPM ,C10   ,GRY,2025,1,LEAPMOTOR
LEAPM ,C10   ,GRY,2026,3,LEAPMOTOR
LEAPM ,C10   ,WHI,2026,2,LEAPMOTOR
LEAPM ,C10 DE,BLK,2025,1,LEAPMOTOR
LEAPM ,C10 DE,WHI,2025,1,LEAPMOTOR
LEAPM ,C10 DE,WHI,2026,1,LEAPMOTOR
LEAPM ,C10 ST,BLK,2026,1,LEAPMOTOR
LEXUS ,1ZA8MV,WHI,2025,1,LEXUS
LEXUS ,ENX250,WHI,2025,1,LEXUS
LEXUS ,ES300H,BLK,2025,9,LEXUS
LEXUS ,ES300H,BLK,2026,1,LEXUS
LEXUS ,ES300H,BLU,2025,1,LEXUS
LEXUS ,ES300H,SIL,2025,6,LEXUS
LEXUS ,ES300H,SIL,2026,1,LEXUS
LEXUS ,ES300H,WHI,2025,2,LEXUS
LEXUS ,ES300H,WHI,2026,1,LEXUS
LEXUS ,GX50  ,BLK,2026,1,LEXUS
LEXUS ,GX550 ,BLK,2026,5,LEXUS
LEXUS ,GX550 ,BLU,2026,2,LEXUS
LEXUS ,GX550 ,GRN,2026,3,LEXUS
LEXUS ,GX550 ,GRY,2026,4,LEXUS
LEXUS ,GX550 ,KHA,2026,6,LEXUS
LEXUS ,GX550 ,SIL,2026,1,LEXUS
LEXUS ,GX550 ,WHI,2026,6,LEXUS
LEXUS ,L5500H,RED,2026,1,LEXUS
LEXUS ,LBX   ,BLK,2026,1,LEXUS
LEXUS ,LBX   ,BLU,2025,1,LEXUS
LEXUS ,LBX   ,BLU,2026,1,LEXUS
LEXUS ,LBX   ,GRY,2026,2,LEXUS
LEXUS ,LBX   ,RED,2026,1,LEXUS
LEXUS ,LBX   ,SIL,2026,3,LEXUS
LEXUS ,LBX   ,WHI,2026,7,LEXUS
LEXUS ,LBX MO,BLU,2025,1,LEXUS
LEXUS ,LBX MO,BLU,2026,1,LEXUS
LEXUS ,LBX MO,WHI,2026,2,LEXUS
LEXUS ,LM350H,BLK,2026,1,LEXUS
LEXUS ,LM350H,SIL,2026,1,LEXUS
LEXUS ,LX500D,BLK,2026,6,LEXUS
LEXUS ,LX500D,WHI,2025,1,LEXUS
LEXUS ,LX500D,WHI,2026,2,LEXUS
LEXUS ,LX600 ,BLK,2025,1,LEXUS
LEXUS ,LX600 ,WHI,2026,1,LEXUS
LEXUS ,LX700H,BLK,2026,2,LEXUS
LEXUS ,LX700H,KHA,2026,1,LEXUS
LEXUS ,LX700H,SIL,2026,1,LEXUS
LEXUS ,LX700H,WHI,2026,2,LEXUS
LEXUS ,NX350 ,BLK,2026,1,LEXUS
LEXUS ,NX350 ,WHI,2026,1,LEXUS
LEXUS ,NX350H,BLK,2025,3,LEXUS
LEXUS ,NX350H,BLK,2026,12,LEXUS
LEXUS ,NX350H,BRZ,2026,1,LEXUS
LEXUS ,NX350H,GRN,2026,3,LEXUS
LEXUS ,NX350H,GRY,2025,6,LEXUS
LEXUS ,NX350H,GRY,2026,14,LEXUS
LEXUS ,NX350H,KHA,2026,14,LEXUS
LEXUS ,NX350H,RED,2025,2,LEXUS
LEXUS ,NX350H,RED,2026,2,LEXUS
LEXUS ,NX350H,SIL,2025,2,LEXUS
LEXUS ,NX350H,SIL,2026,16,LEXUS
LEXUS ,NX350H,WHI,2025,4,LEXUS
LEXUS ,NX350H,WHI,2026,9,LEXUS
LEXUS ,NX450H,BLK,2025,1,LEXUS
LEXUS ,NX450H,BLK,2026,6,LEXUS
LEXUS ,NX450H,BRZ,2026,1,LEXUS
LEXUS ,NX450H,GRN,2026,1,LEXUS
LEXUS ,NX450H,GRY,2025,3,LEXUS
LEXUS ,NX450H,GRY,2026,6,LEXUS
LEXUS ,NX450H,KHA,2026,3,LEXUS
LEXUS ,NX450H,SIL,2025,1,LEXUS
LEXUS ,NX450H,SIL,2026,6,LEXUS
LEXUS ,NX450H,WHI,2026,14,LEXUS
LEXUS ,RX350H,BLK,2025,3,LEXUS
LEXUS ,RX350H,BLK,2026,1,LEXUS
LEXUS ,RX350H,BLU,2026,1,LEXUS
LEXUS ,RX350H,GRY,2025,1,LEXUS
LEXUS ,RX350H,GRY,2026,1,LEXUS
LEXUS ,RX350H,KHA,2025,2,LEXUS
LEXUS ,RX350H,SIL,2025,3,LEXUS
LEXUS ,RX350H,SIL,2026,3,LEXUS
LEXUS ,RX350H,WHI,2025,1,LEXUS
LEXUS ,RX350H,WHI,2026,1,LEXUS
LEXUS ,RX450H,BLK,2025,3,LEXUS
LEXUS ,RX450H,BLK,2026,2,LEXUS
LEXUS ,RX450H,GRN,2026,1,LEXUS
LEXUS ,RX450H,GRY,2025,2,LEXUS
LEXUS ,RX450H,GRY,2026,2,LEXUS
LEXUS ,RX450H,RED,2025,1,LEXUS
LEXUS ,RX450H,SIL,2025,3,LEXUS
LEXUS ,RX450H,SIL,2026,7,LEXUS
LEXUS ,RX450H,WHI,2026,3,LEXUS
LEXUS ,RX500H,BLU,2026,1,LEXUS
LEXUS ,RX500H,GRY,2025,2,LEXUS
LEXUS ,RZ500E,BLU,2026,1,LEXUS
LEXUS ,RZ500E,GRY,2026,1,LEXUS
LEXUS ,RZ550E,GRY,2026,1,LEXUS
LIEBHR,A924  ,YLW,2025,1,LIEBHERR
LIFTSM,LSRT35,YLW,2026,1,LIFTSMART
LINDE ,E16C  ,RED,2026,2,LINDE
LOADMC,825SUP,YLW,2025,1,LOADMAC
LOVOL ,TRIDNT,BLK,2025,1,LOVOL
M A N ,19 330,WHI,2026,1,MAN
M A N ,CO1948,WHI,2026,1,MAN
M A N ,TGS 44,WHI,2025,1,MAN
M G   ,3     ,SIL,2025,1,MG
M G   ,3     ,WHI,2025,1,MG
M G   ,3 ESSE,SIL,2025,1,MG
M G   ,3 ESSE,WHI,2025,1,MG
M G   ,3 ESSE,YLW,2025,1,MG
M G   ,3 VIBE,GRY,2026,1,MG
M G   ,3 VIBE,SIL,2026,1,MG
M G   ,3 VIBE,WHI,2026,2,MG
M G   ,3CVT E,WHI,2025,1,MG
M G   ,3CVT V,BLU,2026,1,MG
M G   ,4 EXCI,WHI,2025,1,MG
M G   ,5 ESSE,GRY,2025,3,MG
M G   ,7 ESSE,GRY,2026,1,MG
M G   ,AT EXP,BLK,2026,1,MG
M G   ,BYD MY,BLK,2026,1,MG
M G   ,ESSENC,BLK,2026,1,MG
M G   ,ESSENC,BLU,2025,1,MG
M G   ,ESSENC,GRN,2026,2,MG
M G   ,ESSENC,GRY,2025,4,MG
M G   ,ESSENC,GRY,2026,2,MG
M G   ,ESSENC,SIL,2025,2,MG
M G   ,ESSENC,WHI,2025,1,MG
M G   ,ESSENC,WHI,2026,1,MG
M G   ,EV ESS,GLD,2026,1,MG
M G   ,EV ESS,WHI,2025,2,MG
M G   ,EXCITE,GRN,2025,1,MG
M G   ,HS    ,BLK,2025,5,MG
M G   ,HS    ,BLU,2025,3,MG
M G   ,HS    ,GRY,2025,5,MG
M G   ,HS    ,GRY,2026,2,MG
M G   ,HS    ,SIL,2025,1,MG
M G   ,HS    ,WHI,2025,4,MG
M G   ,HS    ,WHI,2026,3,MG
M G   ,HS ESS,BLK,2025,3,MG
M G   ,HS ESS,BLU,2025,2,MG
M G   ,HS ESS,GRY,2025,4,MG
M G   ,HS ESS,RED,2025,2,MG
M G   ,HS ESS,SIL,2025,1,MG
M G   ,HS ESS,SIL,2026,2,MG
M G   ,HS ESS,WHI,2025,4,MG
M G   ,HS ESS,WHI,2026,3,MG
M G   ,HS EXC,GRY,2025,1,MG
M G   ,HS EXC,GRY,2026,2,MG
M G   ,HS EXC,WHI,2025,1,MG
M G   ,HS HEV,RED,2025,1,MG
M G   ,HS HEV,SIL,2025,1,MG
M G   ,HS NGE,WHI,2025,1,MG
M G   ,HS PHE,RED,2026,1,MG
M G   ,HS SHE,GRY,2025,1,MG
M G   ,HS SUP,RED,2026,1,MG
M G   ,HS SUP,SIL,2025,2,MG
M G   ,HS SUP,WHI,2025,2,MG
M G   ,HS VIB,BLK,2025,1,MG
M G   ,IM5   ,BLK,2025,1,MG
M G   ,IM5   ,BLU,2025,1,MG
M G   ,IM5   ,BLU,2026,1,MG
M G   ,IM5   ,WHI,2025,2,MG
M G   ,IM5 10,GRY,2026,1,MG
M G   ,IM5 EV,GRY,2025,1,MG
M G   ,IM5 EV,GRY,2026,1,MG
M G   ,IM5 EV,WHI,2025,1,MG
M G   ,IM6   ,BEI,2026,1,MG
M G   ,IM6   ,BLK,2025,1,MG
M G   ,IM6   ,BLU,2025,2,MG
M G   ,IM6   ,GRY,2025,2,MG
M G   ,IM6   ,GRY,2026,1,MG
M G   ,IM6   ,WHI,2025,1,MG
M G   ,IM6 EV,BLK,2025,1,MG
M G   ,IM6 EV,WHI,2025,1,MG
M G   ,IM6 PE,GRY,2025,1,MG
M G   ,MG 3 E,GRY,2025,1,MG
M G   ,MG ESS,GRN,2026,1,MG
M G   ,MG ESS,WHI,2025,1,MG
M G   ,MG ESS,WHI,2026,1,MG
M G   ,MG HS ,BLU,2025,1,MG
M G   ,MG IM5,BLK,2025,1,MG
M G   ,MG NG ,BLK,2025,1,MG
M G   ,MG NG ,BLK,2026,3,MG
M G   ,MG NG ,BLU,2025,1,MG
M G   ,MG NG ,GRN,2025,1,MG
M G   ,MG NG ,GRY,2025,2,MG
M G   ,MG NG ,GRY,2026,1,MG
M G   ,MG NG ,RED,2025,1,MG
M G   ,MG NG ,RED,2026,2,MG
M G   ,MG NG ,WHI,2025,1,MG
M G   ,MG NG ,WHI,2026,16,MG
M G   ,MG QS ,WHI,2025,1,MG
M G   ,MG S5 ,BLK,2026,1,MG
M G   ,MG S5 ,GRY,2025,1,MG
M G   ,MG S5 ,SIL,2025,1,MG
M G   ,MG U9 ,BLK,2026,3,MG
M G   ,MG U9 ,BLU,2025,1,MG
M G   ,MG U9 ,BLU,2026,3,MG
M G   ,MG U9 ,GRN,2025,1,MG
M G   ,MG U9 ,WHI,2025,1,MG
M G   ,MG ZS ,BLK,2025,1,MG
M G   ,MG ZS ,GRY,2025,1,MG
M G   ,MG ZS ,SIL,2026,1,MG
M G   ,MG ZS ,WHI,2026,2,MG
M G   ,MG3   ,BLK,2025,6,MG
M G   ,MG3   ,BLK,2026,3,MG
M G   ,MG3   ,BLU,2025,4,MG
M G   ,MG3   ,BLU,2026,1,MG
M G   ,MG3   ,GRY,2025,12,MG
M G   ,MG3   ,GRY,2026,12,MG
M G   ,MG3   ,RED,2025,5,MG
M G   ,MG3   ,RED,2026,4,MG
M G   ,MG3   ,SIL,2025,10,MG
M G   ,MG3   ,SIL,2026,4,MG
M G   ,MG3   ,WHI,2025,6,MG
M G   ,MG3   ,WHI,2026,12,MG
M G   ,MG3   ,YLW,2025,1,MG
M G   ,MG3 CV,BLU,2025,1,MG
M G   ,MG3 CV,WHI,2026,1,MG
M G   ,MG3 ES,GRY,2025,1,MG
M G   ,MG3 ES,SIL,2025,1,MG
M G   ,MG3 ES,WHI,2025,3,MG
M G   ,MG3 EX,BLK,2025,2,MG
M G   ,MG3 EX,BLU,2025,2,MG
M G   ,MG3 EX,GRY,2026,1,MG
M G   ,MG3 EX,SIL,2025,1,MG
M G   ,MG3 EX,WHI,2025,1,MG
M G   ,MG3 EX,YLW,2025,3,MG
M G   ,MG3 FW,GRY,2025,1,MG
M G   ,MG3 HE,GRY,2025,3,MG
M G   ,MG3 HE,WHI,2025,2,MG
M G   ,MG3 NG,BLU,2025,1,MG
M G   ,MG3 NG,GRY,2026,1,MG
M G   ,MG3 NG,SIL,2025,1,MG
M G   ,MG3 VI,BLK,2026,1,MG
M G   ,MG3 VI,BLU,2025,1,MG
M G   ,MG3 VI,BLU,2026,1,MG
M G   ,MG3 VI,GRY,2026,4,MG
M G   ,MG3 VI,RED,2026,1,MG
M G   ,MG3 VI,SIL,2026,1,MG
M G   ,MG3 VI,WHI,2026,2,MG
M G   ,MG4   ,BLK,2025,12,MG
M G   ,MG4   ,BLK,2026,2,MG
M G   ,MG4   ,BLU,2025,4,MG
M G   ,MG4   ,GRY,2025,4,MG
M G   ,MG4   ,GRY,2026,1,MG
M G   ,MG4   ,OGE,2025,2,MG
M G   ,MG4   ,SIL,2025,2,MG
M G   ,MG4   ,SIL,2026,1,MG
M G   ,MG4   ,WHI,2025,20,MG
M G   ,MG4   ,WHI,2026,2,MG
M G   ,MG4 51,WHI,2026,1,MG
M G   ,MG4 ES,BLK,2025,2,MG
M G   ,MG4 ES,SIL,2025,1,MG
M G   ,MG4 ES,WHI,2025,1,MG
M G   ,MG4 EV,WHI,2025,3,MG
M G   ,MG4 EX,GRY,2025,2,MG
M G   ,MG4 EX,WHI,2025,4,MG
M G   ,MG4 UR,GRY,2026,2,MG
M G   ,MG4 UR,WHI,2026,1,MG
M G   ,MG4 XP,WHI,2025,1,MG
M G   ,MG4URB,SIL,2026,1,MG
M G   ,MG5   ,BLK,2025,2,MG
M G   ,MG5   ,RED,2025,1,MG
M G   ,MG5   ,RED,2026,2,MG
M G   ,MG5   ,WHI,2025,3,MG
M G   ,MG5   ,YLW,2025,1,MG
M G   ,MG5 ES,BLK,2025,1,MG
M G   ,MG5 ES,GRY,2026,1,MG
M G   ,MG5 ES,RED,2026,2,MG
M G   ,MG5 EX,WHI,2025,1,MG
M G   ,MG7   ,GRN,2026,4,MG
M G   ,MG7   ,GRY,2026,3,MG
M G   ,MG7   ,RED,2026,3,MG
M G   ,MG7   ,WHI,2026,2,MG
M G   ,MG7 AT,GRN,2026,1,MG
M G   ,MG7 ES,GRN,2026,3,MG
M G   ,MG7 ES,GRY,2025,1,MG
M G   ,MG7 ES,RED,2026,1,MG
M G   ,MG7 ES,WHI,2026,1,MG
M G   ,MGQS L,WHI,2025,1,MG
M G   ,MGS5  ,WHI,2025,1,MG
M G   ,MGS5 E,GRY,2025,1,MG
M G   ,MGS5 E,RED,2025,1,MG
M G   ,MGS5 E,RED,2026,1,MG
M G   ,MGU9  ,BLK,2026,1,MG
M G   ,MGU9  ,BLU,2025,1,MG
M G   ,MGU9  ,GRN,2025,1,MG
M G   ,MGU9  ,GRY,2025,1,MG
M G   ,MGU9 A,GRN,2025,1,MG
M G   ,MH HS ,BLU,2025,1,MG
M G   ,MY25 M,GRY,2025,1,MG
M G   ,NG HS ,BLU,2025,1,MG
M G   ,NG ZS ,BLU,2026,1,MG
M G   ,NG ZS ,GRN,2025,1,MG
M G   ,NG ZS ,GRN,2026,3,MG
M G   ,NG ZS ,GRY,2025,1,MG
M G   ,NG ZS ,GRY,2026,7,MG
M G   ,NG ZS ,RED,2026,2,MG
M G   ,NG ZS ,SIL,2026,1,MG
M G   ,NG ZS ,WHI,2025,1,MG
M G   ,NG ZS ,WHI,2026,7,MG
M G   ,QS    ,BLK,2025,3,MG
M G   ,QS    ,FWN,2025,1,MG
M G   ,QS    ,GLD,2025,1,MG
M G   ,QS    ,GRY,2025,2,MG
M G   ,QS    ,GRY,2026,1,MG
M G   ,QS    ,SIL,2025,2,MG
M G   ,QS    ,SIL,2026,1,MG
M G   ,QS    ,WHI,2025,7,MG
M G   ,QS    ,WHI,2026,1,MG
M G   ,QS 2WD,WHI,2025,1,MG
M G   ,QS ESS,BLK,2025,1,MG
M G   ,QS ESS,GRY,2025,1,MG
M G   ,QS ESS,SIL,2025,2,MG
M G   ,QS ESS,SIL,2026,1,MG
M G   ,QS EXC,WHI,2025,1,MG
M G   ,S5    ,BEI,2025,1,MG
M G   ,S5    ,BLK,2025,3,MG
M G   ,S5    ,GLD,2025,4,MG
M G   ,S5    ,GLD,2026,3,MG
M G   ,S5    ,GRY,2025,8,MG
M G   ,S5    ,GRY,2026,1,MG
M G   ,S5    ,RED,2025,2,MG
M G   ,S5    ,RED,2026,1,MG
M G   ,S5    ,SIL,2025,3,MG
M G   ,S5    ,WHI,2025,22,MG
M G   ,S5    ,WHI,2026,3,MG
M G   ,S5 ESS,BLK,2025,2,MG
M G   ,S5 ESS,GLD,2025,1,MG
M G   ,S5 ESS,GLD,2026,3,MG
M G   ,S5 ESS,RED,2025,2,MG
M G   ,S5 ESS,WHI,2025,4,MG
M G   ,S5 EV ,BLU,2025,1,MG
M G   ,S5 EV ,GLD,2025,2,MG
M G   ,S5 EV ,GRY,2025,2,MG
M G   ,S5 EV ,GRY,2026,1,MG
M G   ,S5 EV ,SIL,2025,1,MG
M G   ,S5 EV ,SIL,2026,1,MG
M G   ,S5 EV ,WHI,2025,2,MG
M G   ,S5 EV ,WHI,2026,1,MG
M G   ,S5 EXC,GRY,2025,1,MG
M G   ,S5 EXC,WHI,2025,1,MG
M G   ,S5EVES,GLD,2026,1,MG
M G   ,U9    ,BLK,2025,3,MG
M G   ,U9    ,BLK,2026,4,MG
M G   ,U9    ,BLU,2026,1,MG
M G   ,U9    ,GRN,2025,2,MG
M G   ,U9    ,GRN,2026,2,MG
M G   ,U9    ,GRY,2025,2,MG
M G   ,U9    ,WHI,2025,1,MG
M G   ,U9  EX,BLU,2025,1,MG
M G   ,U9 EX ,BLK,2026,1,MG
M G   ,U9 EXP,BLK,2025,1,MG
M G   ,U9 EXP,BLK,2026,2,MG
M G   ,U9 EXP,GRN,2025,2,MG
M G   ,U9 EXP,WHI,2025,3,MG
M G   ,U9 U9 ,WHI,2025,1,MG
M G   ,VIBE  ,BLK,2026,2,MG
M G   ,VIBE  ,BLU,2025,3,MG
M G   ,VIBE  ,GRN,2025,2,MG
M G   ,VIBE  ,GRY,2025,1,MG
M G   ,VIBE  ,WHI,2025,1,MG
M G   ,VIBE  ,WHI,2026,1,MG
M G   ,ZS    ,BLK,2025,11,MG
M G   ,ZS    ,BLK,2026,16,MG
M G   ,ZS    ,BLU,2025,8,MG
M G   ,ZS    ,BLU,2026,4,MG
M G   ,ZS    ,GRN,2025,4,MG
M G   ,ZS    ,GRN,2026,40,MG
M G   ,ZS    ,GRY,2025,22,MG
M G   ,ZS    ,GRY,2026,35,MG
M G   ,ZS    ,RED,2025,7,MG
M G   ,ZS    ,RED,2026,13,MG
M G   ,ZS    ,SIL,2025,10,MG
M G   ,ZS    ,SIL,2026,18,MG
M G   ,ZS    ,WHI,2025,14,MG
M G   ,ZS    ,WHI,2026,42,MG
M G   ,ZS ESS,BLK,2026,2,MG
M G   ,ZS ESS,BLU,2026,1,MG
M G   ,ZS ESS,GRN,2026,5,MG
M G   ,ZS ESS,GRY,2025,2,MG
M G   ,ZS ESS,GRY,2026,4,MG
M G   ,ZS ESS,RED,2026,8,MG
M G   ,ZS ESS,SIL,2025,2,MG
M G   ,ZS ESS,SIL,2026,4,MG
M G   ,ZS ESS,WHI,2025,3,MG
M G   ,ZS ESS,WHI,2026,10,MG
M G   ,ZS EXC,GRY,2025,1,MG
M G   ,ZS HEV,BLK,2025,1,MG
M G   ,ZS HEV,BLK,2026,2,MG
M G   ,ZS HEV,BLU,2025,2,MG
M G   ,ZS HEV,BLU,2026,2,MG
M G   ,ZS HEV,GRN,2026,4,MG
M G   ,ZS HEV,GRY,2025,15,MG
M G   ,ZS HEV,GRY,2026,5,MG
M G   ,ZS HEV,RED,2025,2,MG
M G   ,ZS HEV,RED,2026,1,MG
M G   ,ZS HEV,SIL,2025,2,MG
M G   ,ZS HEV,SIL,2026,4,MG
M G   ,ZS HEV,WHI,2025,4,MG
M G   ,ZS HEV,WHI,2026,8,MG
M G   ,ZS TST,GRY,2025,1,MG
M G   ,ZS TUR,BLU,2026,2,MG
M G   ,ZS TUR,GRN,2026,3,MG
M G   ,ZS TUR,GRY,2025,1,MG
M G   ,ZS TUR,GRY,2026,1,MG
M G   ,ZS TUR,RED,2026,1,MG
M G   ,ZS TUR,SIL,2026,1,MG
M G   ,ZS TUR,WHI,2025,1,MG
M G   ,ZS TUR,WHI,2026,1,MG
M G   ,ZS VIB,BLK,2025,1,MG
M G   ,ZS VIB,BLK,2026,6,MG
M G   ,ZS VIB,BLU,2025,3,MG
M G   ,ZS VIB,BLU,2026,1,MG
M G   ,ZS VIB,GRN,2025,2,MG
M G   ,ZS VIB,GRN,2026,9,MG
M G   ,ZS VIB,GRY,2025,6,MG
M G   ,ZS VIB,GRY,2026,4,MG
M G   ,ZS VIB,RED,2025,2,MG
M G   ,ZS VIB,RED,2026,4,MG
M G   ,ZS VIB,SIL,2025,3,MG
M G   ,ZS VIB,SIL,2026,10,MG
M G   ,ZS VIB,WHI,2025,1,MG
M G   ,ZS VIB,WHI,2026,18,MG
M G   ,ZSVIBE,GRN,2025,1,MG
MACDON,MAZDA ,WHI,2025,1,MACDON
MACK  ,ANTHEM,WHI,2026,1,MACK
MACK  ,METROL,WHI,2025,4,MACK
MAGNI ,TH 3.6,RED,2025,1,MAGNI
MAHIND,3XO   ,BLU,2025,2,MAHINDRA
MAHIND,3XO   ,GRY,2025,1,MAHINDRA
MAHIND,3XO   ,RED,2025,4,MAHINDRA
MAHIND,3XOAX7,WHI,2025,2,MAHINDRA
MAHIND,SCOPRI,BLK,2025,1,MAHINDRA
MAHIND,SCORPI,BLK,2025,1,MAHINDRA
MAHIND,SCORPI,WHI,2025,1,MAHINDRA
MAHIND,XUV 3X,RED,2025,1,MAHINDRA
MAHIND,XUV3XO,BEI,2025,1,MAHINDRA
MAHIND,XUV3XO,BLK,2025,6,MAHINDRA
MAHIND,XUV3XO,BLU,2025,2,MAHINDRA
MAHIND,XUV3XO,GRY,2025,6,MAHINDRA
MAHIND,XUV3XO,RED,2025,6,MAHINDRA
MAHIND,XUV3XO,WHI,2025,3,MAHINDRA
MAHIND,XUV3XO,YLW,2025,2,MAHINDRA
MAHIND,XUV700,BLK,2025,23,MAHINDRA
MAHIND,XUV700,BLU,2025,1,MAHINDRA
MAHIND,XUV700,RED,2025,1,MAHINDRA
MAHIND,XUV700,SIL,2025,3,MAHINDRA
MAHIND,XUV700,WHI,2025,11,MAHINDRA
MANITO,MLTX73,RED,2025,1,MANITOU
MANITO,MT730 ,OGE,2026,2,MANITOU
MANITO,MTX625,RED,2025,2,MANITOU
MANITO,TELEHA,RED,2026,1,MANITOU
MANITO,TMT25S,RED,2025,1,MANITOU
MANITO,TNT25 ,RED,2025,1,MANITOU
MASER ,GRECAL,WHI,2026,1,MASERATI
MASS F,4707  ,RED,2025,1,MASS FURGOVAN
MASS F,5710  ,RED,2025,1,MASS FURGOVAN
MASS F,5M 105,RED,2025,2,MASS FURGOVAN
MASS F,5M 125,RED,2025,1,MASS FURGOVAN
MASS F,5M105 ,RED,2025,1,MASS FURGOVAN
MASS F,5M115 ,RED,2026,1,MASS FURGOVAN
MASS F,5M125 ,RED,2026,1,MASS FURGOVAN
MASS F,5M95  ,RED,2026,1,MASS FURGOVAN
MASS F,5S125 ,RED,2026,2,MASS FURGOVAN
MAZDA ,2     ,BEI,2026,1,MAZDA
MAZDA ,2     ,BLK,2026,2,MAZDA
MAZDA ,2     ,BLU,2025,1,MAZDA
MAZDA ,2     ,FWN,2025,1,MAZDA
MAZDA ,2     ,GRY,2025,10,MAZDA
MAZDA ,2     ,GRY,2026,7,MAZDA
MAZDA ,2     ,RED,2025,3,MAZDA
MAZDA ,2     ,RED,2026,1,MAZDA
MAZDA ,2     ,SIL,2025,3,MAZDA
MAZDA ,2     ,SIL,2026,2,MAZDA
MAZDA ,2     ,WHI,2025,6,MAZDA
MAZDA ,2     ,WHI,2026,7,MAZDA
MAZDA ,2 G15 ,GRY,2025,1,MAZDA
MAZDA ,3     ,BEI,2025,4,MAZDA
MAZDA ,3     ,BEI,2026,5,MAZDA
MAZDA ,3     ,BLK,2025,4,MAZDA
MAZDA ,3     ,BLK,2026,10,MAZDA
MAZDA ,3     ,BLU,2025,2,MAZDA
MAZDA ,3     ,BLU,2026,8,MAZDA
MAZDA ,3     ,FWN,2025,1,MAZDA
MAZDA ,3     ,FWN,2026,3,MAZDA
MAZDA ,3     ,GLD,2026,2,MAZDA
MAZDA ,3     ,GRY,2025,9,MAZDA
MAZDA ,3     ,GRY,2026,9,MAZDA
MAZDA ,3     ,RED,2025,12,MAZDA
MAZDA ,3     ,RED,2026,6,MAZDA
MAZDA ,3     ,SIL,2025,1,MAZDA
MAZDA ,3     ,SIL,2026,2,MAZDA
MAZDA ,3     ,WHI,2025,31,MAZDA
MAZDA ,3     ,WHI,2026,19,MAZDA
MAZDA ,3 G20 ,BLK,2025,2,MAZDA
MAZDA ,3 G20 ,BLU,2025,1,MAZDA
MAZDA ,3 G20 ,GLD,2026,1,MAZDA
MAZDA ,3 G20 ,RED,2025,1,MAZDA
MAZDA ,BT 50 ,BLK,2026,1,MAZDA
MAZDA ,BT 50 ,WHI,2026,1,MAZDA
MAZDA ,BT50  ,BLK,2025,7,MAZDA
MAZDA ,BT50  ,BLK,2026,7,MAZDA
MAZDA ,BT50  ,BLU,2025,15,MAZDA
MAZDA ,BT50  ,BLU,2026,3,MAZDA
MAZDA ,BT50  ,GRY,2025,25,MAZDA
MAZDA ,BT50  ,GRY,2026,7,MAZDA
MAZDA ,BT50  ,OGE,2025,1,MAZDA
MAZDA ,BT50  ,RED,2025,8,MAZDA
MAZDA ,BT50  ,SIL,2025,6,MAZDA
MAZDA ,BT50  ,SIL,2026,1,MAZDA
MAZDA ,BT50  ,WHI,2025,76,MAZDA
MAZDA ,BT50  ,WHI,2026,23,MAZDA
MAZDA ,BT50 D,BLU,2025,1,MAZDA
MAZDA ,BT50 D,GRY,2025,2,MAZDA
MAZDA ,BT50 D,SIL,2025,1,MAZDA
MAZDA ,BT50 D,WHI,2025,1,MAZDA
MAZDA ,BT50 G,WHI,2025,2,MAZDA
MAZDA ,BT50 S,BLK,2025,1,MAZDA
MAZDA ,BT50 S,BLU,2025,2,MAZDA
MAZDA ,BT50 S,WHI,2025,1,MAZDA
MAZDA ,BT50 X,BLU,2025,1,MAZDA
MAZDA ,BT50 X,GRY,2025,1,MAZDA
MAZDA ,BT50 X,WHI,2025,7,MAZDA
MAZDA ,BT50D ,WHI,2026,1,MAZDA
MAZDA ,CX 30 ,FWN,2025,1,MAZDA
MAZDA ,CX 30 ,FWN,2026,1,MAZDA
MAZDA ,CX 30 ,GRY,2026,1,MAZDA
MAZDA ,CX 30 ,WHI,2026,2,MAZDA
MAZDA ,CX 5  ,BLK,2026,1,MAZDA
MAZDA ,CX 5  ,GRY,2025,4,MAZDA
MAZDA ,CX 5  ,RED,2025,1,MAZDA
MAZDA ,CX3   ,BEI,2025,5,MAZDA
MAZDA ,CX3   ,BEI,2026,12,MAZDA
MAZDA ,CX3   ,BLK,2025,11,MAZDA
MAZDA ,CX3   ,BLK,2026,13,MAZDA
MAZDA ,CX3   ,FWN,2025,1,MAZDA
MAZDA ,CX3   ,FWN,2026,7,MAZDA
MAZDA ,CX3   ,GLD,2025,1,MAZDA
MAZDA ,CX3   ,GLD,2026,2,MAZDA
MAZDA ,CX3   ,GRY,2025,35,MAZDA
MAZDA ,CX3   ,GRY,2026,40,MAZDA
MAZDA ,CX3   ,RED,2025,22,MAZDA
MAZDA ,CX3   ,RED,2026,15,MAZDA
MAZDA ,CX3   ,SIL,2025,3,MAZDA
MAZDA ,CX3   ,SIL,2026,9,MAZDA
MAZDA ,CX3   ,WHI,2025,18,MAZDA
MAZDA ,CX3   ,WHI,2026,35,MAZDA
MAZDA ,CX3 AK,GRY,2025,1,MAZDA
MAZDA ,CX3 G2,BEI,2025,1,MAZDA
MAZDA ,CX3 G2,GRY,2025,2,MAZDA
MAZDA ,CX3 G2,RED,2025,2,MAZDA
MAZDA ,CX3 G2,WHI,2025,3,MAZDA
MAZDA ,CX3 G2,WHI,2026,2,MAZDA
MAZDA ,CX3 GT,RED,2025,1,MAZDA
MAZDA ,CX3 GT,RED,2026,2,MAZDA
MAZDA ,CX3 PU,GRY,2025,2,MAZDA
MAZDA ,CX3 PU,RED,2026,1,MAZDA
MAZDA ,CX3 PU,WHI,2026,3,MAZDA
MAZDA ,CX30  ,BEI,2025,1,MAZDA
MAZDA ,CX30  ,BEI,2026,36,MAZDA
MAZDA ,CX30  ,BLK,2025,7,MAZDA
MAZDA ,CX30  ,BLK,2026,17,MAZDA
MAZDA ,CX30  ,BLU,2025,11,MAZDA
MAZDA ,CX30  ,BLU,2026,43,MAZDA
MAZDA ,CX30  ,FWN,2025,1,MAZDA
MAZDA ,CX30  ,FWN,2026,9,MAZDA
MAZDA ,CX30  ,GLD,2025,2,MAZDA
MAZDA ,CX30  ,GLD,2026,15,MAZDA
MAZDA ,CX30  ,GRY,2025,6,MAZDA
MAZDA ,CX30  ,GRY,2026,42,MAZDA
MAZDA ,CX30  ,KHA,2026,2,MAZDA
MAZDA ,CX30  ,RED,2025,2,MAZDA
MAZDA ,CX30  ,RED,2026,22,MAZDA
MAZDA ,CX30  ,SIL,2026,23,MAZDA
MAZDA ,CX30  ,WHI,2025,9,MAZDA
MAZDA ,CX30  ,WHI,2026,97,MAZDA
MAZDA ,CX-30 ,GRY,2026,1,MAZDA
MAZDA ,CX30 A,GRY,2026,1,MAZDA
MAZDA ,CX30 A,WHI,2025,1,MAZDA
MAZDA ,CX30 A,WHI,2026,1,MAZDA
MAZDA ,CX30 E,BEI,2026,1,MAZDA
MAZDA ,CX30 G,BRZ,2026,1,MAZDA
MAZDA ,CX30 G,WHI,2025,1,MAZDA
MAZDA ,CX30 G,WHI,2026,1,MAZDA
MAZDA ,CX30 P,WHI,2026,1,MAZDA
MAZDA ,CX30 T,BEI,2025,1,MAZDA
MAZDA ,CX30 V,BLU,2025,1,MAZDA
MAZDA ,CX30 V,BLU,2026,1,MAZDA
MAZDA ,CX5   ,BEI,2025,4,MAZDA
MAZDA ,CX5   ,BEI,2026,28,MAZDA
MAZDA ,CX5   ,BLK,2025,15,MAZDA
MAZDA ,CX5   ,BLK,2026,28,MAZDA
MAZDA ,CX5   ,BLU,2025,24,MAZDA
MAZDA ,CX5   ,BLU,2026,44,MAZDA
MAZDA ,CX5   ,BRN,2026,2,MAZDA
MAZDA ,CX5   ,FWN,2025,6,MAZDA
MAZDA ,CX5   ,FWN,2026,15,MAZDA
MAZDA ,CX5   ,GLD,2025,3,MAZDA
MAZDA ,CX5   ,GLD,2026,21,MAZDA
MAZDA ,CX5   ,GRY,2025,36,MAZDA
MAZDA ,CX5   ,GRY,2026,44,MAZDA
MAZDA ,CX5   ,KHA,2025,1,MAZDA
MAZDA ,CX5   ,KHA,2026,2,MAZDA
MAZDA ,CX5   ,RED,2025,12,MAZDA
MAZDA ,CX5   ,RED,2026,46,MAZDA
MAZDA ,CX5   ,SIL,2025,2,MAZDA
MAZDA ,CX5   ,SIL,2026,9,MAZDA
MAZDA ,CX5   ,WHI,2025,25,MAZDA
MAZDA ,CX5   ,WHI,2026,99,MAZDA
MAZDA ,CX5 AK,BEI,2026,3,MAZDA
MAZDA ,CX5 AK,BLU,2025,1,MAZDA
MAZDA ,CX5 AK,BLU,2026,1,MAZDA
MAZDA ,CX5 AK,GRY,2025,1,MAZDA
MAZDA ,CX5 G ,WHI,2025,1,MAZDA
MAZDA ,CX5 G2,BLK,2026,1,MAZDA
MAZDA ,CX5 G2,BLU,2026,1,MAZDA
MAZDA ,CX5 G2,BRZ,2025,1,MAZDA
MAZDA ,CX5 G2,GLD,2025,1,MAZDA
MAZDA ,CX5 G2,GRY,2025,1,MAZDA
MAZDA ,CX5 G2,GRY,2026,2,MAZDA
MAZDA ,CX5 G2,RED,2025,1,MAZDA
MAZDA ,CX5 G2,WHI,2025,1,MAZDA
MAZDA ,CX5 G2,WHI,2026,3,MAZDA
MAZDA ,CX5 G3,BLU,2025,1,MAZDA
MAZDA ,CX5 G3,WHI,2026,1,MAZDA
MAZDA ,CX5 GT,BLU,2025,2,MAZDA
MAZDA ,CX5 GT,GRY,2025,1,MAZDA
MAZDA ,CX5 GT,WHI,2025,1,MAZDA
MAZDA ,CX5 MA,BEI,2025,1,MAZDA
MAZDA ,CX5 MA,GRY,2026,1,MAZDA
MAZDA ,CX5 MA,RED,2025,1,MAZDA
MAZDA ,CX5 MA,WHI,2025,1,MAZDA
MAZDA ,CX5 MA,WHI,2026,1,MAZDA
MAZDA ,CX5 TO,BEI,2026,1,MAZDA
MAZDA ,CX5 TO,WHI,2025,1,MAZDA
MAZDA ,CX5 TO,WHI,2026,1,MAZDA
MAZDA ,CX5 TU,RED,2026,1,MAZDA
MAZDA ,CX60  ,BEI,2025,5,MAZDA
MAZDA ,CX60  ,BEI,2026,2,MAZDA
MAZDA ,CX60  ,BLK,2025,8,MAZDA
MAZDA ,CX60  ,BLK,2026,11,MAZDA
MAZDA ,CX60  ,BLU,2025,10,MAZDA
MAZDA ,CX60  ,BLU,2026,13,MAZDA
MAZDA ,CX60  ,FWN,2025,4,MAZDA
MAZDA ,CX60  ,FWN,2026,2,MAZDA
MAZDA ,CX60  ,GLD,2025,1,MAZDA
MAZDA ,CX60  ,GRY,2025,15,MAZDA
MAZDA ,CX60  ,GRY,2026,7,MAZDA
MAZDA ,CX60  ,KHA,2026,2,MAZDA
MAZDA ,CX60  ,RED,2025,5,MAZDA
MAZDA ,CX60  ,RED,2026,6,MAZDA
MAZDA ,CX60  ,SIL,2025,10,MAZDA
MAZDA ,CX60  ,SIL,2026,6,MAZDA
MAZDA ,CX60  ,WHI,2025,20,MAZDA
MAZDA ,CX60  ,WHI,2026,6,MAZDA
MAZDA ,CX60 D,GRY,2025,2,MAZDA
MAZDA ,CX60 E,WHI,2025,1,MAZDA
MAZDA ,CX60 G,BEI,2025,2,MAZDA
MAZDA ,CX60 G,BLU,2026,1,MAZDA
MAZDA ,CX60 G,SIL,2025,1,MAZDA
MAZDA ,CX60 G,SIL,2026,1,MAZDA
MAZDA ,CX60 P,SIL,2025,2,MAZDA
MAZDA ,CX60 P,WHI,2025,2,MAZDA
MAZDA ,CX60 V,BEI,2025,1,MAZDA
MAZDA ,CX60 V,GRY,2025,1,MAZDA
MAZDA ,CX70  ,BLK,2026,2,MAZDA
MAZDA ,CX70  ,BLU,2026,1,MAZDA
MAZDA ,CX70  ,GRY,2026,4,MAZDA
MAZDA ,CX70  ,WHI,2025,1,MAZDA
MAZDA ,CX70  ,WHI,2026,1,MAZDA
MAZDA ,CX80  ,BEI,2025,3,MAZDA
MAZDA ,CX80  ,BEI,2026,11,MAZDA
MAZDA ,CX80  ,BLK,2025,7,MAZDA
MAZDA ,CX80  ,BLK,2026,8,MAZDA
MAZDA ,CX80  ,BLU,2025,10,MAZDA
MAZDA ,CX80  ,BLU,2026,8,MAZDA
MAZDA ,CX80  ,BRZ,2025,2,MAZDA
MAZDA ,CX80  ,FWN,2025,3,MAZDA
MAZDA ,CX80  ,FWN,2026,2,MAZDA
MAZDA ,CX80  ,GLD,2025,1,MAZDA
MAZDA ,CX80  ,GLD,2026,6,MAZDA
MAZDA ,CX80  ,GRY,2025,6,MAZDA
MAZDA ,CX80  ,GRY,2026,7,MAZDA
MAZDA ,CX80  ,MRN,2025,5,MAZDA
MAZDA ,CX80  ,RED,2025,11,MAZDA
MAZDA ,CX80  ,RED,2026,2,MAZDA
MAZDA ,CX80  ,SIL,2026,1,MAZDA
MAZDA ,CX80  ,WHI,2025,7,MAZDA
MAZDA ,CX80  ,WHI,2026,19,MAZDA
MAZDA ,CX80 A,BEI,2025,1,MAZDA
MAZDA ,CX80 A,BLK,2026,1,MAZDA
MAZDA ,CX80 A,RED,2026,1,MAZDA
MAZDA ,CX80 D,GRY,2025,1,MAZDA
MAZDA ,CX80 D,WHI,2026,1,MAZDA
MAZDA ,CX80 G,RED,2025,1,MAZDA
MAZDA ,CX80 G,WHI,2025,1,MAZDA
MAZDA ,CX80 G,WHI,2026,1,MAZDA
MAZDA ,CX80 P,BLK,2025,1,MAZDA
MAZDA ,CX80 P,BLK,2026,1,MAZDA
MAZDA ,CX80 P,GRY,2025,1,MAZDA
MAZDA ,CX90  ,BEI,2026,1,MAZDA
MAZDA ,CX90  ,BLK,2026,3,MAZDA
MAZDA ,CX90  ,BLU,2025,2,MAZDA
MAZDA ,CX90  ,BLU,2026,1,MAZDA
MAZDA ,CX90  ,GLD,2026,1,MAZDA
MAZDA ,CX90  ,GRY,2025,1,MAZDA
MAZDA ,CX90  ,GRY,2026,1,MAZDA
MAZDA ,CX90  ,MRN,2025,1,MAZDA
MAZDA ,CX90  ,RED,2025,4,MAZDA
MAZDA ,CX90  ,WHI,2025,1,MAZDA
MAZDA ,EV60  ,BRN,2026,1,MAZDA
MAZDA ,M2    ,BLK,2025,1,MAZDA
MAZDA ,M2    ,BLU,2025,1,MAZDA
MAZDA ,M2    ,BLU,2026,1,MAZDA
MAZDA ,M2    ,GRY,2025,2,MAZDA
MAZDA ,M2    ,SIL,2025,1,MAZDA
MAZDA ,M2    ,WHI,2025,2,MAZDA
MAZDA ,M3    ,BLK,2025,2,MAZDA
MAZDA ,M3    ,BLK,2026,3,MAZDA
MAZDA ,M3    ,BLU,2025,1,MAZDA
MAZDA ,M3    ,BLU,2026,2,MAZDA
MAZDA ,M3    ,GRY,2025,1,MAZDA
MAZDA ,M3    ,RED,2025,1,MAZDA
MAZDA ,M3    ,SIL,2026,3,MAZDA
MAZDA ,M3    ,WHI,2025,3,MAZDA
MAZDA ,M3    ,WHI,2026,6,MAZDA
MAZDA ,MAZDA ,BEI,2025,1,MAZDA
MAZDA ,MAZDA ,BEI,2026,1,MAZDA
MAZDA ,MAZDA ,BLK,2025,2,MAZDA
MAZDA ,MAZDA ,BLK,2026,2,MAZDA
MAZDA ,MAZDA ,BLU,2025,1,MAZDA
MAZDA ,MAZDA ,GRY,2026,3,MAZDA
MAZDA ,MAZDA ,RED,2026,1,MAZDA
MAZDA ,MAZDA ,SIL,2025,1,MAZDA
MAZDA ,MAZDA ,WHI,2025,1,MAZDA
MAZDA ,MAZDA ,WHI,2026,1,MAZDA
MAZDA ,MAZDA2,BEI,2026,1,MAZDA
MAZDA ,MAZDA2,BLU,2025,1,MAZDA
MAZDA ,MAZDA2,GLD,2025,2,MAZDA
MAZDA ,MAZDA2,GRY,2025,1,MAZDA
MAZDA ,MAZDA2,RED,2026,1,MAZDA
MAZDA ,MAZDA2,SIL,2025,1,MAZDA
MAZDA ,MAZDA2,WHI,2025,2,MAZDA
MAZDA ,MAZDA3,BEI,2025,1,MAZDA
MAZDA ,MAZDA3,BLK,2025,1,MAZDA
MAZDA ,MAZDA3,BLK,2026,1,MAZDA
MAZDA ,MAZDA3,BLU,2025,2,MAZDA
MAZDA ,MAZDA3,BLU,2026,2,MAZDA
MAZDA ,MAZDA3,GLD,2026,1,MAZDA
MAZDA ,MAZDA3,GRY,2025,1,MAZDA
MAZDA ,MAZDA3,GRY,2026,2,MAZDA
MAZDA ,MAZDA3,RED,2025,5,MAZDA
MAZDA ,MAZDA3,RED,2026,2,MAZDA
MAZDA ,MAZDA3,WHI,2025,4,MAZDA
MAZDA ,MAZDA3,WHI,2026,10,MAZDA
MAZDA ,MX5   ,BLK,2026,1,MAZDA
MAZDA ,MX5   ,BLU,2026,3,MAZDA
MAZDA ,MX5   ,GRY,2026,4,MAZDA
MAZDA ,MX5   ,RED,2026,12,MAZDA
MAZDA ,MX5   ,WHI,2026,2,MAZDA
MAZDA ,PY3163,SIL,2026,1,MAZDA
MC DNG,GMX135,RED,2025,1,GMC
MCCOR ,CX105 ,RED,2026,1,MCCORMICK
MERC B,119 VI,BLK,2026,1,MERCEDES-BENZ
MERC B,315 CD,WHI,2026,1,MERCEDES-BENZ
MERC B,319 SP,WHI,2025,1,MERCEDES-BENZ
MERC B,419 MW,GRY,2025,1,MERCEDES-BENZ
MERC B,419 SP,BEI,2025,1,MERCEDES-BENZ
MERC B,419 SP,GRY,2026,1,MERCEDES-BENZ
MERC B,419 SP,WHI,2025,1,MERCEDES-BENZ
MERC B,907 SP,GRY,2026,1,MERCEDES-BENZ
MERC B,A 200 ,BLU,2025,1,MERCEDES-BENZ
MERC B,A 250 ,BLK,2025,1,MERCEDES-BENZ
MERC B,A 45  ,GRY,2025,1,MERCEDES-BENZ
MERC B,A200  ,BLK,2025,8,MERCEDES-BENZ
MERC B,A200  ,BLK,2026,6,MERCEDES-BENZ
MERC B,A200  ,BLU,2025,3,MERCEDES-BENZ
MERC B,A200  ,GRY,2025,7,MERCEDES-BENZ
MERC B,A200  ,GRY,2026,1,MERCEDES-BENZ
MERC B,A200  ,SIL,2025,2,MERCEDES-BENZ
MERC B,A200  ,SIL,2026,1,MERCEDES-BENZ
MERC B,A200  ,WHI,2025,11,MERCEDES-BENZ
MERC B,A200  ,WHI,2026,7,MERCEDES-BENZ
MERC B,A200 S,BLK,2025,1,MERCEDES-BENZ
MERC B,A200 S,WHI,2026,1,MERCEDES-BENZ
MERC B,A250  ,BLK,2026,3,MERCEDES-BENZ
MERC B,A250  ,GRY,2025,3,MERCEDES-BENZ
MERC B,A250  ,GRY,2026,2,MERCEDES-BENZ
MERC B,A250  ,SIL,2025,1,MERCEDES-BENZ
MERC B,A250  ,WHI,2025,1,MERCEDES-BENZ
MERC B,A250  ,WHI,2026,1,MERCEDES-BENZ
MERC B,A35   ,BLK,2025,1,MERCEDES-BENZ
MERC B,A35   ,GRN,2025,1,MERCEDES-BENZ
MERC B,A35   ,GRY,2025,1,MERCEDES-BENZ
MERC B,A35   ,GRY,2026,1,MERCEDES-BENZ
MERC B,A35   ,SIL,2025,1,MERCEDES-BENZ
MERC B,A35   ,WHI,2025,5,MERCEDES-BENZ
MERC B,A35 AM,GRY,2025,1,MERCEDES-BENZ
MERC B,A35 ED,BLK,2025,1,MERCEDES-BENZ
MERC B,A45   ,BLK,2026,1,MERCEDES-BENZ
MERC B,A45   ,GRN,2025,1,MERCEDES-BENZ
MERC B,A45   ,WHI,2026,1,MERCEDES-BENZ
MERC B,ACTROS,WHI,2025,13,MERCEDES-BENZ
MERC B,ACTROS,WHI,2026,2,MERCEDES-BENZ
MERC B,AMG GL,WHI,2026,1,MERCEDES-BENZ
MERC B,C 200 ,BLK,2026,1,MERCEDES-BENZ
MERC B,C 200 ,GRY,2025,1,MERCEDES-BENZ
MERC B,C 43  ,SIL,2026,1,MERCEDES-BENZ
MERC B,C200  ,BLK,2025,1,MERCEDES-BENZ
MERC B,C200  ,BLK,2026,4,MERCEDES-BENZ
MERC B,C200  ,BLU,2026,7,MERCEDES-BENZ
MERC B,C200  ,GRY,2025,1,MERCEDES-BENZ
MERC B,C200  ,GRY,2026,8,MERCEDES-BENZ
MERC B,C200  ,SIL,2026,1,MERCEDES-BENZ
MERC B,C200  ,WHI,2026,1,MERCEDES-BENZ
MERC B,C300  ,BLK,2026,7,MERCEDES-BENZ
MERC B,C300  ,GRY,2025,1,MERCEDES-BENZ
MERC B,C300  ,GRY,2026,5,MERCEDES-BENZ
MERC B,C300  ,SIL,2026,5,MERCEDES-BENZ
MERC B,C300  ,WHI,2026,5,MERCEDES-BENZ
MERC B,C350  ,BLK,2025,1,MERCEDES-BENZ
MERC B,C350  ,SIL,2025,1,MERCEDES-BENZ
MERC B,C43   ,BLK,2026,3,MERCEDES-BENZ
MERC B,C43   ,GRY,2026,2,MERCEDES-BENZ
MERC B,CLA200,BLU,2025,3,MERCEDES-BENZ
MERC B,CLA35 ,SIL,2025,1,MERCEDES-BENZ
MERC B,CLA45 ,BLK,2025,1,MERCEDES-BENZ
MERC B,CLA45 ,SIL,2025,1,MERCEDES-BENZ
MERC B,CLA45 ,WHI,2025,1,MERCEDES-BENZ
MERC B,CLE200,GRY,2026,1,MERCEDES-BENZ
MERC B,CLE200,RED,2025,1,MERCEDES-BENZ
MERC B,CLE200,SIL,2026,3,MERCEDES-BENZ
MERC B,CLE200,WHI,2025,1,MERCEDES-BENZ
MERC B,CLE300,BLK,2025,1,MERCEDES-BENZ
MERC B,CLE300,BLU,2026,1,MERCEDES-BENZ
MERC B,CLE300,GRY,2026,1,MERCEDES-BENZ
MERC B,CLE53 ,GRY,2026,2,MERCEDES-BENZ
MERC B,CLE53 ,WHI,2026,1,MERCEDES-BENZ
MERC B,DESTIN,WHI,2025,1,MERCEDES-BENZ
MERC B,DZQ869,BLK,2026,1,MERCEDES-BENZ
MERC B,E200  ,GRY,2025,1,MERCEDES-BENZ
MERC B,E200  ,SIL,2025,1,MERCEDES-BENZ
MERC B,E300  ,SIL,2026,1,MERCEDES-BENZ
MERC B,E53   ,SIL,2026,1,MERCEDES-BENZ
MERC B,E53   ,WHI,2025,1,MERCEDES-BENZ
MERC B,ECONIC,WHI,2025,3,MERCEDES-BENZ
MERC B,EQA 25,BLK,2026,7,MERCEDES-BENZ
MERC B,EQA 25,GRY,2026,7,MERCEDES-BENZ
MERC B,EQA 25,SIL,2026,3,MERCEDES-BENZ
MERC B,EQA 25,WHI,2026,6,MERCEDES-BENZ
MERC B,EQA250,BLK,2025,2,MERCEDES-BENZ
MERC B,EQA250,BLK,2026,2,MERCEDES-BENZ
MERC B,EQA250,BLU,2025,7,MERCEDES-BENZ
MERC B,EQA250,GRY,2025,1,MERCEDES-BENZ
MERC B,EQA250,GRY,2026,3,MERCEDES-BENZ
MERC B,EQA250,SIL,2025,2,MERCEDES-BENZ
MERC B,EQA250,WHI,2025,5,MERCEDES-BENZ
MERC B,EQA250,WHI,2026,2,MERCEDES-BENZ
MERC B,EQB 25,BLK,2026,4,MERCEDES-BENZ
MERC B,EQB 25,BLU,2026,4,MERCEDES-BENZ
MERC B,EQB 25,GRY,2026,9,MERCEDES-BENZ
MERC B,EQB 25,SIL,2026,5,MERCEDES-BENZ
MERC B,EQB 25,WHI,2025,1,MERCEDES-BENZ
MERC B,EQB 25,WHI,2026,5,MERCEDES-BENZ
MERC B,EQB250,BLK,2025,4,MERCEDES-BENZ
MERC B,EQB250,BLK,2026,4,MERCEDES-BENZ
MERC B,EQB250,BLU,2025,5,MERCEDES-BENZ
MERC B,EQB250,GRY,2026,4,MERCEDES-BENZ
MERC B,EQB250,SIL,2025,1,MERCEDES-BENZ
MERC B,EQB250,SIL,2026,1,MERCEDES-BENZ
MERC B,EQB250,WHI,2025,3,MERCEDES-BENZ
MERC B,EQB250,WHI,2026,1,MERCEDES-BENZ
MERC B,G580  ,BLK,2026,1,MERCEDES-BENZ
MERC B,G580  ,BLU,2025,1,MERCEDES-BENZ
MERC B,G580  ,GRY,2025,1,MERCEDES-BENZ
MERC B,G580E ,BLU,2026,1,MERCEDES-BENZ
MERC B,G63   ,BLK,2026,3,MERCEDES-BENZ
MERC B,G63   ,GRY,2026,2,MERCEDES-BENZ
MERC B,G63   ,WHI,2026,3,MERCEDES-BENZ
MERC B,G63AMG,BLK,2026,1,MERCEDES-BENZ
MERC B,GLA 20,BLK,2026,3,MERCEDES-BENZ
MERC B,GLA 20,BLU,2025,2,MERCEDES-BENZ
MERC B,GLA 20,GRY,2026,2,MERCEDES-BENZ
MERC B,GLA 20,WHI,2026,1,MERCEDES-BENZ
MERC B,GLA 25,BLK,2025,1,MERCEDES-BENZ
MERC B,GLA 35,BLU,2025,1,MERCEDES-BENZ
MERC B,GLA 35,GRY,2026,1,MERCEDES-BENZ
MERC B,GLA 35,SIL,2026,1,MERCEDES-BENZ
MERC B,GLA200,BLK,2026,10,MERCEDES-BENZ
MERC B,GLA200,BLU,2025,4,MERCEDES-BENZ
MERC B,GLA200,GRY,2026,11,MERCEDES-BENZ
MERC B,GLA200,SIL,2026,4,MERCEDES-BENZ
MERC B,GLA200,WHI,2026,13,MERCEDES-BENZ
MERC B,GLA250,BLK,2025,5,MERCEDES-BENZ
MERC B,GLA250,BLK,2026,9,MERCEDES-BENZ
MERC B,GLA250,GRY,2025,2,MERCEDES-BENZ
MERC B,GLA250,GRY,2026,3,MERCEDES-BENZ
MERC B,GLA250,SIL,2025,2,MERCEDES-BENZ
MERC B,GLA250,SIL,2026,1,MERCEDES-BENZ
MERC B,GLA250,WHI,2025,1,MERCEDES-BENZ
MERC B,GLA250,WHI,2026,4,MERCEDES-BENZ
MERC B,GLA35 ,BLK,2026,5,MERCEDES-BENZ
MERC B,GLA35 ,GRY,2026,1,MERCEDES-BENZ
MERC B,GLA35 ,SIL,2026,2,MERCEDES-BENZ
MERC B,GLA35 ,WHI,2026,2,MERCEDES-BENZ
MERC B,GLB 20,BLK,2025,1,MERCEDES-BENZ
MERC B,GLB 20,BLK,2026,2,MERCEDES-BENZ
MERC B,GLB 20,GRY,2026,2,MERCEDES-BENZ
MERC B,GLB200,BLK,2025,3,MERCEDES-BENZ
MERC B,GLB200,BLK,2026,6,MERCEDES-BENZ
MERC B,GLB200,GRY,2025,1,MERCEDES-BENZ
MERC B,GLB200,GRY,2026,8,MERCEDES-BENZ
MERC B,GLB200,SIL,2025,1,MERCEDES-BENZ
MERC B,GLB200,SIL,2026,4,MERCEDES-BENZ
MERC B,GLB200,WHI,2025,1,MERCEDES-BENZ
MERC B,GLB200,WHI,2026,8,MERCEDES-BENZ
MERC B,GLB250,BLK,2025,1,MERCEDES-BENZ
MERC B,GLB250,BLU,2026,1,MERCEDES-BENZ
MERC B,GLB35 ,BLK,2025,1,MERCEDES-BENZ
MERC B,GLB35 ,BLK,2026,1,MERCEDES-BENZ
MERC B,GLB35 ,SIL,2025,1,MERCEDES-BENZ
MERC B,GLB35 ,WHI,2025,1,MERCEDES-BENZ
MERC B,GLC 20,BLK,2025,3,MERCEDES-BENZ
MERC B,GLC 20,BLK,2026,1,MERCEDES-BENZ
MERC B,GLC 20,GRY,2025,2,MERCEDES-BENZ
MERC B,GLC 20,SIL,2025,3,MERCEDES-BENZ
MERC B,GLC 20,SIL,2026,1,MERCEDES-BENZ
MERC B,GLC 20,WHI,2025,2,MERCEDES-BENZ
MERC B,GLC 30,BLU,2025,2,MERCEDES-BENZ
MERC B,GLC 30,GRY,2025,1,MERCEDES-BENZ
MERC B,GLC 30,SIL,2026,1,MERCEDES-BENZ
MERC B,GLC 30,WHI,2026,1,MERCEDES-BENZ
MERC B,GLC 35,BLK,2026,1,MERCEDES-BENZ
MERC B,GLC200,BLK,2025,2,MERCEDES-BENZ
MERC B,GLC200,BLK,2026,17,MERCEDES-BENZ
MERC B,GLC200,BLU,2025,1,MERCEDES-BENZ
MERC B,GLC200,GRY,2025,4,MERCEDES-BENZ
MERC B,GLC200,GRY,2026,11,MERCEDES-BENZ
MERC B,GLC200,SIL,2025,3,MERCEDES-BENZ
MERC B,GLC200,SIL,2026,9,MERCEDES-BENZ
MERC B,GLC200,WHI,2025,2,MERCEDES-BENZ
MERC B,GLC200,WHI,2026,17,MERCEDES-BENZ
MERC B,GLC300,BLK,2026,16,MERCEDES-BENZ
MERC B,GLC300,BLU,2025,4,MERCEDES-BENZ
MERC B,GLC300,GRN,2026,1,MERCEDES-BENZ
MERC B,GLC300,GRY,2025,1,MERCEDES-BENZ
MERC B,GLC300,GRY,2026,10,MERCEDES-BENZ
MERC B,GLC300,SIL,2025,2,MERCEDES-BENZ
MERC B,GLC300,SIL,2026,11,MERCEDES-BENZ
MERC B,GLC300,WHI,2026,10,MERCEDES-BENZ
MERC B,GLC350,BLK,2026,4,MERCEDES-BENZ
MERC B,GLC350,GRY,2026,4,MERCEDES-BENZ
MERC B,GLC350,SIL,2025,1,MERCEDES-BENZ
MERC B,GLC350,SIL,2026,1,MERCEDES-BENZ
MERC B,GLC350,WHI,2025,1,MERCEDES-BENZ
MERC B,GLC350,WHI,2026,3,MERCEDES-BENZ
MERC B,GLC43 ,BLK,2026,2,MERCEDES-BENZ
MERC B,GLC43 ,BLU,2025,2,MERCEDES-BENZ
MERC B,GLC43 ,GRY,2025,1,MERCEDES-BENZ
MERC B,GLC43 ,GRY,2026,3,MERCEDES-BENZ
MERC B,GLC43 ,SIL,2026,1,MERCEDES-BENZ
MERC B,GLC43 ,WHI,2025,2,MERCEDES-BENZ
MERC B,GLC43 ,WHI,2026,6,MERCEDES-BENZ
MERC B,GLC63 ,BLK,2025,4,MERCEDES-BENZ
MERC B,GLC63 ,BLK,2026,3,MERCEDES-BENZ
MERC B,GLC63 ,BLU,2025,1,MERCEDES-BENZ
MERC B,GLC63 ,GRY,2025,1,MERCEDES-BENZ
MERC B,GLC63 ,GRY,2026,2,MERCEDES-BENZ
MERC B,GLC63 ,SIL,2025,2,MERCEDES-BENZ
MERC B,GLC63 ,WHI,2025,1,MERCEDES-BENZ
MERC B,GLC63 ,WHI,2026,2,MERCEDES-BENZ
MERC B,GLC63E,GRN,2026,1,MERCEDES-BENZ
MERC B,GLC63E,GRY,2025,2,MERCEDES-BENZ
MERC B,GLC63E,WHI,2026,1,MERCEDES-BENZ
MERC B,GLC63S,WHI,2026,1,MERCEDES-BENZ
MERC B,GLE 30,BLK,2025,7,MERCEDES-BENZ
MERC B,GLE 30,BLK,2026,4,MERCEDES-BENZ
MERC B,GLE 30,GRY,2025,5,MERCEDES-BENZ
MERC B,GLE 30,GRY,2026,1,MERCEDES-BENZ
MERC B,GLE 30,SIL,2025,2,MERCEDES-BENZ
MERC B,GLE 30,WHI,2025,3,MERCEDES-BENZ
MERC B,GLE 30,WHI,2026,1,MERCEDES-BENZ
MERC B,GLE 45,SIL,2026,1,MERCEDES-BENZ
MERC B,GLE300,BLK,2025,4,MERCEDES-BENZ
MERC B,GLE300,BLK,2026,8,MERCEDES-BENZ
MERC B,GLE300,GRY,2025,3,MERCEDES-BENZ
MERC B,GLE300,GRY,2026,2,MERCEDES-BENZ
MERC B,GLE300,SIL,2025,4,MERCEDES-BENZ
MERC B,GLE300,SIL,2026,2,MERCEDES-BENZ
MERC B,GLE300,WHI,2025,6,MERCEDES-BENZ
MERC B,GLE300,WHI,2026,9,MERCEDES-BENZ
MERC B,GLE450,BLK,2025,3,MERCEDES-BENZ
MERC B,GLE450,BLK,2026,10,MERCEDES-BENZ
MERC B,GLE450,BLU,2025,2,MERCEDES-BENZ
MERC B,GLE450,GRY,2025,4,MERCEDES-BENZ
MERC B,GLE450,GRY,2026,8,MERCEDES-BENZ
MERC B,GLE450,SIL,2025,1,MERCEDES-BENZ
MERC B,GLE450,SIL,2026,1,MERCEDES-BENZ
MERC B,GLE450,WHI,2025,2,MERCEDES-BENZ
MERC B,GLE450,WHI,2026,8,MERCEDES-BENZ
MERC B,GLE53 ,BLK,2026,1,MERCEDES-BENZ
MERC B,GLE53 ,GRY,2026,2,MERCEDES-BENZ
MERC B,GLE53 ,WHI,2025,1,MERCEDES-BENZ
MERC B,GLE53 ,WHI,2026,2,MERCEDES-BENZ
MERC B,GLE63 ,BLK,2026,1,MERCEDES-BENZ
MERC B,GLE63 ,GRY,2025,1,MERCEDES-BENZ
MERC B,GLE63 ,GRY,2026,1,MERCEDES-BENZ
MERC B,GLE63 ,SIL,2026,1,MERCEDES-BENZ
MERC B,GLLE45,WHI,2025,1,MERCEDES-BENZ
MERC B,GLS 45,BLK,2025,1,MERCEDES-BENZ
MERC B,GLS 45,GRY,2025,2,MERCEDES-BENZ
MERC B,GLS 45,WHI,2025,2,MERCEDES-BENZ
MERC B,GLS450,BLK,2025,1,MERCEDES-BENZ
MERC B,GLS450,BLK,2026,4,MERCEDES-BENZ
MERC B,GLS450,BLU,2026,1,MERCEDES-BENZ
MERC B,GLS450,GRY,2025,4,MERCEDES-BENZ
MERC B,GLS450,SIL,2025,2,MERCEDES-BENZ
MERC B,GLS450,WHI,2026,1,MERCEDES-BENZ
MERC B,GLW300,BLK,2026,1,MERCEDES-BENZ
MERC B,GT43  ,SIL,2025,1,MERCEDES-BENZ
MERC B,GT63  ,GRY,2026,1,MERCEDES-BENZ
MERC B,GT63 S,GRY,2025,1,MERCEDES-BENZ
MERC B,JRV AD,BEI,2025,1,MERCEDES-BENZ
MERC B,JRVX  ,SIL,2025,1,MERCEDES-BENZ
MERC B,S450  ,GRY,2025,1,MERCEDES-BENZ
MERC B,S450  ,GRY,2026,1,MERCEDES-BENZ
MERC B,S580L ,GRY,2025,1,MERCEDES-BENZ
MERC B,SPRINT,BLU,2025,4,MERCEDES-BENZ
MERC B,SPRINT,BLU,2026,2,MERCEDES-BENZ
MERC B,SPRINT,GRY,2025,4,MERCEDES-BENZ
MERC B,SPRINT,GRY,2026,3,MERCEDES-BENZ
MERC B,SPRINT,SIL,2026,2,MERCEDES-BENZ
MERC B,SPRINT,WHI,2025,13,MERCEDES-BENZ
MERC B,SPRINT,WHI,2026,22,MERCEDES-BENZ
MERC B,SPRINT,YLW,2025,1,MERCEDES-BENZ
MERC B,V 7012,GRY,2026,1,MERCEDES-BENZ
MERC B,V250  ,BLK,2026,1,MERCEDES-BENZ
MERC B,V300  ,BLK,2025,1,MERCEDES-BENZ
MERC B,V300  ,BLK,2026,2,MERCEDES-BENZ
MERC B,V300  ,GRY,2025,1,MERCEDES-BENZ
MERC B,V300  ,GRY,2026,2,MERCEDES-BENZ
MERC B,V300  ,WHI,2025,1,MERCEDES-BENZ
MERC B,VITO  ,BLK,2026,2,MERCEDES-BENZ
MERC B,VITO  ,GRY,2026,1,MERCEDES-BENZ
MERC B,VITO  ,SIL,2026,2,MERCEDES-BENZ
MERC B,VITO  ,WHI,2025,4,MERCEDES-BENZ
MERC B,VITO  ,WHI,2026,1,MERCEDES-BENZ
MERC B,VITO 1,BLK,2026,3,MERCEDES-BENZ
MERC B,VITO 1,GRY,2026,3,MERCEDES-BENZ
MERC B,VITO 1,WHI,2025,1,MERCEDES-BENZ
MERC B,VITO 1,WHI,2026,2,MERCEDES-BENZ
MERC B,VITO L,WHI,2026,1,MERCEDES-BENZ
MERC B,VITO M,WHI,2026,1,MERCEDES-BENZ
MERC B,VITO T,BLK,2025,1,MERCEDES-BENZ
MERC B,VITO T,BLK,2026,1,MERCEDES-BENZ
MERLO ,P72   ,GRN,2025,2,MERLO
MERLO ,P72   ,GRN,2026,1,MERLO
MERLO ,P72.10,GRN,2025,1,MERLO
MERLO ,P7210E,GRN,2025,1,MERLO
MINI  ,ACEMAN,BLK,2025,3,MINI
MINI  ,ACEMAN,BLK,2026,1,MINI
MINI  ,ACEMAN,BLU,2026,2,MINI
MINI  ,ACEMAN,GRN,2025,2,MINI
MINI  ,ACEMAN,GRN,2026,5,MINI
MINI  ,ACEMAN,GRY,2026,1,MINI
MINI  ,ACEMAN,RED,2025,1,MINI
MINI  ,ACEMAN,RED,2026,1,MINI
MINI  ,ACEMAN,SIL,2026,2,MINI
MINI  ,ACEMAN,WHI,2025,2,MINI
MINI  ,COOPE ,GRN,2025,1,MINI
MINI  ,COOPER,BLK,2025,6,MINI
MINI  ,COOPER,BLK,2026,6,MINI
MINI  ,COOPER,BLU,2025,4,MINI
MINI  ,COOPER,BLU,2026,9,MINI
MINI  ,COOPER,GRN,2025,5,MINI
MINI  ,COOPER,GRN,2026,18,MINI
MINI  ,COOPER,GRY,2026,5,MINI
MINI  ,COOPER,RED,2026,5,MINI
MINI  ,COOPER,SIL,2025,2,MINI
MINI  ,COOPER,SIL,2026,1,MINI
MINI  ,COOPER,WHI,2025,6,MINI
MINI  ,COOPER,WHI,2026,11,MINI
MINI  ,COOPER,YLW,2026,3,MINI
MINI  ,COUNTR,BLK,2025,10,MINI
MINI  ,COUNTR,BLU,2025,6,MINI
MINI  ,COUNTR,BLU,2026,3,MINI
MINI  ,COUNTR,GRN,2025,2,MINI
MINI  ,COUNTR,GRN,2026,4,MINI
MINI  ,COUNTR,GRY,2025,4,MINI
MINI  ,COUNTR,GRY,2026,1,MINI
MINI  ,COUNTR,RED,2026,2,MINI
MINI  ,COUNTR,SIL,2025,1,MINI
MINI  ,COUNTR,SIL,2026,2,MINI
MINI  ,COUNTR,WHI,2025,7,MINI
MINI  ,COUNTR,WHI,2026,2,MINI
MINI  ,E COUN,WHI,2025,2,MINI
MINI  ,JCW   ,BLU,2026,1,MINI
MINI  ,JCW   ,GRN,2026,1,MINI
MINI  ,JCW CO,BLK,2025,1,MINI
MINI  ,JCW CO,BLK,2026,2,MINI
MINI  ,JCW CO,WHI,2026,1,MINI
MINI  ,JCW E ,BLU,2025,1,MINI
MINI  ,JCW E ,WHI,2026,1,MINI
MINI  ,SE COU,BLU,2025,1,MINI
MITSUB,ASX   ,BLK,2025,1,MITSUBISHI
MITSUB,ASX   ,BLU,2025,4,MITSUBISHI
MITSUB,ASX   ,BLU,2026,1,MITSUBISHI
MITSUB,ASX   ,GRY,2025,5,MITSUBISHI
MITSUB,ASX   ,GRY,2026,2,MITSUBISHI
MITSUB,ASX   ,RED,2025,5,MITSUBISHI
MITSUB,ASX   ,RED,2026,1,MITSUBISHI
MITSUB,ASX   ,WHI,2025,7,MITSUBISHI
MITSUB,ASX EX,BLU,2026,1,MITSUBISHI
MITSUB,ASX EX,WHI,2025,2,MITSUBISHI
MITSUB,ASX LS,BLK,2025,1,MITSUBISHI
MITSUB,EXCEED,WHI,2025,1,MITSUBISHI
MITSUB,FEA21E,WHI,2025,2,MITSUBISHI
MITSUB,FEB21E,WHI,2025,2,MITSUBISHI
MITSUB,FEB21E,WHI,2026,2,MITSUBISHI
MITSUB,FECX1G,WHI,2026,1,MITSUBISHI
MITSUB,FGB71E,WHI,2025,1,MITSUBISHI
MITSUB,FK62FL,WHI,2025,1,MITSUBISHI
MITSUB,FK65FL,WHI,2025,1,MITSUBISHI
MITSUB,FL25PT,GRN,2026,1,MITSUBISHI
MITSUB,FM67FS,WHI,2025,1,MITSUBISHI
MITSUB,FN63FU,WHI,2025,2,MITSUBISHI
MITSUB,FU74GU,WHI,2025,1,MITSUBISHI
MITSUB,FU74GU,YLW,2025,2,MITSUBISHI
MITSUB,FUSO  ,WHI,2025,1,MITSUBISHI
MITSUB,MV TRI,SIL,2025,1,MITSUBISHI
MITSUB,MV TRI,WHI,2025,1,MITSUBISHI
MITSUB,MV TRI,WHI,2026,2,MITSUBISHI
MITSUB,OUTALN,GRY,2025,1,MITSUBISHI
MITSUB,OUTLAN,BLK,2025,25,MITSUBISHI
MITSUB,OUTLAN,BLK,2026,3,MITSUBISHI
MITSUB,OUTLAN,BLU,2025,12,MITSUBISHI
MITSUB,OUTLAN,BLU,2026,6,MITSUBISHI
MITSUB,OUTLAN,GRY,2025,66,MITSUBISHI
MITSUB,OUTLAN,GRY,2026,29,MITSUBISHI
MITSUB,OUTLAN,RED,2025,17,MITSUBISHI
MITSUB,OUTLAN,RED,2026,5,MITSUBISHI
MITSUB,OUTLAN,SIL,2025,28,MITSUBISHI
MITSUB,OUTLAN,SIL,2026,1,MITSUBISHI
MITSUB,OUTLAN,WHI,2025,176,MITSUBISHI
MITSUB,OUTLAN,WHI,2026,27,MITSUBISHI
MITSUB,PAJERO,BLK,2025,9,MITSUBISHI
MITSUB,PAJERO,BLU,2025,2,MITSUBISHI
MITSUB,PAJERO,GRY,2025,7,MITSUBISHI
MITSUB,PAJERO,RED,2025,5,MITSUBISHI
MITSUB,PAJERO,SIL,2025,7,MITSUBISHI
MITSUB,PAJERO,WHI,2025,53,MITSUBISHI
MITSUB,PAJERO,WHI,2026,2,MITSUBISHI
MITSUB,QG PAJ,GRY,2025,1,MITSUBISHI
MITSUB,T     ,GRY,2025,1,MITSUBISHI
MITSUB,TR    ,WHI,2025,1,MITSUBISHI
MITSUB,TRIOTN,WHI,2025,1,MITSUBISHI
MITSUB,TRITON,BLK,2025,18,MITSUBISHI
MITSUB,TRITON,BLK,2026,5,MITSUBISHI
MITSUB,TRITON,BLU,2025,4,MITSUBISHI
MITSUB,TRITON,BLU,2026,2,MITSUBISHI
MITSUB,TRITON,GRY,2025,41,MITSUBISHI
MITSUB,TRITON,GRY,2026,8,MITSUBISHI
MITSUB,TRITON,OGE,2025,14,MITSUBISHI
MITSUB,TRITON,SIL,2025,38,MITSUBISHI
MITSUB,TRITON,SIL,2026,1,MITSUBISHI
MITSUB,TRITON,WHI,2025,158,MITSUBISHI
MITSUB,TRITON,WHI,2026,27,MITSUBISHI
MITSUB,ZM OUT,BLU,2025,1,MITSUBISHI
MITSUB,ZM OUT,GRY,2025,2,MITSUBISHI
MITSUB,ZM OUT,GRY,2026,1,MITSUBISHI
MITSUB,ZM OUT,RED,2025,1,MITSUBISHI
MITSUB,ZM OUT,SIL,2025,1,MITSUBISHI
MITSUB,ZM OUT,WHI,2025,3,MITSUBISHI
MV AGU,SUPERV,RED,2025,1,MV AGUSTA
N HOLL,T4.555,BLU,2025,1,NEW HOLLAND
N HOLL,TD5100,BLU,2025,1,NEW HOLLAND
N HOLL,TT475 ,BLU,2025,1,NEW HOLLAND
N HOLL,XTRAIL,WHI,2025,1,NEW HOLLAND
NICHIY,FB18  ,RED,2026,1,NICHIYU
NISSAN,      ,GRY,2025,1,NISSAN
NISSAN,ARIYA ,BLK,2025,2,NISSAN
NISSAN,ARIYA ,BRZ,2025,1,NISSAN
NISSAN,ARIYA ,GRN,2025,2,NISSAN
NISSAN,ARIYA ,GRY,2025,2,NISSAN
NISSAN,ARIYA ,WHI,2025,3,NISSAN
NISSAN,JUKE  ,BLU,2025,2,NISSAN
NISSAN,JUKE  ,GRY,2025,5,NISSAN
NISSAN,JUKE  ,RED,2025,2,NISSAN
NISSAN,JUKE  ,WHI,2025,3,NISSAN
NISSAN,LEEAF ,WHI,2026,1,NISSAN
NISSAN,NAVARA,BLK,2025,4,NISSAN
NISSAN,NAVARA,BLK,2026,15,NISSAN
NISSAN,NAVARA,BLU,2026,2,NISSAN
NISSAN,NAVARA,GRY,2025,14,NISSAN
NISSAN,NAVARA,GRY,2026,41,NISSAN
NISSAN,NAVARA,RED,2026,7,NISSAN
NISSAN,NAVARA,SIL,2025,3,NISSAN
NISSAN,NAVARA,SIL,2026,10,NISSAN
NISSAN,NAVARA,WHI,2025,19,NISSAN
NISSAN,NAVARA,WHI,2026,50,NISSAN
NISSAN,NAVARA,YLW,2025,1,NISSAN
NISSAN,NISSAN,WHI,2026,1,NISSAN
NISSAN,PATHFI,RED,2025,1,NISSAN
NISSAN,PATHFI,WHI,2025,1,NISSAN
NISSAN,PATROL,BLK,2025,3,NISSAN
NISSAN,PATROL,BLK,2026,26,NISSAN
NISSAN,PATROL,GRY,2025,3,NISSAN
NISSAN,PATROL,GRY,2026,38,NISSAN
NISSAN,PATROL,MRN,2026,1,NISSAN
NISSAN,PATROL,RED,2026,5,NISSAN
NISSAN,PATROL,SIL,2026,6,NISSAN
NISSAN,PATROL,WHI,2025,2,NISSAN
NISSAN,PATROL,WHI,2026,36,NISSAN
NISSAN,QASHQA,BLK,2025,3,NISSAN
NISSAN,QASHQA,BLK,2026,1,NISSAN
NISSAN,QASHQA,BLU,2025,4,NISSAN
NISSAN,QASHQA,BLU,2026,2,NISSAN
NISSAN,QASHQA,GRN,2025,1,NISSAN
NISSAN,QASHQA,GRN,2026,4,NISSAN
NISSAN,QASHQA,GRY,2025,9,NISSAN
NISSAN,QASHQA,GRY,2026,5,NISSAN
NISSAN,QASHQA,RED,2025,3,NISSAN
NISSAN,QASHQA,RED,2026,1,NISSAN
NISSAN,QASHQA,WHI,2025,9,NISSAN
NISSAN,QASHQA,WHI,2026,7,NISSAN
NISSAN,X     ,GRY,2025,1,NISSAN
NISSAN,X TRAI,BLK,2026,3,NISSAN
NISSAN,X TRAI,BLU,2025,1,NISSAN
NISSAN,X TRAI,BLU,2026,2,NISSAN
NISSAN,X TRAI,GLD,2025,1,NISSAN
NISSAN,X TRAI,GLD,2026,3,NISSAN
NISSAN,X TRAI,GRY,2025,2,NISSAN
NISSAN,X TRAI,GRY,2026,12,NISSAN
NISSAN,X TRAI,RED,2026,1,NISSAN
NISSAN,X TRAI,SIL,2025,2,NISSAN
NISSAN,X TRAI,SIL,2026,2,NISSAN
NISSAN,X TRAI,WHI,2025,9,NISSAN
NISSAN,X TRAI,WHI,2026,14,NISSAN
NISSAN,XT    ,GRY,2026,1,NISSAN
NISSAN,XTRAIL,BLK,2025,18,NISSAN
NISSAN,XTRAIL,BLK,2026,14,NISSAN
NISSAN,XTRAIL,BLU,2025,17,NISSAN
NISSAN,XTRAIL,BLU,2026,17,NISSAN
NISSAN,XTRAIL,GLD,2025,14,NISSAN
NISSAN,XTRAIL,GLD,2026,18,NISSAN
NISSAN,XTRAIL,GRY,2025,43,NISSAN
NISSAN,XTRAIL,GRY,2026,72,NISSAN
NISSAN,XTRAIL,RED,2025,16,NISSAN
NISSAN,XTRAIL,RED,2026,45,NISSAN
NISSAN,XTRAIL,SIL,2025,20,NISSAN
NISSAN,XTRAIL,SIL,2026,4,NISSAN
NISSAN,XTRAIL,WHI,2025,69,NISSAN
NISSAN,XTRAIL,WHI,2026,207,NISSAN
NISSAN,Z     ,BLU,2026,1,NISSAN
NISSAN,Z     ,RED,2026,1,NISSAN
OMODA ,9     ,BLK,2026,1,OMODA
OMODA ,9     ,GRY,2025,1,OMODA
OMODA ,9     ,GRY,2026,1,OMODA
OMODA ,O9    ,GRY,2026,2,OMODA
OMODA ,O9 PHE,GRY,2025,2,OMODA
OMODA ,OMODA ,BLK,2025,2,OMODA
OMODA ,OMODA ,GRY,2025,2,OMODA
OMODA ,OMODA ,GRY,2026,2,OMODA
PEUG  ,2008  ,GRY,2025,2,PEUGEOT
PEUG  ,2008  ,GRY,2026,1,PEUGEOT
PEUG  ,2008 G,WHI,2025,1,PEUGEOT
PEUG  ,200T G,GRY,2025,1,PEUGEOT
PEUG  ,3008  ,GRY,2025,2,PEUGEOT
PEUG  ,3008 G,BLU,2025,1,PEUGEOT
PEUG  ,308 GT,BLU,2025,1,PEUGEOT
PEUG  ,308 GT,WHI,2025,1,PEUGEOT
PEUG  ,408  G,BLK,2025,1,PEUGEOT
PEUG  ,408 GT,WHI,2025,1,PEUGEOT
PEUG  ,5008  ,BLK,2025,2,PEUGEOT
PEUG  ,EXPERT,GRY,2026,1,PEUGEOT
PEUG  ,PARTNE,BLK,2026,2,PEUGEOT
PEUG  ,PARTNE,WHI,2025,2,PEUGEOT
PEUG  ,PARTNE,WHI,2026,4,PEUGEOT
PEUG  ,SONIC ,WHI,2026,1,PEUGEOT
POLARI,1000  ,BLK,2025,1,POLARIS
POLARI,570SP ,GRY,2026,1,POLARIS
POLARI,RANGER,BLU,2025,2,POLARIS
POLARI,RANGER,BLU,2026,1,POLARIS
POLARI,RANGER,GRY,2026,2,POLARIS
POLARI,RGR   ,GRN,2025,1,POLARIS
POLARI,SP570 ,BLU,2026,1,POLARIS
POLARI,XP100 ,BLK,2026,1,POLARIS
POLARI,XP1000,GRY,2026,1,POLARIS
POLEST,2     ,BEI,2026,1,POLESTAR
POLEST,2     ,BLK,2025,2,POLESTAR
POLEST,2     ,BLK,2026,1,POLESTAR
POLEST,2     ,BLU,2025,5,POLESTAR
POLEST,2     ,BLU,2026,1,POLESTAR
POLEST,2     ,GRY,2025,2,POLESTAR
POLEST,2     ,SIL,2025,1,POLESTAR
POLEST,2     ,SIL,2026,5,POLESTAR
POLEST,2     ,WHI,2025,3,POLESTAR
POLEST,2     ,WHI,2026,1,POLESTAR
POLEST,4     ,BLK,2025,6,POLESTAR
POLEST,4     ,BLU,2025,2,POLESTAR
POLEST,4     ,GRY,2025,7,POLESTAR
POLEST,4     ,SIL,2025,6,POLESTAR
POLEST,4     ,SIL,2026,1,POLESTAR
POLEST,4     ,WHI,2025,1,POLESTAR
POLEST,POLEST,BLK,2025,1,POLESTAR
PORSCH,718   ,BLK,2025,1,PORSCHE
PORSCH,911 CA,BLK,2026,1,PORSCHE
PORSCH,911 CA,GRN,2026,1,PORSCHE
PORSCH,911 CA,GRY,2025,1,PORSCHE
PORSCH,911 CA,GRY,2026,1,PORSCHE
PORSCH,911 GT,BLK,2026,3,PORSCHE
PORSCH,911 GT,GRN,2025,1,PORSCHE
PORSCH,911 GT,GRN,2026,1,PORSCHE
PORSCH,911 TA,BLK,2026,1,PORSCHE
PORSCH,911CAR,BLK,2026,1,PORSCHE
PORSCH,911CAR,GRN,2026,1,PORSCHE
PORSCH,CAYENN,BEI,2026,1,PORSCHE
PORSCH,CAYENN,BLK,2026,14,PORSCHE
PORSCH,CAYENN,BLU,2026,2,PORSCHE
PORSCH,CAYENN,GRY,2025,2,PORSCHE
PORSCH,CAYENN,GRY,2026,16,PORSCHE
PORSCH,CAYENN,RED,2026,3,PORSCHE
PORSCH,CAYENN,SIL,2025,1,PORSCHE
PORSCH,CAYENN,SIL,2026,1,PORSCHE
PORSCH,CAYENN,WHI,2026,3,PORSCHE
PORSCH,MACAN ,BLK,2025,1,PORSCHE
PORSCH,MACAN ,BLK,2026,3,PORSCHE
PORSCH,MACAN ,BLU,2025,1,PORSCHE
PORSCH,MACAN ,BLU,2026,2,PORSCHE
PORSCH,MACAN ,GRN,2026,5,PORSCHE
PORSCH,MACAN ,GRY,2025,2,PORSCHE
PORSCH,MACAN ,GRY,2026,4,PORSCHE
PORSCH,MACAN ,SIL,2025,1,PORSCHE
PORSCH,MACAN ,WHI,2025,1,PORSCHE
PORSCH,MACAN ,WHI,2026,3,PORSCHE
PORSCH,PANAME,BLK,2026,1,PORSCHE
PORSCH,TAYCAN,PUR,2025,1,PORSCHE
R ENF ,BEAR  ,BLK,2025,2,ROYAL ENFIELD
R ENF ,BEAR  ,BLK,2026,1,ROYAL ENFIELD
R ENF ,BEAR  ,GRN,2026,2,ROYAL ENFIELD
R ENF ,BEAR  ,WHI,2026,1,ROYAL ENFIELD
R ENF ,CGT650,GRN,2026,1,ROYAL ENFIELD
R ENF ,CGT650,RED,2025,1,ROYAL ENFIELD
R ENF ,CLA350,BEI,2025,1,ROYAL ENFIELD
R ENF ,CLA350,BLK,2025,1,ROYAL ENFIELD
R ENF ,CLA350,BRN,2025,2,ROYAL ENFIELD
R ENF ,CLA350,RED,2025,1,ROYAL ENFIELD
R ENF ,CLA350,SIL,2025,1,ROYAL ENFIELD
R ENF ,CLASS ,BLK,2025,1,ROYAL ENFIELD
R ENF ,CLASS ,BLU,2026,1,ROYAL ENFIELD
R ENF ,CLASS ,SIL,2025,1,ROYAL ENFIELD
R ENF ,CLASSI,BLK,2025,1,ROYAL ENFIELD
R ENF ,CLASSI,RED,2025,1,ROYAL ENFIELD
R ENF ,CNEX  ,GRN,2026,1,ROYAL ENFIELD
R ENF ,CNEX  ,WHI,2025,1,ROYAL ENFIELD
R ENF ,GON350,GRN,2026,1,ROYAL ENFIELD
R ENF ,GURILA,YLW,2025,2,ROYAL ENFIELD
R ENF ,HIM450,BLK,2025,1,ROYAL ENFIELD
R ENF ,HIM450,BLK,2026,1,ROYAL ENFIELD
R ENF ,HIM450,BRN,2026,1,ROYAL ENFIELD
R ENF ,HIM450,CRM,2025,1,ROYAL ENFIELD
R ENF ,HNT350,MRN,2025,1,ROYAL ENFIELD
R ENF ,MET350,BLK,2026,1,ROYAL ENFIELD
R ENF ,SGN650,BLU,2025,1,ROYAL ENFIELD
R ENF ,SGN650,GRN,2025,1,ROYAL ENFIELD
R ENF ,SGN650,GRY,2025,1,ROYAL ENFIELD
R ENF ,SHOTGU,GRN,2025,1,ROYAL ENFIELD
R ENF ,SM650 ,BLK,2025,1,ROYAL ENFIELD
R ENF ,SMT650,BLK,2025,1,ROYAL ENFIELD
R ENF ,SMT650,GRN,2026,2,ROYAL ENFIELD
R ENF ,SMT650,RED,2026,1,ROYAL ENFIELD
R ROV ,EVOQUE,WHI,2025,1,RANGE ROVER
RAM   ,1500  ,BLK,2025,1,RAM
RAM   ,1500  ,BLK,2026,2,RAM
RAM   ,1500  ,BLU,2025,1,RAM
RAM   ,1500  ,BLU,2026,1,RAM
RAM   ,1500  ,GRY,2026,2,RAM
RAM   ,1500  ,WHI,2025,1,RAM
RAM   ,1500  ,WHI,2026,2,RAM
RAM   ,1500 L,BLK,2025,3,RAM
RAM   ,1500 L,BLK,2026,2,RAM
RAM   ,1500 L,BLU,2026,1,RAM
RAM   ,1500 L,GRY,2025,3,RAM
RAM   ,1500 L,GRY,2026,1,RAM
RAM   ,1500 L,SIL,2025,2,RAM
RAM   ,1500 L,WHI,2026,2,RAM
RAM   ,1500 R,RED,2025,1,RAM
RAM   ,1500 R,WHI,2025,1,RAM
RAM   ,2500  ,BLK,2026,1,RAM
RAM   ,2500  ,GRY,2026,2,RAM
RAM   ,2500  ,SIL,2026,1,RAM
RAM   ,2500 L,BLU,2026,1,RAM
RAM   ,2500 L,GRY,2026,3,RAM
RAM   ,2500 L,SIL,2026,2,RAM
RAM   ,3500  ,WHI,2025,1,RAM
RAM   ,3500 L,WHI,2026,1,RAM
RAM   ,LIMITD,GRY,2026,1,RAM
RAM   ,MY26 R,GRY,2025,1,RAM
RAM   ,RAMBOX,WHI,2026,1,RAM
REN   ,ARKANA,GRY,2025,3,RENAULT
REN   ,DESTIN,WHI,2025,1,RENAULT
REN   ,DUSTER,BEI,2026,2,RENAULT
REN   ,DUSTER,BLK,2026,2,RENAULT
REN   ,DUSTER,GRN,2025,3,RENAULT
REN   ,DUSTER,OGE,2026,1,RENAULT
REN   ,DUSTER,TAN,2025,1,RENAULT
REN   ,DUSTER,WHI,2025,1,RENAULT
REN   ,DUSTER,WHI,2026,1,RENAULT
REN   ,JRV   ,GRY,2026,1,RENAULT
REN   ,JRV   ,WHI,2026,1,RENAULT
REN   ,JRV LI,GRY,2026,1,RENAULT
REN   ,KANGOO,GRY,2025,2,RENAULT
REN   ,KANGOO,WHI,2025,1,RENAULT
REN   ,KOLEOS,BLK,2025,1,RENAULT
REN   ,KOLEOS,GRY,2025,4,RENAULT
REN   ,KOLEOS,RED,2025,3,RENAULT
REN   ,KOLEOS,WHI,2025,5,RENAULT
REN   ,MASTER,WHI,2025,43,RENAULT
REN   ,MEGANE,BLK,2025,1,RENAULT
REN   ,MEGANE,BLU,2025,1,RENAULT
REN   ,MEGANE,GRY,2025,2,RENAULT
REN   ,MEGANE,GRY,2026,1,RENAULT
REN   ,MEGANE,RED,2025,1,RENAULT
REN   ,MEGANE,RED,2026,2,RENAULT
REN   ,MEGANE,WHI,2026,2,RENAULT
REN   ,RM 19 ,GRY,2026,5,RENAULT
REN   ,SCENIC,BLK,2026,1,RENAULT
REN   ,SCENIC,GRY,2025,1,RENAULT
REN   ,TRAFFI,WHI,2026,3,RENAULT
REN   ,TRAFIC,GRY,2025,2,RENAULT
REN   ,TRAFIC,GRY,2026,4,RENAULT
REN   ,TRAFIC,WHI,2025,6,RENAULT
REN   ,TRAFIC,WHI,2026,5,RENAULT
RIEJU ,MR PRO,RED,2025,1,RIEJU
RIEJU ,MR300 ,RED,2025,1,RIEJU
SCANIA,G 500 ,CRM,2026,1,SCANIA
SCANIA,G 560 ,RED,2026,1,SCANIA
SCANIA,G 560 ,WHI,2025,2,SCANIA
SCANIA,K320C ,WHI,2026,1,SCANIA
SCANIA,K370C ,WHI,2026,6,SCANIA
SCANIA,NGG4KR,WHI,2025,1,SCANIA
SCANIA,P 280 ,WHI,2026,4,SCANIA
SCANIA,P 320 ,WHI,2026,1,SCANIA
SCANIA,P 360 ,RED,2026,1,SCANIA
SCANIA,P 360 ,WHI,2025,1,SCANIA
SCANIA,P 420 ,WHI,2025,2,SCANIA
SCANIA,P 460 ,WHI,2025,2,SCANIA
SCANIA,P 460 ,WHI,2026,2,SCANIA
SCANIA,PUTZME,WHI,2026,1,SCANIA
SCANIA,R 560 ,WHI,2026,1,SCANIA
SCANIA,R 590 ,WHI,2025,1,SCANIA
SCANIA,R 590 ,WHI,2026,2,SCANIA
SCANIA,R 660 ,BLU,2026,1,SCANIA
SHANG ,L56   ,YLW,2025,1,SHANGHAI
SHERCO,3002ST,BLU,2025,1,SHERCO
SHERCO,500SEF,BLU,2025,1,SHERCO
SHERCO,S6    ,BLU,2025,1,SHERCO
SHERCO,SEF450,BLU,2025,1,SHERCO
SINO  ,C7 6X4,WHI,2025,4,SINOTRUK
SINO  ,C9 6X4,WHI,2025,1,SINOTRUK
SINO  ,G5 4X2,WHI,2025,1,SINOTRUK
SINO  ,G5S   ,WHI,2025,1,SINOTRUK
SINO  ,G5S   ,WHI,2026,2,SINOTRUK
SINO  ,G5S 8X,WHI,2026,5,SINOTRUK
SINO  ,G5S 8X,YLW,2026,2,SINOTRUK
SINO  ,G7 540,WHI,2025,1,SINOTRUK
SINO  ,G7S   ,WHI,2025,1,SINOTRUK
SINO  ,T5G   ,WHI,2025,2,SINOTRUK
SINO  ,T5G   ,WHI,2026,2,SINOTRUK
SINO  ,T5G 8X,WHI,2025,3,SINOTRUK
SINO  ,T5G 8X,WHI,2026,1,SINOTRUK
SINO  ,ZZ1316,WHI,2026,1,SINOTRUK
SINO  ,ZZ1317,WHI,2025,1,SINOTRUK
SINO  ,ZZ1317,YLW,2025,1,SINOTRUK
SINO  ,ZZ3317,YLW,2025,1,SINOTRUK
SKODA ,ELROQ ,BLK,2025,3,SKODA
SKODA ,ELROQ ,BLK,2026,1,SKODA
SKODA ,ELROQ ,BLU,2025,4,SKODA
SKODA ,ELROQ ,BLU,2026,2,SKODA
SKODA ,ELROQ ,GRN,2025,1,SKODA
SKODA ,ELROQ ,GRN,2026,2,SKODA
SKODA ,ELROQ ,GRY,2025,4,SKODA
SKODA ,ELROQ ,GRY,2026,3,SKODA
SKODA ,ELROQ ,RED,2025,3,SKODA
SKODA ,ELROQ ,WHI,2025,6,SKODA
SKODA ,ELROQ ,WHI,2026,1,SKODA
SKODA ,ENYAQ ,BLK,2025,3,SKODA
SKODA ,ENYAQ ,BLU,2025,2,SKODA
SKODA ,ENYAQ ,BLU,2026,1,SKODA
SKODA ,ENYAQ ,GRN,2025,4,SKODA
SKODA ,ENYAQ ,GRY,2025,2,SKODA
SKODA ,ENYAQ ,GRY,2026,2,SKODA
SKODA ,ENYAQ ,WHI,2025,2,SKODA
SKODA ,ENYAQ ,WHI,2026,2,SKODA
SKODA ,FABIA ,BLU,2025,3,SKODA
SKODA ,FABIA ,BLU,2026,2,SKODA
SKODA ,FABIA ,GRY,2025,1,SKODA
SKODA ,FABIA ,SIL,2025,3,SKODA
SKODA ,FABIA ,WHI,2025,4,SKODA
SKODA ,KAMIQ ,BLU,2025,6,SKODA
SKODA ,KAMIQ ,BLU,2026,1,SKODA
SKODA ,KAMIQ ,GRY,2025,3,SKODA
SKODA ,KAMIQ ,GRY,2026,3,SKODA
SKODA ,KAMIQ ,OGE,2025,2,SKODA
SKODA ,KAMIQ ,RED,2025,4,SKODA
SKODA ,KAMIQ ,SIL,2026,1,SKODA
SKODA ,KAMIQ ,WHI,2025,4,SKODA
SKODA ,KAMIQ ,WHI,2026,2,SKODA
SKODA ,KARIQ ,WHI,2026,1,SKODA
SKODA ,KAROQ ,BLK,2025,3,SKODA
SKODA ,KAROQ ,BLU,2025,5,SKODA
SKODA ,KAROQ ,GRY,2025,7,SKODA
SKODA ,KAROQ ,RED,2025,2,SKODA
SKODA ,KAROQ ,WHI,2025,3,SKODA
SKODA ,KODIAQ,BLK,2025,6,SKODA
SKODA ,KODIAQ,BLK,2026,1,SKODA
SKODA ,KODIAQ,BLU,2025,4,SKODA
SKODA ,KODIAQ,GLD,2026,1,SKODA
SKODA ,KODIAQ,GRY,2025,14,SKODA
SKODA ,KODIAQ,GRY,2026,3,SKODA
SKODA ,KODIAQ,SIL,2026,1,SKODA
SKODA ,KODIAQ,WHI,2025,13,SKODA
SKODA ,MODIAQ,BLK,2025,1,SKODA
SKODA ,OCTAVI,BLK,2026,1,SKODA
SKODA ,OCTAVI,BLU,2025,4,SKODA
SKODA ,OCTAVI,GRY,2025,7,SKODA
SKODA ,OCTAVI,GRY,2026,1,SKODA
SKODA ,OCTAVI,SIL,2025,1,SKODA
SKODA ,OCTAVI,WHI,2025,6,SKODA
SKODA ,SCALA ,BLK,2025,1,SKODA
SKODA ,SCALA ,BLU,2025,1,SKODA
SKODA ,SCALA ,GRY,2025,2,SKODA
SKODA ,SCALA ,WHI,2025,4,SKODA
SKODA ,SUPERB,BLK,2025,1,SKODA
SKODA ,SUPERB,BLU,2025,1,SKODA
SKODA ,SUPERB,GRN,2026,1,SKODA
SKODA ,SUPERB,RED,2025,1,SKODA
SKODA ,SUPERB,SIL,2026,1,SKODA
SKODA ,SUPERB,WHI,2025,1,SKODA
SKODA ,TIGGO ,SIL,2026,1,SKODA
SMART ,1 PREM,GRY,2025,1,SMART
SMART ,1 PRO ,BLU,2025,1,SMART
SMART ,3 PREM,BLK,2025,1,SMART
SMART ,3 PREM,BLU,2025,1,SMART
SSANGY,ACTYON,BEI,2025,1,SSANGYONG
SSANGY,ACTYON,BLK,2025,1,SSANGYONG
SSANGY,MUSSO ,BLK,2026,1,SSANGYONG
SSANGY,MUSSO ,GRN,2026,1,SSANGYONG
SSANGY,MUSSO ,GRY,2025,3,SSANGYONG
SSANGY,MUSSO ,GRY,2026,2,SSANGYONG
SSANGY,MUSSO ,WHI,2025,6,SSANGYONG
SSANGY,MUSSO ,WHI,2026,1,SSANGYONG
SSANGY,REXTON,BLK,2025,2,SSANGYONG
SSANGY,REXTON,BLK,2026,2,SSANGYONG
SSANGY,REXTON,GRY,2026,1,SSANGYONG
SSANGY,REXTON,WHI,2025,5,SSANGYONG
SSANGY,TORRES,GRN,2026,1,SSANGYONG
SSANGY,Y400  ,GRY,2025,1,SSANGYONG
STARK ,EX    ,GRY,2026,1,STARK
STARK ,EX    ,WHI,2025,1,STARK
STARK ,EX  VA,RED,2025,1,STARK
STARK ,VARG 1,GRY,2026,1,STARK
STARK ,VARG 1,WHI,2025,1,STARK
SUBARU,BRZ   ,BLK,2026,1,SUBARU
SUBARU,BRZ   ,BLU,2025,2,SUBARU
SUBARU,BRZ   ,BLU,2026,2,SUBARU
SUBARU,BRZ   ,GRY,2025,1,SUBARU
SUBARU,BRZ   ,RED,2026,1,SUBARU
SUBARU,BRZ   ,SIL,2026,1,SUBARU
SUBARU,BRZ   ,WHI,2025,1,SUBARU
SUBARU,BRZ   ,YLW,2025,3,SUBARU
SUBARU,CEROSS,WHI,2026,1,SUBARU
SUBARU,CROSST,BEI,2026,7,SUBARU
SUBARU,CROSST,BLK,2026,10,SUBARU
SUBARU,CROSST,BLU,2025,3,SUBARU
SUBARU,CROSST,BLU,2026,23,SUBARU
SUBARU,CROSST,CRM,2025,1,SUBARU
SUBARU,CROSST,GRN,2026,3,SUBARU
SUBARU,CROSST,GRY,2025,9,SUBARU
SUBARU,CROSST,GRY,2026,38,SUBARU
SUBARU,CROSST,RED,2025,2,SUBARU
SUBARU,CROSST,RED,2026,15,SUBARU
SUBARU,CROSST,SIL,2025,6,SUBARU
SUBARU,CROSST,SIL,2026,42,SUBARU
SUBARU,CROSST,WHI,2025,12,SUBARU
SUBARU,CROSST,WHI,2026,51,SUBARU
SUBARU,CROSST,YLW,2025,3,SUBARU
SUBARU,CROSST,YLW,2026,11,SUBARU
SUBARU,FOEEST,GRY,2025,1,SUBARU
SUBARU,FOREST,BLK,2025,5,SUBARU
SUBARU,FOREST,BLK,2026,1,SUBARU
SUBARU,FOREST,BLU,2025,20,SUBARU
SUBARU,FOREST,BLU,2026,9,SUBARU
SUBARU,FOREST,BRZ,2025,11,SUBARU
SUBARU,FOREST,BRZ,2026,2,SUBARU
SUBARU,FOREST,GLD,2025,7,SUBARU
SUBARU,FOREST,GLD,2026,2,SUBARU
SUBARU,FOREST,GRN,2025,9,SUBARU
SUBARU,FOREST,GRN,2026,11,SUBARU
SUBARU,FOREST,GRY,2025,63,SUBARU
SUBARU,FOREST,GRY,2026,14,SUBARU
SUBARU,FOREST,RED,2025,7,SUBARU
SUBARU,FOREST,RED,2026,4,SUBARU
SUBARU,FOREST,SIL,2025,26,SUBARU
SUBARU,FOREST,SIL,2026,10,SUBARU
SUBARU,FOREST,WHI,2025,50,SUBARU
SUBARU,FOREST,WHI,2026,22,SUBARU
SUBARU,FORETS,GRY,2025,1,SUBARU
SUBARU,IMPREZ,BLK,2025,1,SUBARU
SUBARU,IMPREZ,BLU,2025,5,SUBARU
SUBARU,IMPREZ,GRY,2025,3,SUBARU
SUBARU,IMPREZ,SIL,2025,4,SUBARU
SUBARU,IMPREZ,WHI,2025,7,SUBARU
SUBARU,MY26 C,WHI,2025,1,SUBARU
SUBARU,MY26 F,BLU,2026,1,SUBARU
SUBARU,MY26 F,GLD,2026,1,SUBARU
SUBARU,MY26 F,GRN,2025,1,SUBARU
SUBARU,MY26 F,RED,2026,1,SUBARU
SUBARU,MY26 F,WHI,2026,1,SUBARU
SUBARU,OUTBAC,BLU,2025,6,SUBARU
SUBARU,OUTBAC,GRN,2025,10,SUBARU
SUBARU,OUTBAC,GRY,2025,23,SUBARU
SUBARU,OUTBAC,SIL,2025,5,SUBARU
SUBARU,OUTBAC,WHI,2025,36,SUBARU
SUBARU,SOLTER,BLK,2025,1,SUBARU
SUBARU,SOLTER,BLU,2025,1,SUBARU
SUBARU,SOLTER,GRY,2025,2,SUBARU
SUBARU,SOLTER,GRY,2026,3,SUBARU
SUBARU,SOLTER,WHI,2025,9,SUBARU
SUBARU,SPORT ,WHI,2025,1,SUBARU
SUBARU,SUBARU,WHI,2026,1,SUBARU
SUBARU,WRX   ,BLU,2025,6,SUBARU
SUBARU,WRX   ,GRY,2025,5,SUBARU
SUBARU,WRX   ,WHI,2025,2,SUBARU
SUBARU,WRX   ,WHI,2026,2,SUBARU
SURRON,QL6000,BLK,2026,1,SURRON
SURRON,ULTRA ,BLK,2026,1,SURRON
SURRON,ULTRAB,BLK,2025,1,SURRON
SUZUKI,ADDRES,BLU,2026,1,SUZUKI
SUZUKI,DL1050,BLU,2025,1,SUZUKI
SUZUKI,DL650 ,BLK,2025,1,SUZUKI
SUZUKI,DL650 ,YLW,2025,1,SUZUKI
SUZUKI,DR250R,RED,2026,1,SUZUKI
SUZUKI,DR250R,YLW,2026,1,SUZUKI
SUZUKI,DRZ400,YLW,2025,1,SUZUKI
SUZUKI,DRZ400,YLW,2026,3,SUZUKI
SUZUKI,DRZ40E,YLW,2025,1,SUZUKI
SUZUKI,DRZ4S ,YLW,2025,1,SUZUKI
SUZUKI,DRZ4SM,WHI,2026,1,SUZUKI
SUZUKI,DS250 ,RED,2026,2,SUZUKI
SUZUKI,DS250 ,YLW,2026,3,SUZUKI
SUZUKI,DS250R,RED,2025,1,SUZUKI
SUZUKI,FRONX ,BLK,2025,1,SUZUKI
SUZUKI,FRONX ,BLU,2025,7,SUZUKI
SUZUKI,FRONX ,GRY,2025,2,SUZUKI
SUZUKI,FRONX ,OGE,2026,1,SUZUKI
SUZUKI,FRONX ,SIL,2025,2,SUZUKI
SUZUKI,FRONX ,SIL,2026,2,SUZUKI
SUZUKI,FRONX ,WHI,2025,8,SUZUKI
SUZUKI,GJ    ,GRN,2026,1,SUZUKI
SUZUKI,GSX800,BLU,2025,2,SUZUKI
SUZUKI,GSXR25,RED,2026,1,SUZUKI
SUZUKI,GSXS10,BLK,2026,1,SUZUKI
SUZUKI,GSXS10,RED,2026,1,SUZUKI
SUZUKI,HAYABU,BLK,2025,1,SUZUKI
SUZUKI,IGNIS ,BEI,2025,2,SUZUKI
SUZUKI,IGNIS ,GRY,2025,3,SUZUKI
SUZUKI,IGNIS ,KHA,2025,2,SUZUKI
SUZUKI,IGNIS ,RED,2025,3,SUZUKI
SUZUKI,IGNIS ,WHI,2025,6,SUZUKI
SUZUKI,JIMNY ,BEI,2025,1,SUZUKI
SUZUKI,JIMNY ,BEI,2026,3,SUZUKI
SUZUKI,JIMNY ,BLK,2025,1,SUZUKI
SUZUKI,JIMNY ,BLK,2026,13,SUZUKI
SUZUKI,JIMNY ,BLU,2026,6,SUZUKI
SUZUKI,JIMNY ,CRM,2025,2,SUZUKI
SUZUKI,JIMNY ,CRM,2026,7,SUZUKI
SUZUKI,JIMNY ,GRN,2025,3,SUZUKI
SUZUKI,JIMNY ,GRN,2026,20,SUZUKI
SUZUKI,JIMNY ,GRY,2025,5,SUZUKI
SUZUKI,JIMNY ,GRY,2026,18,SUZUKI
SUZUKI,JIMNY ,WHI,2025,8,SUZUKI
SUZUKI,JIMNY ,WHI,2026,20,SUZUKI
SUZUKI,JIMNY ,YLW,2026,4,SUZUKI
SUZUKI,RGV250,WHI,2026,1,SUZUKI
SUZUKI,S CROS,SIL,2025,1,SUZUKI
SUZUKI,S CROS,WHI,2025,5,SUZUKI
SUZUKI,SCROSS,BLU,2025,1,SUZUKI
SUZUKI,SV6503,BLK,2026,1,SUZUKI
SUZUKI,SV65SU,BLK,2026,1,SUZUKI
SUZUKI,SWIFT ,BLK,2025,1,SUZUKI
SUZUKI,SWIFT ,BLU,2025,5,SUZUKI
SUZUKI,SWIFT ,BLU,2026,5,SUZUKI
SUZUKI,SWIFT ,GRY,2025,2,SUZUKI
SUZUKI,SWIFT ,GRY,2026,2,SUZUKI
SUZUKI,SWIFT ,OGE,2025,3,SUZUKI
SUZUKI,SWIFT ,OGE,2026,2,SUZUKI
SUZUKI,SWIFT ,RED,2025,4,SUZUKI
SUZUKI,SWIFT ,SIL,2025,4,SUZUKI
SUZUKI,SWIFT ,SIL,2026,2,SUZUKI
SUZUKI,SWIFT ,WHI,2025,18,SUZUKI
SUZUKI,SWIFT ,WHI,2026,5,SUZUKI
SUZUKI,SWOFT ,WHI,2025,1,SUZUKI
SUZUKI,UN125M,GRN,2026,1,SUZUKI
SUZUKI,VITARA,BLK,2025,2,SUZUKI
SUZUKI,VITARA,GRY,2026,3,SUZUKI
SUZUKI,VITARA,WHI,2025,1,SUZUKI
SUZUKI,VITARA,WHI,2026,3,SUZUKI
SYM   ,ORBIT ,BLK,2026,1,SYM
SYM   ,SYMPHO,WHI,2025,1,SYM
TAKECH,TL12V2,RED,2026,1,TAKEUCHI
TESLA ,M3 LR ,BLU,2025,1,TESLA
TESLA ,M3 LR ,RED,2025,2,TESLA
TESLA ,M3 LRR,BLK,2025,2,TESLA
TESLA ,M3 LRR,BLU,2025,1,TESLA
TESLA ,M3 LRR,BLU,2026,6,TESLA
TESLA ,M3 LRR,GRY,2025,5,TESLA
TESLA ,M3 LRR,GRY,2026,3,TESLA
TESLA ,M3 LRR,PNK,2026,1,TESLA
TESLA ,M3 LRR,RED,2026,11,TESLA
TESLA ,M3 LRR,SIL,2026,6,TESLA
TESLA ,M3 LRR,WHI,2025,9,TESLA
TESLA ,M3 LRR,WHI,2026,29,TESLA
TESLA ,M3 PRF,GRY,2026,4,TESLA
TESLA ,M3 PRF,RED,2026,4,TESLA
TESLA ,M3 PRF,SIL,2026,8,TESLA
TESLA ,M3 PRF,WHI,2026,1,TESLA
TESLA ,M3 RWD,BLK,2025,3,TESLA
TESLA ,M3 RWD,BLK,2026,21,TESLA
TESLA ,M3 RWD,BLU,2025,3,TESLA
TESLA ,M3 RWD,BLU,2026,6,TESLA
TESLA ,M3 RWD,GRY,2025,1,TESLA
TESLA ,M3 RWD,GRY,2026,5,TESLA
TESLA ,M3 RWD,RED,2025,1,TESLA
TESLA ,M3 RWD,RED,2026,6,TESLA
TESLA ,M3 RWD,SIL,2025,2,TESLA
TESLA ,M3 RWD,SIL,2026,15,TESLA
TESLA ,M3 RWD,WHI,2026,22,TESLA
TESLA ,MY LR ,BLK,2026,18,TESLA
TESLA ,MY LR ,BLU,2026,29,TESLA
TESLA ,MY LR ,GRY,2026,21,TESLA
TESLA ,MY LR ,RED,2026,33,TESLA
TESLA ,MY LR ,SIL,2026,59,TESLA
TESLA ,MY LR ,WHI,2026,73,TESLA
TESLA ,MY RWD,BLK,2025,5,TESLA
TESLA ,MY RWD,BLK,2026,37,TESLA
TESLA ,MY RWD,BLU,2025,1,TESLA
TESLA ,MY RWD,BLU,2026,57,TESLA
TESLA ,MY RWD,GRY,2025,5,TESLA
TESLA ,MY RWD,GRY,2026,36,TESLA
TESLA ,MY RWD,RED,2025,2,TESLA
TESLA ,MY RWD,RED,2026,32,TESLA
TESLA ,MY RWD,SIL,2025,2,TESLA
TESLA ,MY RWD,SIL,2026,111,TESLA
TESLA ,MY RWD,WHI,2025,2,TESLA
TESLA ,MY RWD,WHI,2026,198,TESLA
TESLA ,MYL LR,GRY,2026,1,TESLA
TESLA ,MYL LR,RED,2026,1,TESLA
TESLA ,MYL LR,SIL,2026,1,TESLA
TOYOTA,328FG1,OGE,2026,2,TOYOTA
TOYOTA,79 SER,BEI,2025,1,TOYOTA
TOYOTA,86    ,WHI,2026,1,TOYOTA
TOYOTA,8FBE18,OGE,2026,1,TOYOTA
TOYOTA,8FD50N,OGE,2025,1,TOYOTA
TOYOTA,8FG4ON,OGE,2026,1,TOYOTA
TOYOTA,8FGK20,OGE,2025,1,TOYOTA
TOYOTA,A25AX0,WHI,2026,1,TOYOTA
TOYOTA,BZ4X  ,BEI,2026,1,TOYOTA
TOYOTA,BZ4X  ,BLK,2025,13,TOYOTA
TOYOTA,BZ4X  ,BLK,2026,8,TOYOTA
TOYOTA,BZ4X  ,BLU,2025,4,TOYOTA
TOYOTA,BZ4X  ,BLU,2026,2,TOYOTA
TOYOTA,BZ4X  ,BRZ,2025,1,TOYOTA
TOYOTA,BZ4X  ,GRY,2025,18,TOYOTA
TOYOTA,BZ4X  ,GRY,2026,3,TOYOTA
TOYOTA,BZ4X  ,RED,2025,4,TOYOTA
TOYOTA,BZ4X  ,SIL,2025,1,TOYOTA
TOYOTA,BZ4X  ,SIL,2026,1,TOYOTA
TOYOTA,BZ4X  ,WHI,2025,27,TOYOTA
TOYOTA,BZ4X  ,WHI,2026,5,TOYOTA
TOYOTA,BZ4X E,BLU,2025,1,TOYOTA
TOYOTA,BZ4X E,WHI,2025,1,TOYOTA
TOYOTA,BZ4X S,BLK,2025,1,TOYOTA
TOYOTA,BZ4X S,GRY,2026,1,TOYOTA
TOYOTA,C HR  ,GRN,2026,1,TOYOTA
TOYOTA,C HR  ,SIL,2026,1,TOYOTA
TOYOTA,C HR  ,WHI,2026,1,TOYOTA
TOYOTA,C HR A,WHI,2026,1,TOYOTA
TOYOTA,CAMRY ,BLK,2025,1,TOYOTA
TOYOTA,CAMRY ,BLK,2026,19,TOYOTA
TOYOTA,CAMRY ,BLU,2026,7,TOYOTA
TOYOTA,CAMRY ,BRZ,2026,23,TOYOTA
TOYOTA,CAMRY ,GRY,2026,51,TOYOTA
TOYOTA,CAMRY ,RED,2026,20,TOYOTA
TOYOTA,CAMRY ,SIL,2025,3,TOYOTA
TOYOTA,CAMRY ,SIL,2026,38,TOYOTA
TOYOTA,CAMRY ,WHI,2025,4,TOYOTA
TOYOTA,CAMRY ,WHI,2026,149,TOYOTA
TOYOTA,CH R G,GRY,2026,2,TOYOTA
TOYOTA,CHR   ,BLK,2026,4,TOYOTA
TOYOTA,CHR   ,BLU,2026,2,TOYOTA
TOYOTA,CHR   ,BRN,2026,1,TOYOTA
TOYOTA,CHR   ,GLD,2025,1,TOYOTA
TOYOTA,CHR   ,GRN,2026,7,TOYOTA
TOYOTA,CHR   ,GRY,2025,2,TOYOTA
TOYOTA,CHR   ,GRY,2026,3,TOYOTA
TOYOTA,CHR   ,RED,2026,7,TOYOTA
TOYOTA,CHR   ,SIL,2025,2,TOYOTA
TOYOTA,CHR   ,SIL,2026,1,TOYOTA
TOYOTA,CHR   ,WHI,2026,7,TOYOTA
TOYOTA,C-HR  ,BRZ,2026,1,TOYOTA
TOYOTA,CHR GR,RED,2026,1,TOYOTA
TOYOTA,CHR GR,SIL,2026,1,TOYOTA
TOYOTA,CHR HY,BLU,2026,1,TOYOTA
TOYOTA,CHR HY,RED,2026,1,TOYOTA
TOYOTA,CHR HY,WHI,2026,1,TOYOTA
TOYOTA,CHR KO,BRZ,2026,1,TOYOTA
TOYOTA,CHR KO,GRY,2025,1,TOYOTA
TOYOTA,CHRH K,GRY,2026,1,TOYOTA
TOYOTA,CMARY ,WHI,2026,2,TOYOTA
TOYOTA,COASTE,WHI,2025,7,TOYOTA
TOYOTA,COASTE,WHI,2026,1,TOYOTA
TOYOTA,COROLL,BLK,2025,3,TOYOTA
TOYOTA,COROLL,BLK,2026,33,TOYOTA
TOYOTA,COROLL,BLU,2026,12,TOYOTA
TOYOTA,COROLL,GRY,2025,2,TOYOTA
TOYOTA,COROLL,GRY,2026,117,TOYOTA
TOYOTA,COROLL,OGE,2026,2,TOYOTA
TOYOTA,COROLL,RED,2025,1,TOYOTA
TOYOTA,COROLL,RED,2026,73,TOYOTA
TOYOTA,COROLL,SIL,2025,8,TOYOTA
TOYOTA,COROLL,SIL,2026,89,TOYOTA
TOYOTA,COROLL,WHI,2025,26,TOYOTA
TOYOTA,COROLL,WHI,2026,309,TOYOTA
TOYOTA,CROLLA,GRY,2026,2,TOYOTA
TOYOTA,CROLLA,RED,2026,1,TOYOTA
TOYOTA,CROLLA,WHI,2026,2,TOYOTA
TOYOTA,FORTUN,BLK,2026,4,TOYOTA
TOYOTA,FORTUN,GRY,2025,2,TOYOTA
TOYOTA,FORTUN,GRY,2026,5,TOYOTA
TOYOTA,FORTUN,RED,2026,1,TOYOTA
TOYOTA,FORTUN,SIL,2025,4,TOYOTA
TOYOTA,FORTUN,SIL,2026,2,TOYOTA
TOYOTA,FORTUN,WHI,2025,7,TOYOTA
TOYOTA,FORTUN,WHI,2026,13,TOYOTA
TOYOTA,GR COR,BLK,2025,1,TOYOTA
TOYOTA,GR COR,GRY,2025,1,TOYOTA
TOYOTA,GR COR,GRY,2026,3,TOYOTA
TOYOTA,GR COR,RED,2025,1,TOYOTA
TOYOTA,GR COR,WHI,2025,2,TOYOTA
TOYOTA,GR COR,WHI,2026,1,TOYOTA
TOYOTA,GR YAR,BLK,2026,1,TOYOTA
TOYOTA,GR YAR,GRY,2026,1,TOYOTA
TOYOTA,GR YAR,SIL,2026,1,TOYOTA
TOYOTA,GR YAR,WHI,2025,2,TOYOTA
TOYOTA,GR YAR,WHI,2026,1,TOYOTA
TOYOTA,GR86  ,BLK,2025,1,TOYOTA
TOYOTA,GR86  ,BLK,2026,3,TOYOTA
TOYOTA,GR86  ,GRY,2026,3,TOYOTA
TOYOTA,GR86  ,RED,2026,1,TOYOTA
TOYOTA,GR86  ,SIL,2026,1,TOYOTA
TOYOTA,GR86 G,RED,2026,2,TOYOTA
TOYOTA,HI LUX,WHI,2026,1,TOYOTA
TOYOTA,HIACE ,WHI,2025,72,TOYOTA
TOYOTA,HIACE ,WHI,2026,224,TOYOTA
TOYOTA,HILUC ,WHI,2026,1,TOYOTA
TOYOTA,HILUX ,BEI,2025,1,TOYOTA
TOYOTA,HILUX ,BLK,2025,6,TOYOTA
TOYOTA,HILUX ,BLK,2026,36,TOYOTA
TOYOTA,HILUX ,BLU,2026,1,TOYOTA
TOYOTA,HILUX ,GLD,2025,1,TOYOTA
TOYOTA,HILUX ,GLD,2026,6,TOYOTA
TOYOTA,HILUX ,GRY,2025,14,TOYOTA
TOYOTA,HILUX ,GRY,2026,79,TOYOTA
TOYOTA,HILUX ,OGE,2026,6,TOYOTA
TOYOTA,HILUX ,RED,2026,18,TOYOTA
TOYOTA,HILUX ,SIL,2025,17,TOYOTA
TOYOTA,HILUX ,SIL,2026,66,TOYOTA
TOYOTA,HILUX ,WHI,2025,78,TOYOTA
TOYOTA,HILUX ,WHI,2026,347,TOYOTA
TOYOTA,HILUX ,YLW,2026,3,TOYOTA
TOYOTA,HILX D,WHI,2026,1,TOYOTA
TOYOTA,HIUX S,WHI,2026,1,TOYOTA
TOYOTA,KLUGER,BLK,2025,3,TOYOTA
TOYOTA,KLUGER,BLK,2026,13,TOYOTA
TOYOTA,KLUGER,BLU,2025,1,TOYOTA
TOYOTA,KLUGER,BLU,2026,5,TOYOTA
TOYOTA,KLUGER,BRZ,2026,1,TOYOTA
TOYOTA,KLUGER,GRY,2025,6,TOYOTA
TOYOTA,KLUGER,GRY,2026,23,TOYOTA
TOYOTA,KLUGER,SIL,2025,5,TOYOTA
TOYOTA,KLUGER,SIL,2026,7,TOYOTA
TOYOTA,KLUGER,WHI,2025,22,TOYOTA
TOYOTA,KLUGER,WHI,2026,30,TOYOTA
TOYOTA,LANCRU,GRY,2026,1,TOYOTA
TOYOTA,LAND C,SIL,2026,1,TOYOTA
TOYOTA,LAND C,WHI,2026,1,TOYOTA
TOYOTA,LANDCR,BEI,2025,12,TOYOTA
TOYOTA,LANDCR,BEI,2026,2,TOYOTA
TOYOTA,LANDCR,BLK,2025,1,TOYOTA
TOYOTA,LANDCR,BLK,2026,32,TOYOTA
TOYOTA,LANDCR,BLU,2026,1,TOYOTA
TOYOTA,LANDCR,BRZ,2026,20,TOYOTA
TOYOTA,LANDCR,FWN,2026,1,TOYOTA
TOYOTA,LANDCR,GRY,2025,4,TOYOTA
TOYOTA,LANDCR,GRY,2026,47,TOYOTA
TOYOTA,LANDCR,MRN,2026,1,TOYOTA
TOYOTA,LANDCR,RED,2026,4,TOYOTA
TOYOTA,LANDCR,SIL,2025,1,TOYOTA
TOYOTA,LANDCR,SIL,2026,18,TOYOTA
TOYOTA,LANDCR,TAN,2025,1,TOYOTA
TOYOTA,LANDCR,TAN,2026,1,TOYOTA
TOYOTA,LANDCR,WHI,2025,13,TOYOTA
TOYOTA,LANDCR,WHI,2026,116,TOYOTA
TOYOTA,LC 300,GRY,2026,1,TOYOTA
TOYOTA,LC 300,SIL,2025,1,TOYOTA
TOYOTA,LC 300,WHI,2026,3,TOYOTA
TOYOTA,LC 79 ,WHI,2025,1,TOYOTA
TOYOTA,LC MIL,BEI,2025,3,TOYOTA
TOYOTA,LC MIL,BRN,2025,1,TOYOTA
TOYOTA,LC MIL,GRY,2025,1,TOYOTA
TOYOTA,LC MIL,WHI,2025,5,TOYOTA
TOYOTA,LC300 ,BLK,2026,6,TOYOTA
TOYOTA,LC300 ,BRZ,2026,2,TOYOTA
TOYOTA,LC300 ,GRY,2026,15,TOYOTA
TOYOTA,LC300 ,RED,2026,1,TOYOTA
TOYOTA,LC300 ,SIL,2026,2,TOYOTA
TOYOTA,LC300 ,WHI,2026,23,TOYOTA
TOYOTA,LC70  ,BEI,2025,1,TOYOTA
TOYOTA,LC79  ,BEI,2025,1,TOYOTA
TOYOTA,LC79 G,BEI,2025,1,TOYOTA
TOYOTA,LC79 G,WHI,2025,8,TOYOTA
TOYOTA,LC79 W,WHI,2025,1,TOYOTA
TOYOTA,PARDO ,GRY,2026,1,TOYOTA
TOYOTA,PRA   ,WHI,2026,1,TOYOTA
TOYOTA,PRADO ,BEI,2026,4,TOYOTA
TOYOTA,PRADO ,BLK,2026,101,TOYOTA
TOYOTA,PRADO ,BLU,2026,11,TOYOTA
TOYOTA,PRADO ,BRN,2026,3,TOYOTA
TOYOTA,PRADO ,BRZ,2026,86,TOYOTA
TOYOTA,PRADO ,FWN,2026,2,TOYOTA
TOYOTA,PRADO ,GRY,2025,1,TOYOTA
TOYOTA,PRADO ,GRY,2026,29,TOYOTA
TOYOTA,PRADO ,TAN,2026,1,TOYOTA
TOYOTA,PRADO ,WHI,2025,1,TOYOTA
TOYOTA,PRADO ,WHI,2026,165,TOYOTA
TOYOTA,RAV   ,BLK,2026,1,TOYOTA
TOYOTA,RAV   ,BLU,2025,1,TOYOTA
TOYOTA,RAV   ,GRN,2026,1,TOYOTA
TOYOTA,RAV   ,GRY,2026,1,TOYOTA
TOYOTA,RAV   ,WHI,2025,1,TOYOTA
TOYOTA,RAV   ,WHI,2026,2,TOYOTA
TOYOTA,RAV 4 ,BLK,2026,1,TOYOTA
TOYOTA,RAV 4 ,BLU,2026,2,TOYOTA
TOYOTA,RAV 4 ,BRN,2026,2,TOYOTA
TOYOTA,RAV 4 ,BRZ,2026,2,TOYOTA
TOYOTA,RAV 4 ,GRN,2026,2,TOYOTA
TOYOTA,RAV 4 ,GRY,2026,5,TOYOTA
TOYOTA,RAV 4 ,RED,2026,2,TOYOTA
TOYOTA,RAV 4 ,SIL,2025,1,TOYOTA
TOYOTA,RAV 4 ,SIL,2026,1,TOYOTA
TOYOTA,RAV 4 ,WHI,2025,3,TOYOTA
TOYOTA,RAV 4 ,WHI,2026,13,TOYOTA
TOYOTA,RAV4  ,BLK,2025,1,TOYOTA
TOYOTA,RAV4  ,BLK,2026,17,TOYOTA
TOYOTA,RAV4  ,BLU,2025,4,TOYOTA
TOYOTA,RAV4  ,BLU,2026,3,TOYOTA
TOYOTA,RAV4  ,BRN,2026,2,TOYOTA
TOYOTA,RAV4  ,BRZ,2026,15,TOYOTA
TOYOTA,RAV4  ,GRN,2026,9,TOYOTA
TOYOTA,RAV4  ,GRY,2025,3,TOYOTA
TOYOTA,RAV4  ,GRY,2026,59,TOYOTA
TOYOTA,RAV4  ,RED,2025,7,TOYOTA
TOYOTA,RAV4  ,RED,2026,12,TOYOTA
TOYOTA,RAV4  ,SIL,2025,20,TOYOTA
TOYOTA,RAV4  ,SIL,2026,1,TOYOTA
TOYOTA,RAV4  ,WHI,2025,56,TOYOTA
TOYOTA,RAV4  ,WHI,2026,105,TOYOTA
TOYOTA,RAV4 C,BLK,2025,1,TOYOTA
TOYOTA,RAV4 C,BLU,2025,1,TOYOTA
TOYOTA,RAV4 C,BLU,2026,3,TOYOTA
TOYOTA,RAV4 C,BRZ,2026,2,TOYOTA
TOYOTA,RAV4 C,GRN,2026,2,TOYOTA
TOYOTA,RAV4 C,GRY,2025,3,TOYOTA
TOYOTA,RAV4 C,GRY,2026,3,TOYOTA
TOYOTA,RAV4 C,WHI,2026,5,TOYOTA
TOYOTA,RAV4 E,BLK,2026,1,TOYOTA
TOYOTA,RAV4 E,GRN,2026,3,TOYOTA
TOYOTA,RAV4 E,WHI,2026,1,TOYOTA
TOYOTA,RAV4 G,BLK,2026,2,TOYOTA
TOYOTA,RAV4 G,BRN,2026,1,TOYOTA
TOYOTA,RAV4 G,BRZ,2026,1,TOYOTA
TOYOTA,RAV4 G,GRY,2025,1,TOYOTA
TOYOTA,RAV4 G,GRY,2026,3,TOYOTA
TOYOTA,RAV4 G,RED,2026,1,TOYOTA
TOYOTA,RAV4 G,SIL,2026,4,TOYOTA
TOYOTA,RAV4 G,WHI,2025,4,TOYOTA
TOYOTA,RAV4 G,WHI,2026,11,TOYOTA
TOYOTA,RAV4 H,BLK,2026,1,TOYOTA
TOYOTA,RAV4 H,BLU,2025,1,TOYOTA
TOYOTA,RAV4 H,BRZ,2026,2,TOYOTA
TOYOTA,RAV4 H,GRY,2025,2,TOYOTA
TOYOTA,RAV4 H,GRY,2026,5,TOYOTA
TOYOTA,RAV4 H,RED,2025,1,TOYOTA
TOYOTA,RAV4 H,SIL,2025,2,TOYOTA
TOYOTA,RAV4 H,WHI,2025,3,TOYOTA
TOYOTA,RAV4 H,WHI,2026,17,TOYOTA
TOYOTA,RAV4 X,BLU,2026,1,TOYOTA
TOYOTA,RAV4 X,BRZ,2026,1,TOYOTA
TOYOTA,RAV4 X,GRY,2026,3,TOYOTA
TOYOTA,RAV4 X,WHI,2026,2,TOYOTA
TOYOTA,RAVH  ,GRY,2026,1,TOYOTA
TOYOTA,RAVH  ,RED,2026,1,TOYOTA
TOYOTA,RAVH C,BRZ,2026,1,TOYOTA
TOYOTA,RAVH G,GRY,2026,1,TOYOTA
TOYOTA,ROGUE ,WHI,2026,2,TOYOTA
TOYOTA,SUPRA ,GRY,2026,1,TOYOTA
TOYOTA,TOYOTA,WHI,2025,1,TOYOTA
TOYOTA,TUNDRA,BLU,2025,1,TOYOTA
TOYOTA,TUNDRA,GRY,2025,3,TOYOTA
TOYOTA,TUNDRA,KHA,2025,3,TOYOTA
TOYOTA,TUNDRA,RED,2025,2,TOYOTA
TOYOTA,TUNDRA,SIL,2025,3,TOYOTA
TOYOTA,TUNDRA,SIL,2026,1,TOYOTA
TOYOTA,TUNDRA,WHI,2025,7,TOYOTA
TOYOTA,YARIS ,BEI,2025,1,TOYOTA
TOYOTA,YARIS ,BEI,2026,9,TOYOTA
TOYOTA,YARIS ,BLK,2025,1,TOYOTA
TOYOTA,YARIS ,BLK,2026,14,TOYOTA
TOYOTA,YARIS ,BLU,2025,1,TOYOTA
TOYOTA,YARIS ,BLU,2026,17,TOYOTA
TOYOTA,YARIS ,BRN,2026,3,TOYOTA
TOYOTA,YARIS ,BRZ,2026,3,TOYOTA
TOYOTA,YARIS ,GRY,2026,14,TOYOTA
TOYOTA,YARIS ,RED,2026,21,TOYOTA
TOYOTA,YARIS ,SIL,2025,2,TOYOTA
TOYOTA,YARIS ,SIL,2026,40,TOYOTA
TOYOTA,YARIS ,WHI,2025,5,TOYOTA
TOYOTA,YARIS ,WHI,2026,91,TOYOTA
TRIUM ,BOBBER,BLK,2025,1,TRIUMPH
TRIUM ,BONNE ,BLK,2026,1,TRIUMPH
TRIUM ,BONNEV,BLK,2026,1,TRIUMPH
TRIUM ,DAY660,SIL,2026,1,TRIUMPH
TRIUM ,DAYTNA,SIL,2026,1,TRIUMPH
TRIUM ,DC04  ,BLU,2025,1,TRIUMPH
TRIUM ,LA2 TR,WHI,2026,1,TRIUMPH
TRIUM ,SCR400,WHI,2025,1,TRIUMPH
TRIUM ,SPD 3 ,GRY,2025,1,TRIUMPH
TRIUM ,SPE400,BLK,2025,2,TRIUMPH
TRIUM ,SPE400,WHI,2025,1,TRIUMPH
TRIUM ,SPEED ,BLK,2025,2,TRIUMPH
TRIUM ,SPEEDM,BLK,2026,1,TRIUMPH
TRIUM ,SPEEDM,RED,2025,1,TRIUMPH
TRIUM ,SPEEDM,RED,2026,1,TRIUMPH
TRIUM ,STREET,BLK,2025,1,TRIUMPH
TRIUM ,STREET,GRY,2026,2,TRIUMPH
TRIUM ,T010  ,BLK,2025,1,TRIUMPH
TRIUM ,T010  ,RED,2025,1,TRIUMPH
TRIUM ,T010  ,WHI,2025,1,TRIUMPH
TRIUM ,TIGER ,GRY,2025,1,TRIUMPH
TRIUM ,TIGER ,RED,2026,2,TRIUMPH
TRIUM ,TIGER ,WHI,2025,1,TRIUMPH
TRIUM ,TIGERS,BLU,2026,1,TRIUMPH
TRIUM ,TIGERS,SIL,2026,1,TRIUMPH
TRIUM ,TIGSP ,BLU,2026,1,TRIUMPH
TRIUM ,TIGSP ,YLW,2025,1,TRIUMPH
TRIUM ,TRI660,YLW,2026,1,TRIUMPH
TRIUM ,TRIDEN,RED,2026,3,TRIUMPH
TRIUM ,TRIDNT,WHI,2026,1,TRIUMPH
U D   ,CG3036,GRN,2025,2,UD TRUCKS
U D   ,CG3036,GRN,2026,1,UD TRUCKS
U D   ,CG32  ,WHI,2026,1,UD TRUCKS
U D   ,CG3243,WHI,2025,1,UD TRUCKS
U D   ,CW2536,WHI,2025,5,UD TRUCKS
U D   ,CW2536,YLW,2025,1,UD TRUCKS
U D   ,CW2639,WHI,2026,1,UD TRUCKS
U D   ,GW2646,WHI,2026,1,UD TRUCKS
U D   ,PK1730,WHI,2025,1,UD TRUCKS
U LOAD,LG822T,YLW,2026,1,ULOAD
UBCO  ,DUTY  ,RED,2025,50,UBCO
VALTRA,T195D ,WHI,2025,1,VALTRA
VESPA ,GTS150,RED,2025,1,VESPA
VESPA ,GTS300,BLK,2026,1,VESPA
VESPA ,GTS300,GRN,2025,3,VESPA
VESPA ,GTS300,GRN,2026,1,VESPA
VESPA ,GTS300,GRY,2026,1,VESPA
VESPA ,GTV300,BLU,2026,1,VESPA
VESPA ,PRIMAV,WHI,2026,1,VESPA
VOLKS ,AMAROC,BEI,2025,1,VOLKSWAGEN
VOLKS ,AMAROK,BEI,2025,4,VOLKSWAGEN
VOLKS ,AMAROK,BLK,2025,4,VOLKSWAGEN
VOLKS ,AMAROK,BLU,2025,4,VOLKSWAGEN
VOLKS ,AMAROK,GRN,2025,3,VOLKSWAGEN
VOLKS ,AMAROK,GRN,2026,1,VOLKSWAGEN
VOLKS ,AMAROK,GRY,2025,7,VOLKSWAGEN
VOLKS ,AMAROK,GRY,2026,3,VOLKSWAGEN
VOLKS ,AMAROK,SIL,2025,5,VOLKSWAGEN
VOLKS ,AMAROK,SIL,2026,1,VOLKSWAGEN
VOLKS ,AMAROK,WHI,2025,20,VOLKSWAGEN
VOLKS ,AMAROK,WHI,2026,2,VOLKSWAGEN
VOLKS ,BUZZ  ,BLK,2025,1,VOLKSWAGEN
VOLKS ,BUZZ  ,GRN,2025,1,VOLKSWAGEN
VOLKS ,CADDY ,BLK,2025,1,VOLKSWAGEN
VOLKS ,CADDY ,GRY,2025,1,VOLKSWAGEN
VOLKS ,CADDY ,GRY,2026,1,VOLKSWAGEN
VOLKS ,CADDY ,OGE,2025,1,VOLKSWAGEN
VOLKS ,CADDY ,WHI,2025,9,VOLKSWAGEN
VOLKS ,CADDY ,WHI,2026,2,VOLKSWAGEN
VOLKS ,CRAFTE,WHI,2025,2,VOLKSWAGEN
VOLKS ,CRAFTE,WHI,2026,6,VOLKSWAGEN
VOLKS ,ETRANS,WHI,2026,2,VOLKSWAGEN
VOLKS ,GOLF  ,BLK,2025,1,VOLKSWAGEN
VOLKS ,GOLF  ,BLK,2026,4,VOLKSWAGEN
VOLKS ,GOLF  ,BLU,2025,4,VOLKSWAGEN
VOLKS ,GOLF  ,BLU,2026,3,VOLKSWAGEN
VOLKS ,GOLF  ,GRY,2025,2,VOLKSWAGEN
VOLKS ,GOLF  ,GRY,2026,6,VOLKSWAGEN
VOLKS ,GOLF  ,SIL,2026,1,VOLKSWAGEN
VOLKS ,GOLF  ,WHI,2025,2,VOLKSWAGEN
VOLKS ,GOLF  ,WHI,2026,6,VOLKSWAGEN
VOLKS ,GOLF G,BLK,2025,1,VOLKSWAGEN
VOLKS ,GOLF R,GRY,2026,1,VOLKSWAGEN
VOLKS ,GOLF R,WHI,2026,1,VOLKSWAGEN
VOLKS ,ID 4  ,BLK,2025,1,VOLKSWAGEN
VOLKS ,ID 4  ,BLU,2025,8,VOLKSWAGEN
VOLKS ,ID 4  ,GRY,2025,6,VOLKSWAGEN
VOLKS ,ID 4  ,SIL,2025,1,VOLKSWAGEN
VOLKS ,ID 4  ,SIL,2026,1,VOLKSWAGEN
VOLKS ,ID 4  ,WHI,2025,4,VOLKSWAGEN
VOLKS ,ID 4  ,WHI,2026,1,VOLKSWAGEN
VOLKS ,ID 4 P,BLU,2025,1,VOLKSWAGEN
VOLKS ,ID 4 P,GRY,2025,1,VOLKSWAGEN
VOLKS ,ID 5  ,BLK,2026,1,VOLKSWAGEN
VOLKS ,ID 5  ,GRY,2025,4,VOLKSWAGEN
VOLKS ,ID 5  ,RED,2025,1,VOLKSWAGEN
VOLKS ,ID 5  ,WHI,2025,2,VOLKSWAGEN
VOLKS ,ID 5 G,BLU,2025,1,VOLKSWAGEN
VOLKS ,ID BUZ,BLK,2025,1,VOLKSWAGEN
VOLKS ,ID BUZ,BLU,2025,1,VOLKSWAGEN
VOLKS ,ID BUZ,GRN,2025,2,VOLKSWAGEN
VOLKS ,ID BUZ,SIL,2025,4,VOLKSWAGEN
VOLKS ,ID BUZ,WHI,2025,6,VOLKSWAGEN
VOLKS ,ID4   ,BLK,2025,1,VOLKSWAGEN
VOLKS ,ID4   ,BLU,2025,3,VOLKSWAGEN
VOLKS ,ID4   ,BLU,2026,1,VOLKSWAGEN
VOLKS ,ID4   ,GRY,2025,5,VOLKSWAGEN
VOLKS ,ID4   ,SIL,2025,2,VOLKSWAGEN
VOLKS ,ID4   ,WHI,2025,5,VOLKSWAGEN
VOLKS ,ID4 GT,BLK,2025,1,VOLKSWAGEN
VOLKS ,ID4 GT,SIL,2025,1,VOLKSWAGEN
VOLKS ,ID4 PR,GRY,2025,1,VOLKSWAGEN
VOLKS ,ID5   ,BLK,2025,1,VOLKSWAGEN
VOLKS ,ID5   ,BLU,2025,1,VOLKSWAGEN
VOLKS ,ID5   ,GRY,2025,1,VOLKSWAGEN
VOLKS ,ID5   ,RED,2025,1,VOLKSWAGEN
VOLKS ,ID5   ,WHI,2025,1,VOLKSWAGEN
VOLKS ,ID5 GT,WHI,2025,1,VOLKSWAGEN
VOLKS ,ID5 PR,BLK,2025,1,VOLKSWAGEN
VOLKS ,ID5 PR,WHI,2025,1,VOLKSWAGEN
VOLKS ,IDBUZZ,BLU,2025,1,VOLKSWAGEN
VOLKS ,IDBUZZ,WHI,2025,2,VOLKSWAGEN
VOLKS ,JRVX  ,WHI,2025,1,VOLKSWAGEN
VOLKS ,MULTIV,BLK,2026,2,VOLKSWAGEN
VOLKS ,MULTIV,OGE,2026,1,VOLKSWAGEN
VOLKS ,MULTIV,SIL,2026,1,VOLKSWAGEN
VOLKS ,MULTIV,WHI,2026,2,VOLKSWAGEN
VOLKS ,MY26  ,WHI,2026,1,VOLKSWAGEN
VOLKS ,POLO  ,BLK,2025,2,VOLKSWAGEN
VOLKS ,POLO  ,BLU,2025,1,VOLKSWAGEN
VOLKS ,POLO  ,GRY,2025,1,VOLKSWAGEN
VOLKS ,POLO  ,GRY,2026,1,VOLKSWAGEN
VOLKS ,POLO  ,SIL,2025,1,VOLKSWAGEN
VOLKS ,POLO  ,WHI,2025,3,VOLKSWAGEN
VOLKS ,POLO  ,WHI,2026,2,VOLKSWAGEN
VOLKS ,T CROS,GRY,2025,4,VOLKSWAGEN
VOLKS ,T CROS,SIL,2025,2,VOLKSWAGEN
VOLKS ,T CROS,WHI,2025,13,VOLKSWAGEN
VOLKS ,T ROC ,BLK,2025,3,VOLKSWAGEN
VOLKS ,T ROC ,BLU,2025,3,VOLKSWAGEN
VOLKS ,T ROC ,CRM,2025,2,VOLKSWAGEN
VOLKS ,T ROC ,GRY,2025,5,VOLKSWAGEN
VOLKS ,T ROC ,GRY,2026,1,VOLKSWAGEN
VOLKS ,T ROC ,RED,2025,1,VOLKSWAGEN
VOLKS ,T ROC ,SIL,2026,1,VOLKSWAGEN
VOLKS ,T ROC ,WHI,2025,8,VOLKSWAGEN
VOLKS ,T ROC ,WHI,2026,1,VOLKSWAGEN
VOLKS ,TARON ,PUR,2025,1,VOLKSWAGEN
VOLKS ,TAVASC,GRY,2026,1,VOLKSWAGEN
VOLKS ,TAYRON,BLK,2025,7,VOLKSWAGEN
VOLKS ,TAYRON,BLK,2026,4,VOLKSWAGEN
VOLKS ,TAYRON,BLU,2025,3,VOLKSWAGEN
VOLKS ,TAYRON,GRY,2025,4,VOLKSWAGEN
VOLKS ,TAYRON,GRY,2026,6,VOLKSWAGEN
VOLKS ,TAYRON,PUR,2026,1,VOLKSWAGEN
VOLKS ,TAYRON,SIL,2025,5,VOLKSWAGEN
VOLKS ,TAYRON,SIL,2026,2,VOLKSWAGEN
VOLKS ,TAYRON,WHI,2025,12,VOLKSWAGEN
VOLKS ,TAYRON,WHI,2026,5,VOLKSWAGEN
VOLKS ,TCROSS,BLK,2025,1,VOLKSWAGEN
VOLKS ,TCROSS,BLU,2025,4,VOLKSWAGEN
VOLKS ,TCROSS,GRY,2025,4,VOLKSWAGEN
VOLKS ,TCROSS,SIL,2025,1,VOLKSWAGEN
VOLKS ,TIGUAN,BLK,2025,4,VOLKSWAGEN
VOLKS ,TIGUAN,BLK,2026,3,VOLKSWAGEN
VOLKS ,TIGUAN,BLU,2025,3,VOLKSWAGEN
VOLKS ,TIGUAN,BLU,2026,2,VOLKSWAGEN
VOLKS ,TIGUAN,GRN,2026,2,VOLKSWAGEN
VOLKS ,TIGUAN,GRY,2025,2,VOLKSWAGEN
VOLKS ,TIGUAN,GRY,2026,3,VOLKSWAGEN
VOLKS ,TIGUAN,RED,2026,1,VOLKSWAGEN
VOLKS ,TIGUAN,SIL,2025,4,VOLKSWAGEN
VOLKS ,TIGUAN,WHI,2025,10,VOLKSWAGEN
VOLKS ,TIGUAN,WHI,2026,6,VOLKSWAGEN
VOLKS ,TOUARE,BLK,2026,1,VOLKSWAGEN
VOLKS ,TOUARE,BLU,2026,2,VOLKSWAGEN
VOLKS ,TOUARE,GRY,2026,2,VOLKSWAGEN
VOLKS ,TOUARE,RED,2025,1,VOLKSWAGEN
VOLKS ,TOUARE,SIL,2025,1,VOLKSWAGEN
VOLKS ,TOUARE,WHI,2025,2,VOLKSWAGEN
VOLKS ,TOUARE,WHI,2026,4,VOLKSWAGEN
VOLKS ,TRANSP,BLK,2025,1,VOLKSWAGEN
VOLKS ,TRANSP,GRY,2025,2,VOLKSWAGEN
VOLKS ,TRANSP,WHI,2025,11,VOLKSWAGEN
VOLKS ,TROC  ,BLK,2025,3,VOLKSWAGEN
VOLKS ,TROC  ,BLU,2025,2,VOLKSWAGEN
VOLKS ,TROC  ,GRY,2025,6,VOLKSWAGEN
VOLKS ,TROC  ,RED,2025,1,VOLKSWAGEN
VOLKS ,TROC  ,SIL,2025,1,VOLKSWAGEN
VOLKS ,TROC  ,WHI,2025,4,VOLKSWAGEN
VOLKS ,TROC  ,WHI,2026,1,VOLKSWAGEN
VOLKS ,TROC C,WHI,2025,1,VOLKSWAGEN
VOLKS ,TROC R,BLK,2025,1,VOLKSWAGEN
VOLKS ,TROC S,GRY,2025,1,VOLKSWAGEN
VOLVO ,B11R  ,WHI,2025,1,VOLVO
VOLVO ,B13R E,GRN,2026,1,VOLVO
VOLVO ,B8R   ,WHI,2026,3,VOLVO
VOLVO ,B8R E6,WHI,2026,1,VOLVO
VOLVO ,CX90  ,SIL,2026,1,VOLVO
VOLVO ,ES90  ,BLU,2026,2,VOLVO
VOLVO ,ES90  ,GRY,2026,1,VOLVO
VOLVO ,ES90  ,RED,2026,1,VOLVO
VOLVO ,ES90  ,WHI,2026,1,VOLVO
VOLVO ,EX30  ,BEI,2025,1,VOLVO
VOLVO ,EX30  ,BEI,2026,1,VOLVO
VOLVO ,EX30  ,BLK,2025,1,VOLVO
VOLVO ,EX30  ,BLK,2026,2,VOLVO
VOLVO ,EX30  ,BLU,2025,2,VOLVO
VOLVO ,EX30  ,BLU,2026,4,VOLVO
VOLVO ,EX30  ,GLD,2026,1,VOLVO
VOLVO ,EX30  ,GRY,2025,1,VOLVO
VOLVO ,EX30  ,GRY,2026,3,VOLVO
VOLVO ,EX30  ,WHI,2025,2,VOLVO
VOLVO ,EX30  ,WHI,2026,4,VOLVO
VOLVO ,EX30 C,GRY,2025,1,VOLVO
VOLVO ,EX30 C,WHI,2025,2,VOLVO
VOLVO ,EX30CC,BEI,2025,1,VOLVO
VOLVO ,EX40  ,BEI,2026,2,VOLVO
VOLVO ,EX40  ,BLK,2026,2,VOLVO
VOLVO ,EX40  ,BLU,2026,6,VOLVO
VOLVO ,EX40  ,GRN,2026,5,VOLVO
VOLVO ,EX40  ,GRY,2026,2,VOLVO
VOLVO ,EX40  ,SIL,2025,1,VOLVO
VOLVO ,EX40  ,SIL,2026,1,VOLVO
VOLVO ,EX40  ,WHI,2025,2,VOLVO
VOLVO ,EX40  ,WHI,2026,4,VOLVO
VOLVO ,EX90  ,BEI,2025,2,VOLVO
VOLVO ,EX90  ,BEI,2026,1,VOLVO
VOLVO ,EX90  ,BLK,2026,1,VOLVO
VOLVO ,EX90  ,BLU,2026,2,VOLVO
VOLVO ,EX90  ,GLD,2026,1,VOLVO
VOLVO ,EX90  ,MRN,2026,2,VOLVO
VOLVO ,EX90  ,SIL,2025,1,VOLVO
VOLVO ,EX90  ,WHI,2025,2,VOLVO
VOLVO ,FE    ,WHI,2025,2,VOLVO
VOLVO ,FE    ,WHI,2026,1,VOLVO
VOLVO ,FE320 ,WHI,2025,1,VOLVO
VOLVO ,FE350 ,WHI,2025,1,VOLVO
VOLVO ,FE8   ,WHI,2025,1,VOLVO
VOLVO ,FH    ,RED,2025,1,VOLVO
VOLVO ,FH    ,WHI,2025,1,VOLVO
VOLVO ,FH    ,WHI,2026,3,VOLVO
VOLVO ,FH16  ,BLU,2025,2,VOLVO
VOLVO ,FH16  ,WHI,2025,5,VOLVO
VOLVO ,FH780 ,WHI,2025,1,VOLVO
VOLVO ,FM    ,BLK,2025,1,VOLVO
VOLVO ,FM    ,OGE,2026,1,VOLVO
VOLVO ,FM    ,RED,2025,1,VOLVO
VOLVO ,FM    ,WHI,2025,4,VOLVO
VOLVO ,FM    ,WHI,2026,3,VOLVO
VOLVO ,FM11  ,BLU,2025,1,VOLVO
VOLVO ,FM410 ,WHI,2025,2,VOLVO
VOLVO ,FM500 ,WHI,2025,3,VOLVO
VOLVO ,FMX   ,WHI,2026,2,VOLVO
VOLVO ,XC40  ,BEI,2026,1,VOLVO
VOLVO ,XC40  ,BLK,2025,2,VOLVO
VOLVO ,XC40  ,BLK,2026,3,VOLVO
VOLVO ,XC40  ,BLU,2025,1,VOLVO
VOLVO ,XC40  ,BLU,2026,10,VOLVO
VOLVO ,XC40  ,GLD,2026,3,VOLVO
VOLVO ,XC40  ,GRN,2026,13,VOLVO
VOLVO ,XC40  ,GRY,2025,2,VOLVO
VOLVO ,XC40  ,GRY,2026,9,VOLVO
VOLVO ,XC40  ,SIL,2025,5,VOLVO
VOLVO ,XC40  ,SIL,2026,7,VOLVO
VOLVO ,XC40  ,WHI,2025,3,VOLVO
VOLVO ,XC40  ,WHI,2026,12,VOLVO
VOLVO ,XC60  ,BEI,2026,1,VOLVO
VOLVO ,XC60  ,BLK,2025,1,VOLVO
VOLVO ,XC60  ,BLK,2026,9,VOLVO
VOLVO ,XC60  ,BLU,2025,2,VOLVO
VOLVO ,XC60  ,BLU,2026,5,VOLVO
VOLVO ,XC60  ,GLD,2026,3,VOLVO
VOLVO ,XC60  ,GRN,2025,2,VOLVO
VOLVO ,XC60  ,GRN,2026,10,VOLVO
VOLVO ,XC60  ,GRY,2025,4,VOLVO
VOLVO ,XC60  ,GRY,2026,8,VOLVO
VOLVO ,XC60  ,RED,2025,1,VOLVO
VOLVO ,XC60  ,RED,2026,1,VOLVO
VOLVO ,XC60  ,SIL,2025,2,VOLVO
VOLVO ,XC60  ,SIL,2026,7,VOLVO
VOLVO ,XC60  ,WHI,2025,2,VOLVO
VOLVO ,XC60  ,WHI,2026,7,VOLVO
VOLVO ,XC90  ,BEI,2026,1,VOLVO
VOLVO ,XC90  ,BLK,2025,1,VOLVO
VOLVO ,XC90  ,BLK,2026,3,VOLVO
VOLVO ,XC90  ,BLU,2025,2,VOLVO
VOLVO ,XC90  ,BLU,2026,2,VOLVO
VOLVO ,XC90  ,GLD,2026,1,VOLVO
VOLVO ,XC90  ,GRY,2025,5,VOLVO
VOLVO ,XC90  ,GRY,2026,4,VOLVO
VOLVO ,XC90  ,MRN,2026,1,VOLVO
VOLVO ,XC90  ,SIL,2025,1,VOLVO
VOLVO ,XC90  ,SIL,2026,3,VOLVO
VOLVO ,XC90  ,WHI,2025,4,VOLVO
VOLVO ,XC90  ,WHI,2026,2,VOLVO
VULCAN,CPCJ25,OGE,2026,1,VULCAN
W NEUS,TIGGO ,WHI,2025,1,WACKER NEUSON
W NEUS,WRX   ,BLU,2025,1,WACKER NEUSON
XPENG ,G6    ,BLK,2025,2,XPENG
XPENG ,G6    ,GRY,2025,2,XPENG
XPENG ,G6    ,SIL,2025,3,XPENG
XPENG ,G6    ,SIL,2026,1,XPENG
XPENG ,G6    ,WHI,2025,4,XPENG
XPENG ,XPENG ,SIL,2025,1,XPENG
YAMAHA,AG200 ,BLU,2025,1,YAMAHA
YAMAHA,AG200 ,BLU,2026,2,YAMAHA
YAMAHA,CZD300,BLU,2025,1,YAMAHA
YAMAHA,CZD300,GRY,2025,4,YAMAHA
YAMAHA,FJR130,BLU,2025,1,YAMAHA
YAMAHA,GPD150,GRY,2026,1,YAMAHA
YAMAHA,GPD155,BLU,2025,1,YAMAHA
YAMAHA,GPD155,GRY,2026,4,YAMAHA
YAMAHA,GPD155,SIL,2026,2,YAMAHA
YAMAHA,LTS125,BLK,2025,1,YAMAHA
YAMAHA,MT03  ,BLK,2025,2,YAMAHA
YAMAHA,MT03  ,GRY,2025,1,YAMAHA
YAMAHA,MT03  ,GRY,2026,1,YAMAHA
YAMAHA,MT07  ,BLK,2025,1,YAMAHA
YAMAHA,MT07HO,BLK,2025,1,YAMAHA
YAMAHA,MT07LA,BLK,2025,4,YAMAHA
YAMAHA,MT07LA,BLU,2025,3,YAMAHA
YAMAHA,MT07LA,GRY,2025,1,YAMAHA
YAMAHA,MT07LA,SIL,2025,1,YAMAHA
YAMAHA,MT07TR,BLK,2025,1,YAMAHA
YAMAHA,MT09  ,SIL,2025,1,YAMAHA
YAMAHA,MT09  ,SIL,2026,1,YAMAHA
YAMAHA,MT09A ,BLK,2026,1,YAMAHA
YAMAHA,MT09AS,SIL,2025,3,YAMAHA
YAMAHA,MT09TR,BLK,2026,3,YAMAHA
YAMAHA,MT09TR,BLU,2026,1,YAMAHA
YAMAHA,MT10A ,BLU,2025,1,YAMAHA
YAMAHA,MT10SP,SIL,2025,1,YAMAHA
YAMAHA,MTM660,BLU,2025,1,YAMAHA
YAMAHA,MTM660,WHI,2025,1,YAMAHA
YAMAHA,MTM890,BLK,2025,1,YAMAHA
YAMAHA,MTM890,BLK,2026,1,YAMAHA
YAMAHA,TTR110,BLU,2026,1,YAMAHA
YAMAHA,TTR125,BLU,2025,1,YAMAHA
YAMAHA,WR250F,BLU,2025,3,YAMAHA
YAMAHA,WR450F,BLU,2025,5,YAMAHA
YAMAHA,WR450F,BLU,2026,1,YAMAHA
YAMAHA,XSR900,BLK,2026,1,YAMAHA
YAMAHA,XTZ690,BLK,2025,1,YAMAHA
YAMAHA,XTZ690,BLK,2026,1,YAMAHA
YAMAHA,XTZ690,BLU,2025,3,YAMAHA
YAMAHA,XTZ690,GRY,2025,1,YAMAHA
YAMAHA,XTZ690,GRY,2026,3,YAMAHA
YAMAHA,YZ125X,BLU,2026,1,YAMAHA
YAMAHA,YZ250 ,BLU,2026,1,YAMAHA
YAMAHA,YZ250F,BLU,2025,1,YAMAHA
YAMAHA,YZFR1M,BLK,2026,1,YAMAHA
YAMAHA,YZFR3A,BLK,2025,9,YAMAHA
YAMAHA,YZFR3A,BLU,2025,3,YAMAHA
YAMAHA,YZFR3A,WHI,2025,7,YAMAHA
YAMAHA,YZFR7H,BLU,2025,1,YAMAHA
YAMAHA,YZFR7L,BLK,2025,4,YAMAHA
YAMAHA,YZFR7L,BLU,2025,2,YAMAHA
YAMAHA,YZFR9S,RED,2026,1,YAMAHA
YAMAHA,YZFR9S,WHI,2025,1,YAMAHA
YAMAHA,YZFR9T,BLK,2026,1,YAMAHA
ZEEKR ,009   ,BLK,2025,3,ZEEKR
ZEEKR ,009   ,BLK,2026,1,ZEEKR
ZEEKR ,009 6 ,BLK,2025,1,ZEEKR
ZEEKR ,7X    ,BLK,2026,34,ZEEKR
ZEEKR ,7X    ,BLU,2026,26,ZEEKR
ZEEKR ,7X    ,GRN,2026,89,ZEEKR
ZEEKR ,7X    ,GRY,2026,74,ZEEKR
ZEEKR ,7X    ,WHI,2026,36,ZEEKR
ZEEKR ,7X LON,BLK,2026,1,ZEEKR
ZEEKR ,7X LON,BLU,2026,1,ZEEKR
ZEEKR ,7X PER,BLK,2026,1,ZEEKR
ZEEKR ,7X PER,GRN,2026,1,ZEEKR
ZEEKR ,7X PER,WHI,2026,1,ZEEKR
ZEEKR ,7X RWD,BLU,2025,1,ZEEKR
ZEEKR ,7X RWD,WHI,2026,1,ZEEKR
ZEEKR ,X     ,GRY,2025,1,ZEEKR
ZEEKR ,X     ,WHI,2025,1,ZEEKR
ZEEKR ,X AWD ,GRY,2025,2,ZEEKR
